cell_names,drug_names,area_under_dose_curve
OVK18,(-)-gallocatechin-3-monogallate,0.52
WSUDLCL2,(-)-gallocatechin-3-monogallate,0.718
NCIH1105,(-)-gallocatechin-3-monogallate,0.746
SUDHL5,(-)-gallocatechin-3-monogallate,0.96
COV434,(-)-gallocatechin-3-monogallate,1.212
SNUC5,(-)-gallocatechin-3-monogallate,1.451
SUDHL4,(-)-gallocatechin-3-monogallate,1.562
NCIH1963,(-)-gallocatechin-3-monogallate,1.647
KMS11,(-)-gallocatechin-3-monogallate,1.696
PL21,(-)-gallocatechin-3-monogallate,1.732
OVCAR8,(-)-gallocatechin-3-monogallate,2.056
SCLC21H,(-)-gallocatechin-3-monogallate,2.287
OVCAR4,(-)-gallocatechin-3-monogallate,2.69
GDM1,(-)-gallocatechin-3-monogallate,2.707
CAL12T,(-)-gallocatechin-3-monogallate,2.743
MCF7,(-)-gallocatechin-3-monogallate,2.93
NUDUL1,(-)-gallocatechin-3-monogallate,3.043
CORL51,(-)-gallocatechin-3-monogallate,3.186
CORL23,(-)-gallocatechin-3-monogallate,3.207
COLO320,(-)-gallocatechin-3-monogallate,3.317
RKO,(-)-gallocatechin-3-monogallate,3.339
HCT116,(-)-gallocatechin-3-monogallate,3.341
KM12,(-)-gallocatechin-3-monogallate,3.521
OVKATE,(-)-gallocatechin-3-monogallate,3.573
OCIAML3,(-)-gallocatechin-3-monogallate,3.69
NCIH1694,(-)-gallocatechin-3-monogallate,3.913
HCC1359,(-)-gallocatechin-3-monogallate,3.928
A2780,(-)-gallocatechin-3-monogallate,4.009
HCC15,(-)-gallocatechin-3-monogallate,4.06
NCIH3255,(-)-gallocatechin-3-monogallate,4.068
NCIH441,(-)-gallocatechin-3-monogallate,4.218
SNU840,(-)-gallocatechin-3-monogallate,4.24
CW2,(-)-gallocatechin-3-monogallate,4.271
A375,(-)-gallocatechin-3-monogallate,4.551
COV644,(-)-gallocatechin-3-monogallate,4.609
HCC2108,(-)-gallocatechin-3-monogallate,4.707
SNU398,(-)-gallocatechin-3-monogallate,4.752
SKM1,(-)-gallocatechin-3-monogallate,4.851
NOMO1,(-)-gallocatechin-3-monogallate,4.915
HEC151,(-)-gallocatechin-3-monogallate,4.981
LS123,(-)-gallocatechin-3-monogallate,4.982
LP1,(-)-gallocatechin-3-monogallate,5.003
SNU81,(-)-gallocatechin-3-monogallate,5.026
LN229,(-)-gallocatechin-3-monogallate,5.03
RMUGS,(-)-gallocatechin-3-monogallate,5.048
TYKNU,(-)-gallocatechin-3-monogallate,5.061
NCIH1755,(-)-gallocatechin-3-monogallate,5.065
HCC2935,(-)-gallocatechin-3-monogallate,5.066
NCIH596,(-)-gallocatechin-3-monogallate,5.126
RCC10RGB,(-)-gallocatechin-3-monogallate,5.128
SKLU1,(-)-gallocatechin-3-monogallate,5.144
NCIH2110,(-)-gallocatechin-3-monogallate,5.154
NCIH508,(-)-gallocatechin-3-monogallate,5.175
MDST8,(-)-gallocatechin-3-monogallate,5.183
SW948,(-)-gallocatechin-3-monogallate,5.191
NCIH1876,(-)-gallocatechin-3-monogallate,5.194
IGROV1,(-)-gallocatechin-3-monogallate,5.202
JHOM1,(-)-gallocatechin-3-monogallate,5.207
COLO678,(-)-gallocatechin-3-monogallate,5.265
LOVO,(-)-gallocatechin-3-monogallate,5.292
HCC1833,(-)-gallocatechin-3-monogallate,5.294
T3M10,(-)-gallocatechin-3-monogallate,5.3
CAOV3,(-)-gallocatechin-3-monogallate,5.304
SQ1,(-)-gallocatechin-3-monogallate,5.313
NCIH2172,(-)-gallocatechin-3-monogallate,5.327
HT1080,(-)-gallocatechin-3-monogallate,5.355
NCIH2342,(-)-gallocatechin-3-monogallate,5.356
NCIH2023,(-)-gallocatechin-3-monogallate,5.368
SNU1040,(-)-gallocatechin-3-monogallate,5.369
RPMI8226,(-)-gallocatechin-3-monogallate,5.387
RCM1,(-)-gallocatechin-3-monogallate,5.437
NCIH2122,(-)-gallocatechin-3-monogallate,5.454
U937,(-)-gallocatechin-3-monogallate,5.463
SNU61,(-)-gallocatechin-3-monogallate,5.465
LS180,(-)-gallocatechin-3-monogallate,5.509
OV90,(-)-gallocatechin-3-monogallate,5.51
SKMEL5,(-)-gallocatechin-3-monogallate,5.532
EFO27,(-)-gallocatechin-3-monogallate,5.544
SW620,(-)-gallocatechin-3-monogallate,5.563
MOLM16,(-)-gallocatechin-3-monogallate,5.606
JHUEM2,(-)-gallocatechin-3-monogallate,5.612
THP1,(-)-gallocatechin-3-monogallate,5.62
HT115,(-)-gallocatechin-3-monogallate,5.626
AMO1,(-)-gallocatechin-3-monogallate,5.628
OCILY10,(-)-gallocatechin-3-monogallate,5.631
HCC827,(-)-gallocatechin-3-monogallate,5.634
SNU175,(-)-gallocatechin-3-monogallate,5.646
HCC4006,(-)-gallocatechin-3-monogallate,5.651
HT29,(-)-gallocatechin-3-monogallate,5.655
OV7,(-)-gallocatechin-3-monogallate,5.655
NCIH1781,(-)-gallocatechin-3-monogallate,5.66
HCC1195,(-)-gallocatechin-3-monogallate,5.684
SKMEL1,(-)-gallocatechin-3-monogallate,5.691
EJM,(-)-gallocatechin-3-monogallate,5.712
SW480,(-)-gallocatechin-3-monogallate,5.718
NCIH460,(-)-gallocatechin-3-monogallate,5.774
NCIH841,(-)-gallocatechin-3-monogallate,5.781
RKN,(-)-gallocatechin-3-monogallate,5.858
NCIH2030,(-)-gallocatechin-3-monogallate,5.861
RMGI,(-)-gallocatechin-3-monogallate,5.903
JHOC5,(-)-gallocatechin-3-monogallate,5.908
HCT8,(-)-gallocatechin-3-monogallate,6.017
NCIH2141,(-)-gallocatechin-3-monogallate,6.037
NCIH2081,(-)-gallocatechin-3-monogallate,6.061
NCIH1836,(-)-gallocatechin-3-monogallate,6.116
SCC9,(-)-gallocatechin-3-monogallate,6.128
HT55,(-)-gallocatechin-3-monogallate,6.167
HEPG2,(-)-gallocatechin-3-monogallate,6.214
COV362,(-)-gallocatechin-3-monogallate,6.219
AGS,(-)-gallocatechin-3-monogallate,6.258
CL34,(-)-gallocatechin-3-monogallate,6.275
CL40,(-)-gallocatechin-3-monogallate,6.387
OAW42,(-)-gallocatechin-3-monogallate,6.705
SNUC4,(-)-gallocatechin-3-monogallate,6.808
SKMEL28,(-)-gallocatechin-3-monogallate,6.817
RT4,16-beta-bromoandrosterone,2.723
NCIH2029,16-beta-bromoandrosterone,3.635
NCIH1963,16-beta-bromoandrosterone,3.697
OVKATE,16-beta-bromoandrosterone,3.709
CORL51,16-beta-bromoandrosterone,3.747
SKM1,16-beta-bromoandrosterone,3.771
KE97,16-beta-bromoandrosterone,3.886
KMS11,16-beta-bromoandrosterone,3.943
GDM1,16-beta-bromoandrosterone,3.966
NOMO1,16-beta-bromoandrosterone,3.99
KU812,16-beta-bromoandrosterone,4.109
SW48,16-beta-bromoandrosterone,4.117
SUDHL5,16-beta-bromoandrosterone,4.118
LS513,16-beta-bromoandrosterone,4.127
SHP77,16-beta-bromoandrosterone,4.15
OVCAR8,16-beta-bromoandrosterone,4.187
OCIAML3,16-beta-bromoandrosterone,4.192
OVCAR4,16-beta-bromoandrosterone,4.278
NCIH23,16-beta-bromoandrosterone,4.347
G401,16-beta-bromoandrosterone,4.391
NCIH810,16-beta-bromoandrosterone,4.479
PL21,16-beta-bromoandrosterone,4.506
MFE319,16-beta-bromoandrosterone,4.52
HT1376,16-beta-bromoandrosterone,4.551
NCIH1048,16-beta-bromoandrosterone,4.561
LP1,16-beta-bromoandrosterone,4.662
NCIH1568,16-beta-bromoandrosterone,4.673
NCIH1836,16-beta-bromoandrosterone,4.727
HT,16-beta-bromoandrosterone,4.797
NCIH1694,16-beta-bromoandrosterone,4.803
HEC151,16-beta-bromoandrosterone,4.807
NCIH522,16-beta-bromoandrosterone,4.821
NCIH1299,16-beta-bromoandrosterone,4.826
SNU398,16-beta-bromoandrosterone,4.827
COLO205,16-beta-bromoandrosterone,4.957
NCIH28,16-beta-bromoandrosterone,4.958
NCIH1876,16-beta-bromoandrosterone,4.979
MSTO211H,16-beta-bromoandrosterone,4.981
RMUGS,16-beta-bromoandrosterone,5.03
KYSE140,16-beta-bromoandrosterone,5.073
OVK18,16-beta-bromoandrosterone,5.095
COV434,16-beta-bromoandrosterone,5.137
LU99,16-beta-bromoandrosterone,5.151
SCLC21H,16-beta-bromoandrosterone,5.158
NCIH2081,16-beta-bromoandrosterone,5.182
CORL88,16-beta-bromoandrosterone,5.206
NCIH661,16-beta-bromoandrosterone,5.227
CHAGOK1,16-beta-bromoandrosterone,5.251
QGP1,16-beta-bromoandrosterone,5.284
WSUDLCL2,16-beta-bromoandrosterone,5.292
U937,16-beta-bromoandrosterone,5.33
NCIH2342,16-beta-bromoandrosterone,5.331
RMGI,16-beta-bromoandrosterone,5.34
LCLC97TM1,16-beta-bromoandrosterone,5.351
HEC251,16-beta-bromoandrosterone,5.357
NCIH358,16-beta-bromoandrosterone,5.363
DLD1,16-beta-bromoandrosterone,5.367
THP1,16-beta-bromoandrosterone,5.375
NCIH2110,16-beta-bromoandrosterone,5.381
RPMI8226,16-beta-bromoandrosterone,5.389
BL70,16-beta-bromoandrosterone,5.394
HSC2,16-beta-bromoandrosterone,5.395
SNUC5,16-beta-bromoandrosterone,5.404
P3HR1,16-beta-bromoandrosterone,5.418
NCIH82,16-beta-bromoandrosterone,5.437
CORL279,16-beta-bromoandrosterone,5.44
CW2,16-beta-bromoandrosterone,5.443
GP2D,16-beta-bromoandrosterone,5.454
KP3,16-beta-bromoandrosterone,5.455
COLO741,16-beta-bromoandrosterone,5.496
VMRCLCD,16-beta-bromoandrosterone,5.551
HEC265,16-beta-bromoandrosterone,5.557
G361,16-beta-bromoandrosterone,5.577
EBC1,16-beta-bromoandrosterone,5.595
NCIH1975,16-beta-bromoandrosterone,5.604
HCC78,16-beta-bromoandrosterone,5.611
SNU175,16-beta-bromoandrosterone,5.619
SNU81,16-beta-bromoandrosterone,5.623
COLO668,16-beta-bromoandrosterone,5.631
JHOC5,16-beta-bromoandrosterone,5.65
HEC6,16-beta-bromoandrosterone,5.676
HCC33,16-beta-bromoandrosterone,5.702
NCIH1930,16-beta-bromoandrosterone,5.702
NCIH1373,16-beta-bromoandrosterone,5.747
NCIH1573,16-beta-bromoandrosterone,5.751
NCIH841,16-beta-bromoandrosterone,5.754
NCIH2009,16-beta-bromoandrosterone,5.763
MOLM16,16-beta-bromoandrosterone,5.801
LS180,16-beta-bromoandrosterone,5.807
NCIH1105,16-beta-bromoandrosterone,5.81
DMS273,16-beta-bromoandrosterone,5.815
HCT116,16-beta-bromoandrosterone,5.871
NCIH727,16-beta-bromoandrosterone,5.872
C2BBE1,16-beta-bromoandrosterone,5.874
MKN7,16-beta-bromoandrosterone,5.883
LN229,16-beta-bromoandrosterone,5.886
5637,16-beta-bromoandrosterone,5.887
KYSE410,16-beta-bromoandrosterone,5.89
NCIH1666,16-beta-bromoandrosterone,5.891
SKCO1,16-beta-bromoandrosterone,5.892
NCIH1944,16-beta-bromoandrosterone,5.893
AGS,16-beta-bromoandrosterone,5.938
PANC0327,16-beta-bromoandrosterone,5.945
CALU6,16-beta-bromoandrosterone,5.979
NCIH441,16-beta-bromoandrosterone,5.988
VMRCRCW,16-beta-bromoandrosterone,5.993
JHOM1,16-beta-bromoandrosterone,5.998
MCF7,16-beta-bromoandrosterone,6.012
EFO27,16-beta-bromoandrosterone,6.012
KMBC2,16-beta-bromoandrosterone,6.019
LCLC103H,16-beta-bromoandrosterone,6.04
MC116,16-beta-bromoandrosterone,6.054
HS944T,16-beta-bromoandrosterone,6.057
SKOV3,16-beta-bromoandrosterone,6.064
NCIH2141,16-beta-bromoandrosterone,6.071
SW480,16-beta-bromoandrosterone,6.074
HCC1195,16-beta-bromoandrosterone,6.074
NCIH2126,16-beta-bromoandrosterone,6.08
OCILY10,16-beta-bromoandrosterone,6.084
A375,16-beta-bromoandrosterone,6.099
KYSE450,16-beta-bromoandrosterone,6.103
HEYA8,16-beta-bromoandrosterone,6.112
IGROV1,16-beta-bromoandrosterone,6.127
SUIT2,16-beta-bromoandrosterone,6.144
NCIH1792,16-beta-bromoandrosterone,6.144
LS411N,16-beta-bromoandrosterone,6.156
A549,16-beta-bromoandrosterone,6.164
SNUC2A,16-beta-bromoandrosterone,6.172
HS936T,16-beta-bromoandrosterone,6.199
RKN,16-beta-bromoandrosterone,6.203
COLO678,16-beta-bromoandrosterone,6.203
NUDUL1,16-beta-bromoandrosterone,6.226
NCIH1355,16-beta-bromoandrosterone,6.228
NCIH3255,16-beta-bromoandrosterone,6.235
EPLC272H,16-beta-bromoandrosterone,6.239
CAPAN2,16-beta-bromoandrosterone,6.253
NCIH1435,16-beta-bromoandrosterone,6.254
HCC1359,16-beta-bromoandrosterone,6.257
HUPT4,16-beta-bromoandrosterone,6.272
SUDHL4,16-beta-bromoandrosterone,6.273
LXF289,16-beta-bromoandrosterone,6.274
ISHIKAWAHERAKLIO02ER,16-beta-bromoandrosterone,6.288
HCC2935,16-beta-bromoandrosterone,6.295
SW948,16-beta-bromoandrosterone,6.301
NCIH508,16-beta-bromoandrosterone,6.318
HCC15,16-beta-bromoandrosterone,6.34
PANC1005,16-beta-bromoandrosterone,6.346
HEC108,16-beta-bromoandrosterone,6.348
NCIH650,16-beta-bromoandrosterone,6.353
NCIH2286,16-beta-bromoandrosterone,6.364
NCIH1793,16-beta-bromoandrosterone,6.369
EJM,16-beta-bromoandrosterone,6.38
JHUEM2,16-beta-bromoandrosterone,6.388
HS852T,16-beta-bromoandrosterone,6.39
SKMEL1,16-beta-bromoandrosterone,6.402
SNU840,16-beta-bromoandrosterone,6.412
HCC4006,16-beta-bromoandrosterone,6.416
TYKNU,16-beta-bromoandrosterone,6.418
PC3,16-beta-bromoandrosterone,6.419
NCIH2052,16-beta-bromoandrosterone,6.42
NCIH1915,16-beta-bromoandrosterone,6.422
NUGC4,16-beta-bromoandrosterone,6.424
SNU449,16-beta-bromoandrosterone,6.429
SW403,16-beta-bromoandrosterone,6.436
FU97,16-beta-bromoandrosterone,6.441
SNUC4,16-beta-bromoandrosterone,6.445
A2780,16-beta-bromoandrosterone,6.451
KNS62,16-beta-bromoandrosterone,6.456
NCIH1781,16-beta-bromoandrosterone,6.461
SQ1,16-beta-bromoandrosterone,6.463
CFPAC1,16-beta-bromoandrosterone,6.471
KM12,16-beta-bromoandrosterone,6.472
UMUC3,16-beta-bromoandrosterone,6.481
CAL12T,16-beta-bromoandrosterone,6.501
CALU3,16-beta-bromoandrosterone,6.503
HCC44,16-beta-bromoandrosterone,6.509
HT115,16-beta-bromoandrosterone,6.517
SW620,16-beta-bromoandrosterone,6.561
NCIH2405,16-beta-bromoandrosterone,6.576
CORL23,16-beta-bromoandrosterone,6.577
RERFLCKJ,16-beta-bromoandrosterone,6.579
HEC59,16-beta-bromoandrosterone,6.579
HT55,16-beta-bromoandrosterone,6.585
JHOS4,16-beta-bromoandrosterone,6.587
SNGM,16-beta-bromoandrosterone,6.588
LC1SQSF,16-beta-bromoandrosterone,6.591
LS123,16-beta-bromoandrosterone,6.597
HCC827,16-beta-bromoandrosterone,6.609
SKLU1,16-beta-bromoandrosterone,6.618
DV90,16-beta-bromoandrosterone,6.62
U2OS,16-beta-bromoandrosterone,6.621
HCC1833,16-beta-bromoandrosterone,6.654
CAOV3,16-beta-bromoandrosterone,6.665
NCIH1437,16-beta-bromoandrosterone,6.673
RCC10RGB,16-beta-bromoandrosterone,6.681
GAMG,16-beta-bromoandrosterone,6.683
OVMANA,16-beta-bromoandrosterone,6.695
RCM1,16-beta-bromoandrosterone,6.703
KLE,16-beta-bromoandrosterone,6.704
NCIH2172,16-beta-bromoandrosterone,6.711
PATU8902,16-beta-bromoandrosterone,6.713
NCIH596,16-beta-bromoandrosterone,6.737
COV318,16-beta-bromoandrosterone,6.741
BEN,16-beta-bromoandrosterone,6.744
OV90,16-beta-bromoandrosterone,6.75
HARA,16-beta-bromoandrosterone,6.754
MKN74,16-beta-bromoandrosterone,6.762
RKO,16-beta-bromoandrosterone,6.762
T3M10,16-beta-bromoandrosterone,6.779
SF295,16-beta-bromoandrosterone,6.834
HPAC,16-beta-bromoandrosterone,6.872
JHH6,16-beta-bromoandrosterone,6.892
LU65,16-beta-bromoandrosterone,6.896
SKMEL5,16-beta-bromoandrosterone,6.918
HCC2108,16-beta-bromoandrosterone,6.94
NCIH1755,16-beta-bromoandrosterone,6.949
CL40,16-beta-bromoandrosterone,7.051
SNU61,16-beta-bromoandrosterone,7.094
SCC9,16-beta-bromoandrosterone,7.098
NCIH460,16-beta-bromoandrosterone,7.12
NCIH2122,16-beta-bromoandrosterone,7.135
SH10TC,16-beta-bromoandrosterone,7.142
EFO21,16-beta-bromoandrosterone,7.149
CL34,16-beta-bromoandrosterone,7.179
OV7,16-beta-bromoandrosterone,7.191
COV644,16-beta-bromoandrosterone,7.237
MDST8,16-beta-bromoandrosterone,7.251
SKMEL28,16-beta-bromoandrosterone,7.263
NCIH2023,16-beta-bromoandrosterone,7.266
COV362,16-beta-bromoandrosterone,7.266
NCIH2030,16-beta-bromoandrosterone,7.286
LOVO,16-beta-bromoandrosterone,7.301
HCT8,16-beta-bromoandrosterone,7.305
SNU1040,16-beta-bromoandrosterone,7.402
HEPG2,16-beta-bromoandrosterone,7.45
HT1080,16-beta-bromoandrosterone,7.498
COLO320,16-beta-bromoandrosterone,7.521
OAW42,16-beta-bromoandrosterone,7.652
AMO1,16-beta-bromoandrosterone,7.73
HT29,16-beta-bromoandrosterone,7.818
GDM1,"1S,3R-RSL-3",0.075
RKN,"1S,3R-RSL-3",0.076
NOMO1,"1S,3R-RSL-3",0.106
JHOC5,"1S,3R-RSL-3",0.173
NCIH1694,"1S,3R-RSL-3",0.182
OVCAR4,"1S,3R-RSL-3",0.304
HCC1359,"1S,3R-RSL-3",0.401
NCIH508,"1S,3R-RSL-3",0.402
OVK18,"1S,3R-RSL-3",0.591
LS123,"1S,3R-RSL-3",0.75
WSUDLCL2,"1S,3R-RSL-3",0.78
SCLC21H,"1S,3R-RSL-3",0.791
NCIH1963,"1S,3R-RSL-3",1.144
SNU840,"1S,3R-RSL-3",1.291
SKM1,"1S,3R-RSL-3",1.31
RMUGS,"1S,3R-RSL-3",1.362
EFO27,"1S,3R-RSL-3",1.53
CORL23,"1S,3R-RSL-3",1.618
HCC827,"1S,3R-RSL-3",1.734
SUDHL5,"1S,3R-RSL-3",1.746
PL21,"1S,3R-RSL-3",2.107
SW948,"1S,3R-RSL-3",2.111
KM12,"1S,3R-RSL-3",2.114
IGROV1,"1S,3R-RSL-3",2.129
OVCAR8,"1S,3R-RSL-3",2.183
RMGI,"1S,3R-RSL-3",2.196
COV434,"1S,3R-RSL-3",2.222
NCIH441,"1S,3R-RSL-3",2.222
EJM,"1S,3R-RSL-3",2.419
NUDUL1,"1S,3R-RSL-3",2.442
TYKNU,"1S,3R-RSL-3",2.483
HCC2108,"1S,3R-RSL-3",2.493
SUDHL4,"1S,3R-RSL-3",2.629
THP1,"1S,3R-RSL-3",2.792
U937,"1S,3R-RSL-3",2.891
OCIAML3,"1S,3R-RSL-3",2.959
MDST8,"1S,3R-RSL-3",3.046
OVKATE,"1S,3R-RSL-3",3.049
HCC4006,"1S,3R-RSL-3",3.073
HCC1833,"1S,3R-RSL-3",3.111
NCIH1876,"1S,3R-RSL-3",3.397
MOLM16,"1S,3R-RSL-3",3.448
NCIH1781,"1S,3R-RSL-3",3.613
NCIH2141,"1S,3R-RSL-3",3.781
A2780,"1S,3R-RSL-3",3.843
RPMI8226,"1S,3R-RSL-3",4.022
HEC151,"1S,3R-RSL-3",4.123
COLO320,"1S,3R-RSL-3",4.229
HCC1195,"1S,3R-RSL-3",4.339
COLO678,"1S,3R-RSL-3",4.453
KMS11,"1S,3R-RSL-3",4.484
SNU1040,"1S,3R-RSL-3",4.589
SNUC5,"1S,3R-RSL-3",4.644
HT1080,"1S,3R-RSL-3",4.696
SW480,"1S,3R-RSL-3",4.703
A375,"1S,3R-RSL-3",4.746
HCC15,"1S,3R-RSL-3",4.79
T3M10,"1S,3R-RSL-3",4.831
NCIH3255,"1S,3R-RSL-3",4.848
SNUC4,"1S,3R-RSL-3",4.854
NCIH1755,"1S,3R-RSL-3",4.943
CL40,"1S,3R-RSL-3",4.959
SNU61,"1S,3R-RSL-3",4.961
HT29,"1S,3R-RSL-3",5.074
SNU398,"1S,3R-RSL-3",5.114
CORL51,"1S,3R-RSL-3",5.166
NCIH2081,"1S,3R-RSL-3",5.186
HEPG2,"1S,3R-RSL-3",5.3
NCIH1105,"1S,3R-RSL-3",5.33
OAW42,"1S,3R-RSL-3",5.381
AMO1,"1S,3R-RSL-3",5.556
LP1,"1S,3R-RSL-3",5.664
SKLU1,"1S,3R-RSL-3",5.809
OV90,"1S,3R-RSL-3",5.85
NCIH2110,"1S,3R-RSL-3",5.866
OV7,"1S,3R-RSL-3",5.878
NCIH1836,"1S,3R-RSL-3",5.897
LOVO,"1S,3R-RSL-3",5.942
CW2,"1S,3R-RSL-3",5.949
SNU81,"1S,3R-RSL-3",5.972
NCIH841,"1S,3R-RSL-3",6.09
HCT116,"1S,3R-RSL-3",6.13
SKMEL1,"1S,3R-RSL-3",6.177
NCIH2342,"1S,3R-RSL-3",6.18
NCIH460,"1S,3R-RSL-3",6.209
LN229,"1S,3R-RSL-3",6.219
MCF7,"1S,3R-RSL-3",6.236
CL34,"1S,3R-RSL-3",6.255
NCIH596,"1S,3R-RSL-3",6.259
SQ1,"1S,3R-RSL-3",6.298
JHOM1,"1S,3R-RSL-3",6.326
RKO,"1S,3R-RSL-3",6.351
SKMEL5,"1S,3R-RSL-3",6.534
NCIH2122,"1S,3R-RSL-3",6.601
SKMEL28,"1S,3R-RSL-3",6.66
NCIH2172,"1S,3R-RSL-3",6.672
RCM1,"1S,3R-RSL-3",6.7
JHUEM2,"1S,3R-RSL-3",6.716
HCC2935,"1S,3R-RSL-3",6.746
SCC9,"1S,3R-RSL-3",6.765
HT115,"1S,3R-RSL-3",6.773
SW620,"1S,3R-RSL-3",6.809
HT55,"1S,3R-RSL-3",6.847
NCIH2023,"1S,3R-RSL-3",6.856
HCT8,"1S,3R-RSL-3",6.9
COV644,"1S,3R-RSL-3",6.901
CAL12T,"1S,3R-RSL-3",6.974
SNU175,"1S,3R-RSL-3",7.087
COV362,"1S,3R-RSL-3",7.147
NCIH2030,"1S,3R-RSL-3",7.179
CAOV3,"1S,3R-RSL-3",7.252
AGS,"1S,3R-RSL-3",7.393
LS180,"1S,3R-RSL-3",7.542
OCILY10,"1S,3R-RSL-3",7.729
NCIH1963,"2,4-dideoxy-DC-45-A2",2.266
BL70,"2,4-dideoxy-DC-45-A2",2.595
SUDHL5,"2,4-dideoxy-DC-45-A2",2.713
NUDUL1,"2,4-dideoxy-DC-45-A2",2.768
SNU175,"2,4-dideoxy-DC-45-A2",2.805
NCIH1876,"2,4-dideoxy-DC-45-A2",2.848
COLO668,"2,4-dideoxy-DC-45-A2",2.878
NCIH1930,"2,4-dideoxy-DC-45-A2",3.017
NCIH2286,"2,4-dideoxy-DC-45-A2",3.195
NCIH1435,"2,4-dideoxy-DC-45-A2",3.22
KLE,"2,4-dideoxy-DC-45-A2",3.272
PC3,"2,4-dideoxy-DC-45-A2",3.409
OVKATE,"2,4-dideoxy-DC-45-A2",3.426
JHUEM2,"2,4-dideoxy-DC-45-A2",3.528
LXF289,"2,4-dideoxy-DC-45-A2",3.633
NCIH1105,"2,4-dideoxy-DC-45-A2",3.665
SCLC21H,"2,4-dideoxy-DC-45-A2",3.735
HEC151,"2,4-dideoxy-DC-45-A2",3.769
LS180,"2,4-dideoxy-DC-45-A2",3.866
NCIH2141,"2,4-dideoxy-DC-45-A2",3.933
HEC108,"2,4-dideoxy-DC-45-A2",4.03
AGS,"2,4-dideoxy-DC-45-A2",4.074
OCIAML3,"2,4-dideoxy-DC-45-A2",4.089
ISHIKAWAHERAKLIO02ER,"2,4-dideoxy-DC-45-A2",4.142
OVCAR8,"2,4-dideoxy-DC-45-A2",4.158
KMS11,"2,4-dideoxy-DC-45-A2",4.32
AMO1,"2,4-dideoxy-DC-45-A2",4.361
EJM,"2,4-dideoxy-DC-45-A2",4.603
HEC59,"2,4-dideoxy-DC-45-A2",4.614
NCIH1694,"2,4-dideoxy-DC-45-A2",4.638
SNGM,"2,4-dideoxy-DC-45-A2",4.713
SNUC4,"2,4-dideoxy-DC-45-A2",4.8
OVMANA,"2,4-dideoxy-DC-45-A2",4.829
OVK18,"2,4-dideoxy-DC-45-A2",4.878
SKM1,"2,4-dideoxy-DC-45-A2",4.936
GDM1,"2,4-dideoxy-DC-45-A2",4.987
NCIH1915,"2,4-dideoxy-DC-45-A2",4.992
A2780,"2,4-dideoxy-DC-45-A2",5.007
WSUDLCL2,"2,4-dideoxy-DC-45-A2",5.049
RERFLCKJ,"2,4-dideoxy-DC-45-A2",5.062
NCIH2110,"2,4-dideoxy-DC-45-A2",5.193
MKN74,"2,4-dideoxy-DC-45-A2",5.193
SNU398,"2,4-dideoxy-DC-45-A2",5.21
SNU449,"2,4-dideoxy-DC-45-A2",5.263
NOMO1,"2,4-dideoxy-DC-45-A2",5.293
COV434,"2,4-dideoxy-DC-45-A2",5.429
JHOS4,"2,4-dideoxy-DC-45-A2",5.528
PATU8902,"2,4-dideoxy-DC-45-A2",5.558
CW2,"2,4-dideoxy-DC-45-A2",5.613
COV318,"2,4-dideoxy-DC-45-A2",5.664
NCIH596,"2,4-dideoxy-DC-45-A2",5.679
THP1,"2,4-dideoxy-DC-45-A2",5.765
SNU81,"2,4-dideoxy-DC-45-A2",5.772
JHOC5,"2,4-dideoxy-DC-45-A2",5.82
HS852T,"2,4-dideoxy-DC-45-A2",5.831
COLO320,"2,4-dideoxy-DC-45-A2",5.849
GAMG,"2,4-dideoxy-DC-45-A2",5.908
MOLM16,"2,4-dideoxy-DC-45-A2",6.032
NCIH2081,"2,4-dideoxy-DC-45-A2",6.037
OCILY10,"2,4-dideoxy-DC-45-A2",6.072
OVCAR4,"2,4-dideoxy-DC-45-A2",6.132
NCIH441,"2,4-dideoxy-DC-45-A2",6.194
HCC1833,"2,4-dideoxy-DC-45-A2",6.198
NCIH2122,"2,4-dideoxy-DC-45-A2",6.231
SUDHL4,"2,4-dideoxy-DC-45-A2",6.241
MCF7,"2,4-dideoxy-DC-45-A2",6.279
RMGI,"2,4-dideoxy-DC-45-A2",6.306
SKMEL1,"2,4-dideoxy-DC-45-A2",6.349
NCIH1781,"2,4-dideoxy-DC-45-A2",6.358
SW948,"2,4-dideoxy-DC-45-A2",6.361
COV362,"2,4-dideoxy-DC-45-A2",6.377
LOVO,"2,4-dideoxy-DC-45-A2",6.387
IGROV1,"2,4-dideoxy-DC-45-A2",6.394
LN229,"2,4-dideoxy-DC-45-A2",6.419
RKN,"2,4-dideoxy-DC-45-A2",6.432
PL21,"2,4-dideoxy-DC-45-A2",6.436
NCIH841,"2,4-dideoxy-DC-45-A2",6.464
SCC9,"2,4-dideoxy-DC-45-A2",6.47
NCIH1836,"2,4-dideoxy-DC-45-A2",6.478
NCIH2023,"2,4-dideoxy-DC-45-A2",6.486
LP1,"2,4-dideoxy-DC-45-A2",6.527
SKLU1,"2,4-dideoxy-DC-45-A2",6.542
SKMEL5,"2,4-dideoxy-DC-45-A2",6.554
SNU61,"2,4-dideoxy-DC-45-A2",6.557
KM12,"2,4-dideoxy-DC-45-A2",6.566
NCIH2342,"2,4-dideoxy-DC-45-A2",6.578
T3M10,"2,4-dideoxy-DC-45-A2",6.593
CAOV3,"2,4-dideoxy-DC-45-A2",6.602
CL34,"2,4-dideoxy-DC-45-A2",6.631
NCIH1755,"2,4-dideoxy-DC-45-A2",6.639
SNUC5,"2,4-dideoxy-DC-45-A2",6.642
JHOM1,"2,4-dideoxy-DC-45-A2",6.646
RMUGS,"2,4-dideoxy-DC-45-A2",6.649
TYKNU,"2,4-dideoxy-DC-45-A2",6.694
U2OS,"2,4-dideoxy-DC-45-A2",6.701
NCIH3255,"2,4-dideoxy-DC-45-A2",6.708
HCC15,"2,4-dideoxy-DC-45-A2",6.715
RCC10RGB,"2,4-dideoxy-DC-45-A2",6.719
A375,"2,4-dideoxy-DC-45-A2",6.737
CORL23,"2,4-dideoxy-DC-45-A2",6.747
CL40,"2,4-dideoxy-DC-45-A2",6.752
RPMI8226,"2,4-dideoxy-DC-45-A2",6.762
CAL12T,"2,4-dideoxy-DC-45-A2",6.779
SW480,"2,4-dideoxy-DC-45-A2",6.819
HCC2935,"2,4-dideoxy-DC-45-A2",6.829
OV7,"2,4-dideoxy-DC-45-A2",6.834
U937,"2,4-dideoxy-DC-45-A2",6.868
HCC4006,"2,4-dideoxy-DC-45-A2",6.89
LS123,"2,4-dideoxy-DC-45-A2",6.892
NCIH2030,"2,4-dideoxy-DC-45-A2",6.896
HCT116,"2,4-dideoxy-DC-45-A2",6.898
RCM1,"2,4-dideoxy-DC-45-A2",6.909
JHH6,"2,4-dideoxy-DC-45-A2",6.91
HT1080,"2,4-dideoxy-DC-45-A2",6.928
SQ1,"2,4-dideoxy-DC-45-A2",6.932
SNU840,"2,4-dideoxy-DC-45-A2",6.942
NCIH508,"2,4-dideoxy-DC-45-A2",6.975
OV90,"2,4-dideoxy-DC-45-A2",6.981
SW620,"2,4-dideoxy-DC-45-A2",6.998
COLO678,"2,4-dideoxy-DC-45-A2",7.018
HCT8,"2,4-dideoxy-DC-45-A2",7.028
SNU1040,"2,4-dideoxy-DC-45-A2",7.048
HCC827,"2,4-dideoxy-DC-45-A2",7.055
HEPG2,"2,4-dideoxy-DC-45-A2",7.074
COV644,"2,4-dideoxy-DC-45-A2",7.082
EFO27,"2,4-dideoxy-DC-45-A2",7.113
OAW42,"2,4-dideoxy-DC-45-A2",7.115
HT115,"2,4-dideoxy-DC-45-A2",7.119
NCIH2172,"2,4-dideoxy-DC-45-A2",7.144
RKO,"2,4-dideoxy-DC-45-A2",7.159
HCC1195,"2,4-dideoxy-DC-45-A2",7.173
HCC2108,"2,4-dideoxy-DC-45-A2",7.21
HCC1359,"2,4-dideoxy-DC-45-A2",7.303
HT55,"2,4-dideoxy-DC-45-A2",7.344
MDST8,"2,4-dideoxy-DC-45-A2",7.347
HT29,"2,4-dideoxy-DC-45-A2",7.352
SKMEL28,"2,4-dideoxy-DC-45-A2",7.407
CORL51,"2,4-dideoxy-DC-45-A2",7.489
NCIH460,"2,4-dideoxy-DC-45-A2",7.557
SKM1,3-chloro-L-alanine,2.563
OCIAML3,3-chloro-L-alanine,2.587
NOMO1,3-chloro-L-alanine,2.956
NCIH1963,3-chloro-L-alanine,3.057
GDM1,3-chloro-L-alanine,3.07
PL21,3-chloro-L-alanine,3.111
HEC151,3-chloro-L-alanine,3.253
MOLM16,3-chloro-L-alanine,3.403
SCLC21H,3-chloro-L-alanine,3.492
CW2,3-chloro-L-alanine,3.543
NUDUL1,3-chloro-L-alanine,3.545
SUDHL5,3-chloro-L-alanine,3.687
KM12,3-chloro-L-alanine,3.704
OVCAR4,3-chloro-L-alanine,3.809
CL34,3-chloro-L-alanine,3.849
SNUC5,3-chloro-L-alanine,3.888
THP1,3-chloro-L-alanine,3.97
A375,3-chloro-L-alanine,4.024
OVCAR8,3-chloro-L-alanine,4.059
COV434,3-chloro-L-alanine,4.062
EJM,3-chloro-L-alanine,4.082
SNU175,3-chloro-L-alanine,4.138
OVK18,3-chloro-L-alanine,4.208
KMS11,3-chloro-L-alanine,4.283
HT115,3-chloro-L-alanine,4.297
HCT116,3-chloro-L-alanine,4.364
LS180,3-chloro-L-alanine,4.415
SUDHL4,3-chloro-L-alanine,4.421
CAL12T,3-chloro-L-alanine,4.423
WSUDLCL2,3-chloro-L-alanine,4.434
SW948,3-chloro-L-alanine,4.48
NCIH1836,3-chloro-L-alanine,4.515
CAOV3,3-chloro-L-alanine,4.555
NCIH508,3-chloro-L-alanine,4.565
AGS,3-chloro-L-alanine,4.574
RKO,3-chloro-L-alanine,4.592
U2OS,3-chloro-L-alanine,4.61
HCC15,3-chloro-L-alanine,4.62
HCC1833,3-chloro-L-alanine,4.664
SNU81,3-chloro-L-alanine,4.704
MCF7,3-chloro-L-alanine,4.713
TYKNU,3-chloro-L-alanine,4.734
SNUC4,3-chloro-L-alanine,4.744
NCIH596,3-chloro-L-alanine,4.903
COV644,3-chloro-L-alanine,4.934
NCIH1105,3-chloro-L-alanine,4.956
LN229,3-chloro-L-alanine,4.97
U937,3-chloro-L-alanine,4.989
CL40,3-chloro-L-alanine,5.08
SNU1040,3-chloro-L-alanine,5.095
RMGI,3-chloro-L-alanine,5.11
RPMI8226,3-chloro-L-alanine,5.114
JHUEM2,3-chloro-L-alanine,5.121
OCILY10,3-chloro-L-alanine,5.149
LOVO,3-chloro-L-alanine,5.195
HCC2108,3-chloro-L-alanine,5.197
NCIH2342,3-chloro-L-alanine,5.249
AMO1,3-chloro-L-alanine,5.256
NCIH1876,3-chloro-L-alanine,5.327
LP1,3-chloro-L-alanine,5.331
COLO320,3-chloro-L-alanine,5.336
NCIH441,3-chloro-L-alanine,5.411
NCIH2122,3-chloro-L-alanine,5.42
SNU840,3-chloro-L-alanine,5.434
CORL23,3-chloro-L-alanine,5.458
HCC1359,3-chloro-L-alanine,5.468
NCIH1755,3-chloro-L-alanine,5.49
OV90,3-chloro-L-alanine,5.509
NCIH2110,3-chloro-L-alanine,5.531
RMUGS,3-chloro-L-alanine,5.551
NCIH1694,3-chloro-L-alanine,5.553
NCIH3255,3-chloro-L-alanine,5.596
CORL51,3-chloro-L-alanine,5.704
SKLU1,3-chloro-L-alanine,5.72
HCC4006,3-chloro-L-alanine,5.764
EFO27,3-chloro-L-alanine,5.766
JHOC5,3-chloro-L-alanine,5.771
RCM1,3-chloro-L-alanine,5.793
MDST8,3-chloro-L-alanine,5.796
HCT8,3-chloro-L-alanine,5.816
COLO678,3-chloro-L-alanine,5.817
RKN,3-chloro-L-alanine,5.824
SCC9,3-chloro-L-alanine,5.849
NCIH1781,3-chloro-L-alanine,5.857
OVKATE,3-chloro-L-alanine,5.86
A2780,3-chloro-L-alanine,5.899
IGROV1,3-chloro-L-alanine,5.953
HCC2935,3-chloro-L-alanine,5.973
NCIH841,3-chloro-L-alanine,5.976
NCIH460,3-chloro-L-alanine,5.991
LS123,3-chloro-L-alanine,5.992
HT55,3-chloro-L-alanine,6.062
SKMEL1,3-chloro-L-alanine,6.11
SKMEL5,3-chloro-L-alanine,6.175
HCC1195,3-chloro-L-alanine,6.248
SNU61,3-chloro-L-alanine,6.28
SQ1,3-chloro-L-alanine,6.305
T3M10,3-chloro-L-alanine,6.403
HT1080,3-chloro-L-alanine,6.41
NCIH2172,3-chloro-L-alanine,6.418
NCIH2141,3-chloro-L-alanine,6.433
HCC827,3-chloro-L-alanine,6.455
SNU398,3-chloro-L-alanine,6.487
HT29,3-chloro-L-alanine,6.49
JHOM1,3-chloro-L-alanine,6.5
COV362,3-chloro-L-alanine,6.508
NCIH2023,3-chloro-L-alanine,6.541
OV7,3-chloro-L-alanine,6.547
SW480,3-chloro-L-alanine,6.555
NCIH2030,3-chloro-L-alanine,6.731
SW620,3-chloro-L-alanine,6.864
RCC10RGB,3-chloro-L-alanine,6.867
NCIH2081,3-chloro-L-alanine,6.915
OAW42,3-chloro-L-alanine,6.978
HEPG2,3-chloro-L-alanine,7.152
SKMEL28,3-chloro-L-alanine,7.684
SNU175,4-methylfasudil,1.956
NCIH1963,4-methylfasudil,2.032
NOMO1,4-methylfasudil,2.413
SNU398,4-methylfasudil,2.861
OCIAML3,4-methylfasudil,3.136
MOLM16,4-methylfasudil,3.47
SCLC21H,4-methylfasudil,3.483
AGS,4-methylfasudil,3.524
PL21,4-methylfasudil,3.55
COV434,4-methylfasudil,3.563
KMS11,4-methylfasudil,3.58
JHOM1,4-methylfasudil,3.609
SNUC4,4-methylfasudil,3.614
SW948,4-methylfasudil,3.677
LP1,4-methylfasudil,3.701
CL34,4-methylfasudil,3.766
U937,4-methylfasudil,3.837
NUDUL1,4-methylfasudil,3.97
CORL51,4-methylfasudil,3.976
A375,4-methylfasudil,4.122
JHUEM2,4-methylfasudil,4.138
HCC1833,4-methylfasudil,4.145
OVK18,4-methylfasudil,4.247
SKM1,4-methylfasudil,4.253
OVCAR8,4-methylfasudil,4.306
HT115,4-methylfasudil,4.332
GDM1,4-methylfasudil,4.348
KM12,4-methylfasudil,4.364
NCIH596,4-methylfasudil,4.368
A2780,4-methylfasudil,4.396
THP1,4-methylfasudil,4.506
OVKATE,4-methylfasudil,4.604
SUDHL5,4-methylfasudil,4.626
RCM1,4-methylfasudil,4.654
EJM,4-methylfasudil,4.791
HCC1195,4-methylfasudil,4.809
NCIH2081,4-methylfasudil,4.858
HEC151,4-methylfasudil,4.885
COLO320,4-methylfasudil,4.911
EFO27,4-methylfasudil,4.912
LS180,4-methylfasudil,4.928
CAL12T,4-methylfasudil,4.939
SNU81,4-methylfasudil,4.953
CL40,4-methylfasudil,4.957
OCILY10,4-methylfasudil,4.975
NCIH2122,4-methylfasudil,4.992
AMO1,4-methylfasudil,5.001
SUDHL4,4-methylfasudil,5.034
RPMI8226,4-methylfasudil,5.043
HCT116,4-methylfasudil,5.053
MCF7,4-methylfasudil,5.062
SKLU1,4-methylfasudil,5.063
LN229,4-methylfasudil,5.122
TYKNU,4-methylfasudil,5.156
NCIH1755,4-methylfasudil,5.186
CAOV3,4-methylfasudil,5.204
HEPG2,4-methylfasudil,5.212
U2OS,4-methylfasudil,5.246
NCIH1876,4-methylfasudil,5.278
OV90,4-methylfasudil,5.29
NCIH2110,4-methylfasudil,5.306
WSUDLCL2,4-methylfasudil,5.348
IGROV1,4-methylfasudil,5.362
HCC2108,4-methylfasudil,5.381
HCC15,4-methylfasudil,5.397
HCC827,4-methylfasudil,5.421
NCIH1836,4-methylfasudil,5.443
SNUC5,4-methylfasudil,5.479
JHOC5,4-methylfasudil,5.503
NCIH508,4-methylfasudil,5.519
COV644,4-methylfasudil,5.534
RKO,4-methylfasudil,5.55
RMGI,4-methylfasudil,5.619
SW620,4-methylfasudil,5.662
HT1080,4-methylfasudil,5.679
CW2,4-methylfasudil,5.68
SKMEL1,4-methylfasudil,5.739
SCC9,4-methylfasudil,5.81
NCIH3255,4-methylfasudil,5.834
COV362,4-methylfasudil,5.844
LOVO,4-methylfasudil,5.863
SNU1040,4-methylfasudil,5.883
NCIH841,4-methylfasudil,5.912
SW480,4-methylfasudil,5.927
COLO678,4-methylfasudil,5.948
OVCAR4,4-methylfasudil,5.963
SKMEL5,4-methylfasudil,5.986
SNU840,4-methylfasudil,6.058
HCC4006,4-methylfasudil,6.061
RCC10RGB,4-methylfasudil,6.168
HCT8,4-methylfasudil,6.187
RKN,4-methylfasudil,6.215
CORL23,4-methylfasudil,6.224
NCIH2030,4-methylfasudil,6.239
NCIH2172,4-methylfasudil,6.263
NCIH1694,4-methylfasudil,6.291
NCIH460,4-methylfasudil,6.562
HCC2935,4-methylfasudil,6.565
OV7,4-methylfasudil,6.571
SKMEL28,4-methylfasudil,6.704
SNU61,4-methylfasudil,6.718
NCIH1781,4-methylfasudil,6.73
MDST8,4-methylfasudil,6.833
HT55,4-methylfasudil,6.949
HT29,4-methylfasudil,7.031
T3M10,4-methylfasudil,7.055
SQ1,4-methylfasudil,7.106
LS123,4-methylfasudil,7.122
NCIH2023,4-methylfasudil,7.159
RMUGS,4-methylfasudil,7.311
NCIH2342,4-methylfasudil,7.343
OAW42,4-methylfasudil,7.487
NCIH1105,4-methylfasudil,7.611
NCIH441,4-methylfasudil,7.876
NCIH2141,4-methylfasudil,8.119
HCC1359,4-methylfasudil,9.345
OCIAML3,AA-COCF3,0.219
SKM1,AA-COCF3,0.433
PL21,AA-COCF3,0.436
NUDUL1,AA-COCF3,0.612
OVCAR8,AA-COCF3,0.657
OVK18,AA-COCF3,0.667
NCIH1694,AA-COCF3,0.837
GDM1,AA-COCF3,0.894
NCIH1963,AA-COCF3,0.995
RPMI8226,AA-COCF3,1.025
SUDHL5,AA-COCF3,1.091
WSUDLCL2,AA-COCF3,1.177
THP1,AA-COCF3,1.235
NOMO1,AA-COCF3,1.247
NCIH1876,AA-COCF3,1.269
KMS11,AA-COCF3,1.294
HEC151,AA-COCF3,1.31
SNUC5,AA-COCF3,1.403
U937,AA-COCF3,1.414
NCIH1836,AA-COCF3,1.477
NCIH1105,AA-COCF3,1.517
SCLC21H,AA-COCF3,1.785
OVCAR4,AA-COCF3,1.826
HCT116,AA-COCF3,1.831
A375,AA-COCF3,1.847
AGS,AA-COCF3,1.885
CW2,AA-COCF3,1.946
SNU81,AA-COCF3,2.013
EJM,AA-COCF3,2.059
RKN,AA-COCF3,2.185
RKO,AA-COCF3,2.21
JHUEM2,AA-COCF3,2.224
NCIH841,AA-COCF3,2.225
OVKATE,AA-COCF3,2.24
RMUGS,AA-COCF3,2.282
COV434,AA-COCF3,2.316
CORL23,AA-COCF3,2.396
KM12,AA-COCF3,2.491
SNUC4,AA-COCF3,2.498
RMGI,AA-COCF3,2.521
SNU840,AA-COCF3,2.559
NCIH1781,AA-COCF3,2.596
SW620,AA-COCF3,2.607
SUDHL4,AA-COCF3,2.63
A2780,AA-COCF3,2.637
NCIH2342,AA-COCF3,2.653
NCIH3255,AA-COCF3,2.692
NCIH2081,AA-COCF3,2.713
SNU398,AA-COCF3,2.768
HCC1359,AA-COCF3,2.824
NCIH441,AA-COCF3,2.833
COLO320,AA-COCF3,2.86
HCC4006,AA-COCF3,2.913
NCIH2141,AA-COCF3,2.94
NCIH596,AA-COCF3,2.964
LP1,AA-COCF3,2.968
COLO678,AA-COCF3,2.995
LS180,AA-COCF3,3.005
SCC9,AA-COCF3,3.022
T3M10,AA-COCF3,3.105
HCC15,AA-COCF3,3.129
SKLU1,AA-COCF3,3.164
TYKNU,AA-COCF3,3.166
SNU175,AA-COCF3,3.184
HCC827,AA-COCF3,3.189
HCC2108,AA-COCF3,3.203
SW480,AA-COCF3,3.215
HT55,AA-COCF3,3.232
SKMEL5,AA-COCF3,3.251
HCC2935,AA-COCF3,3.425
COV644,AA-COCF3,3.447
LN229,AA-COCF3,3.481
IGROV1,AA-COCF3,3.491
JHOC5,AA-COCF3,3.505
OV90,AA-COCF3,3.522
CAL12T,AA-COCF3,3.524
CAOV3,AA-COCF3,3.582
HT1080,AA-COCF3,3.589
LOVO,AA-COCF3,3.592
LS123,AA-COCF3,3.658
SNU61,AA-COCF3,3.72
MDST8,AA-COCF3,3.779
RCM1,AA-COCF3,3.839
SW948,AA-COCF3,3.879
CL34,AA-COCF3,3.903
SKMEL1,AA-COCF3,3.961
MOLM16,AA-COCF3,4.098
NCIH508,AA-COCF3,4.107
CORL51,AA-COCF3,4.219
OV7,AA-COCF3,4.236
AMO1,AA-COCF3,4.243
OCILY10,AA-COCF3,4.269
HT115,AA-COCF3,4.279
MCF7,AA-COCF3,4.289
JHOM1,AA-COCF3,4.327
HCC1195,AA-COCF3,4.403
EFO27,AA-COCF3,4.422
SQ1,AA-COCF3,4.43
HCC1833,AA-COCF3,4.466
HT29,AA-COCF3,4.56
NCIH2110,AA-COCF3,4.608
HCT8,AA-COCF3,4.737
NCIH1755,AA-COCF3,4.737
RCC10RGB,AA-COCF3,4.776
NCIH2122,AA-COCF3,4.931
NCIH2030,AA-COCF3,4.998
CL40,AA-COCF3,5.096
SKMEL28,AA-COCF3,5.243
SNU1040,AA-COCF3,5.298
NCIH2023,AA-COCF3,5.3
COV362,AA-COCF3,5.376
HEPG2,AA-COCF3,5.525
NCIH2172,AA-COCF3,5.994
NCIH460,AA-COCF3,6.077
OAW42,AA-COCF3,6.14
NCIH1105,ABT-737,0.057
GDM1,ABT-737,0.19
NCIH1836,ABT-737,0.264
NCIH1963,ABT-737,0.399
NCIH1930,ABT-737,0.958
SUDHL4,ABT-737,0.993
CORL88,ABT-737,1.025
RPMI8226,ABT-737,1.228
CORL279,ABT-737,1.354
T3M10,ABT-737,1.4
OCILY10,ABT-737,1.417
SW48,ABT-737,1.473
NCIH2141,ABT-737,1.803
JHOC5,ABT-737,1.879
NUDUL1,ABT-737,1.886
NCIH1048,ABT-737,1.905
NCIH2029,ABT-737,1.941
SNU175,ABT-737,2.045
PL21,ABT-737,2.146
HEC108,ABT-737,2.192
SKCO1,ABT-737,2.394
SCLC21H,ABT-737,2.43
NCIH2342,ABT-737,2.465
CORL51,ABT-737,2.615
SKMEL1,ABT-737,2.618
NCIH1694,ABT-737,2.652
NCIH3255,ABT-737,2.7
RMUGS,ABT-737,2.737
RT4,ABT-737,2.793
NCIH1435,ABT-737,2.918
SW480,ABT-737,3.022
KMS11,ABT-737,3.147
HEC151,ABT-737,3.168
WSUDLCL2,ABT-737,3.189
COLO668,ABT-737,3.2
SHP77,ABT-737,3.201
RMGI,ABT-737,3.207
OV90,ABT-737,3.306
MOLM16,ABT-737,3.333
KU812,ABT-737,3.383
EJM,ABT-737,3.478
EBC1,ABT-737,3.481
NCIH1876,ABT-737,3.567
LS513,ABT-737,3.572
BEN,ABT-737,3.597
NCIH1573,ABT-737,3.625
OVCAR4,ABT-737,3.645
AGS,ABT-737,3.702
VMRCLCD,ABT-737,3.774
CAPAN2,ABT-737,3.783
SW620,ABT-737,3.821
NCIH2081,ABT-737,3.836
COLO678,ABT-737,3.952
HCC2935,ABT-737,3.953
COLO205,ABT-737,3.954
HCC1833,ABT-737,3.99
SKM1,ABT-737,4.029
JHOM1,ABT-737,4.044
HT115,ABT-737,4.151
RCC10RGB,ABT-737,4.198
NCIH2126,ABT-737,4.305
NCIH1944,ABT-737,4.321
LS180,ABT-737,4.329
NCIH1666,ABT-737,4.362
HUPT4,ABT-737,4.391
LP1,ABT-737,4.403
SNGM,ABT-737,4.412
NCIH810,ABT-737,4.485
MDST8,ABT-737,4.504
NCIH1568,ABT-737,4.519
HT1376,ABT-737,4.524
HCC15,ABT-737,4.538
KMBC2,ABT-737,4.555
NCIH358,ABT-737,4.576
MSTO211H,ABT-737,4.586
RCM1,ABT-737,4.587
HT1080,ABT-737,4.626
SKLU1,ABT-737,4.639
HCC4006,ABT-737,4.669
SNU81,ABT-737,4.7
NCIH28,ABT-737,4.738
NOMO1,ABT-737,4.74
OVKATE,ABT-737,4.742
HCC78,ABT-737,4.827
SNU398,ABT-737,4.832
NCIH441,ABT-737,4.834
NCIH727,ABT-737,4.894
VMRCRCW,ABT-737,4.895
U937,ABT-737,4.909
CAOV3,ABT-737,4.924
HEC265,ABT-737,4.934
COV434,ABT-737,4.938
NUGC4,ABT-737,4.987
SNUC2A,ABT-737,5.004
NCIH1975,ABT-737,5.045
NCIH2052,ABT-737,5.052
SNUC4,ABT-737,5.066
LXF289,ABT-737,5.106
COV362,ABT-737,5.147
LCLC97TM1,ABT-737,5.165
SQ1,ABT-737,5.178
HS852T,ABT-737,5.181
MFE319,ABT-737,5.196
CL40,ABT-737,5.212
C2BBE1,ABT-737,5.224
5637,ABT-737,5.235
SW948,ABT-737,5.242
OVMANA,ABT-737,5.258
HCC33,ABT-737,5.301
G401,ABT-737,5.302
COLO741,ABT-737,5.303
HCC44,ABT-737,5.34
UMUC3,ABT-737,5.393
NCIH508,ABT-737,5.408
JHUEM2,ABT-737,5.412
JHOS4,ABT-737,5.443
BL70,ABT-737,5.48
OVCAR8,ABT-737,5.508
CW2,ABT-737,5.532
LU65,ABT-737,5.55
LS123,ABT-737,5.55
LC1SQSF,ABT-737,5.555
CL34,ABT-737,5.556
KYSE410,ABT-737,5.565
HEC251,ABT-737,5.577
NCIH1373,ABT-737,5.583
HEC6,ABT-737,5.583
NCIH1792,ABT-737,5.588
HCT8,ABT-737,5.591
NCIH82,ABT-737,5.601
QGP1,ABT-737,5.603
NCIH2122,ABT-737,5.631
GP2D,ABT-737,5.632
CALU3,ABT-737,5.662
PC3,ABT-737,5.662
MCF7,ABT-737,5.666
PANC0327,ABT-737,5.667
KP3,ABT-737,5.671
MKN7,ABT-737,5.674
HCC1195,ABT-737,5.686
HSC2,ABT-737,5.729
NCIH661,ABT-737,5.735
SNU1040,ABT-737,5.745
THP1,ABT-737,5.77
CHAGOK1,ABT-737,5.782
HCT116,ABT-737,5.795
HT,ABT-737,5.838
NCIH1915,ABT-737,5.838
HARA,ABT-737,5.842
NCIH2405,ABT-737,5.878
NCIH1355,ABT-737,5.878
JHH6,ABT-737,5.891
NCIH2009,ABT-737,5.895
ISHIKAWAHERAKLIO02ER,ABT-737,5.916
HT55,ABT-737,5.934
NCIH23,ABT-737,5.938
LN229,ABT-737,5.95
LCLC103H,ABT-737,5.965
SUDHL5,ABT-737,5.988
PANC1005,ABT-737,5.992
NCIH1755,ABT-737,5.994
MKN74,ABT-737,6.001
NCIH841,ABT-737,6.003
NCIH1299,ABT-737,6.112
DMS273,ABT-737,6.123
LS411N,ABT-737,6.13
CFPAC1,ABT-737,6.151
NCIH596,ABT-737,6.16
NCIH2023,ABT-737,6.176
SKOV3,ABT-737,6.181
SNU840,ABT-737,6.215
FU97,ABT-737,6.218
A549,ABT-737,6.227
KYSE450,ABT-737,6.229
NCIH1437,ABT-737,6.23
KYSE140,ABT-737,6.231
KLE,ABT-737,6.245
NCIH1793,ABT-737,6.249
NCIH2172,ABT-737,6.296
TYKNU,ABT-737,6.309
RERFLCKJ,ABT-737,6.31
SNU449,ABT-737,6.313
HEYA8,ABT-737,6.317
EPLC272H,ABT-737,6.322
GAMG,ABT-737,6.327
LU99,ABT-737,6.333
NCIH1781,ABT-737,6.344
LOVO,ABT-737,6.345
IGROV1,ABT-737,6.346
G361,ABT-737,6.355
HPAC,ABT-737,6.358
CALU6,ABT-737,6.358
KM12,ABT-737,6.382
NCIH2286,ABT-737,6.398
OAW42,ABT-737,6.42
OCIAML3,ABT-737,6.425
SCC9,ABT-737,6.448
SNUC5,ABT-737,6.479
EFO27,ABT-737,6.484
A2780,ABT-737,6.491
DLD1,ABT-737,6.5
HEC59,ABT-737,6.516
SKMEL5,ABT-737,6.551
OV7,ABT-737,6.585
SW403,ABT-737,6.59
SUIT2,ABT-737,6.595
MC116,ABT-737,6.616
KNS62,ABT-737,6.636
COLO320,ABT-737,6.648
OVK18,ABT-737,6.657
NCIH2110,ABT-737,6.697
NCIH2030,ABT-737,6.717
CAL12T,ABT-737,6.749
U2OS,ABT-737,6.76
COV318,ABT-737,6.764
RKN,ABT-737,6.819
SNU61,ABT-737,6.828
HCC2108,ABT-737,6.829
HCC827,ABT-737,6.866
NCIH522,ABT-737,6.873
HS936T,ABT-737,6.881
PATU8902,ABT-737,6.935
KE97,ABT-737,6.953
AMO1,ABT-737,7.097
COV644,ABT-737,7.113
P3HR1,ABT-737,7.12
A375,ABT-737,7.126
CORL23,ABT-737,7.127
HS944T,ABT-737,7.127
NCIH650,ABT-737,7.139
SF295,ABT-737,7.192
HT29,ABT-737,7.211
NCIH460,ABT-737,7.266
EFO21,ABT-737,7.33
RKO,ABT-737,7.353
HEPG2,ABT-737,7.383
SH10TC,ABT-737,7.523
HCC1359,ABT-737,7.958
DV90,ABT-737,8.33
SKMEL28,ABT-737,8.568
BL70,ABT-751,0.154
SKM1,ABT-751,0.299
SHP77,ABT-751,0.505
ISHIKAWAHERAKLIO02ER,ABT-751,0.531
WSUDLCL2,ABT-751,0.567
KE97,ABT-751,0.59
MOLM16,ABT-751,0.755
VMRCLCD,ABT-751,0.805
MC116,ABT-751,0.933
MSTO211H,ABT-751,0.989
OCIAML3,ABT-751,1.022
RPMI8226,ABT-751,1.051
NCIH82,ABT-751,1.077
U937,ABT-751,1.127
CORL279,ABT-751,1.151
KU812,ABT-751,1.183
AMO1,ABT-751,1.19
HSC2,ABT-751,1.19
MFE319,ABT-751,1.219
OVCAR8,ABT-751,1.255
NCIH841,ABT-751,1.266
NUDUL1,ABT-751,1.327
LCLC97TM1,ABT-751,1.347
SNU175,ABT-751,1.358
EJM,ABT-751,1.372
HT,ABT-751,1.379
5637,ABT-751,1.381
NCIH1048,ABT-751,1.443
JHUEM2,ABT-751,1.503
HEC265,ABT-751,1.571
DMS273,ABT-751,1.598
LS180,ABT-751,1.608
SNGM,ABT-751,1.645
NCIH1876,ABT-751,1.656
LC1SQSF,ABT-751,1.658
G401,ABT-751,1.703
SCLC21H,ABT-751,1.708
NOMO1,ABT-751,1.722
HEC108,ABT-751,1.828
CHAGOK1,ABT-751,1.871
NCIH2122,ABT-751,1.92
CALU6,ABT-751,1.978
NCIH2286,ABT-751,2
AGS,ABT-751,2.007
RKN,ABT-751,2.108
NCIH596,ABT-751,2.11
OVK18,ABT-751,2.116
COLO668,ABT-751,2.135
RT4,ABT-751,2.169
SNU398,ABT-751,2.178
LOVO,ABT-751,2.193
HT1080,ABT-751,2.224
HEC151,ABT-751,2.236
A2780,ABT-751,2.239
KNS62,ABT-751,2.259
HCC4006,ABT-751,2.268
RKO,ABT-751,2.284
PL21,ABT-751,2.366
HCT116,ABT-751,2.384
LP1,ABT-751,2.41
HS852T,ABT-751,2.449
JHOS4,ABT-751,2.449
HT115,ABT-751,2.486
LXF289,ABT-751,2.487
NCIH2081,ABT-751,2.511
THP1,ABT-751,2.537
P3HR1,ABT-751,2.572
NCIH2029,ABT-751,2.582
SUDHL4,ABT-751,2.586
NCIH1299,ABT-751,2.594
OVCAR4,ABT-751,2.623
GAMG,ABT-751,2.626
KLE,ABT-751,2.633
A375,ABT-751,2.652
NCIH1694,ABT-751,2.662
HARA,ABT-751,2.679
EPLC272H,ABT-751,2.688
JHOM1,ABT-751,2.703
SH10TC,ABT-751,2.704
HEC251,ABT-751,2.711
OVKATE,ABT-751,2.718
NUGC4,ABT-751,2.737
LCLC103H,ABT-751,2.738
HCC33,ABT-751,2.742
SNUC4,ABT-751,2.75
KYSE410,ABT-751,2.766
NCIH508,ABT-751,2.813
KM12,ABT-751,2.849
PC3,ABT-751,2.854
NCIH2126,ABT-751,2.912
NCIH810,ABT-751,2.927
RMUGS,ABT-751,2.977
HCC1359,ABT-751,2.988
NCIH1836,ABT-751,2.99
G361,ABT-751,3.042
NCIH1963,ABT-751,3.087
CAPAN2,ABT-751,3.094
SKMEL5,ABT-751,3.1
SF295,ABT-751,3.136
MDST8,ABT-751,3.143
HCC2108,ABT-751,3.144
CORL51,ABT-751,3.157
HCC44,ABT-751,3.184
GDM1,ABT-751,3.229
TYKNU,ABT-751,3.259
HS936T,ABT-751,3.276
KMS11,ABT-751,3.353
LN229,ABT-751,3.366
SNUC5,ABT-751,3.368
NCIH661,ABT-751,3.406
SCC9,ABT-751,3.453
SNU81,ABT-751,3.545
RMGI,ABT-751,3.571
CL34,ABT-751,3.587
QGP1,ABT-751,3.599
OV90,ABT-751,3.606
MCF7,ABT-751,3.619
HEYA8,ABT-751,3.694
HEC6,ABT-751,3.707
SNU1040,ABT-751,3.723
KP3,ABT-751,3.736
HCC15,ABT-751,3.758
KYSE140,ABT-751,3.759
DV90,ABT-751,3.761
UMUC3,ABT-751,3.786
SNUC2A,ABT-751,3.804
NCIH1930,ABT-751,3.828
NCIH1781,ABT-751,3.84
HUPT4,ABT-751,3.845
HCC1833,ABT-751,3.847
OCILY10,ABT-751,3.86
SKOV3,ABT-751,3.876
CAL12T,ABT-751,3.935
SNU449,ABT-751,3.959
CORL88,ABT-751,3.962
PANC0327,ABT-751,3.99
HS944T,ABT-751,4.007
JHOC5,ABT-751,4.008
NCIH1355,ABT-751,4.008
NCIH727,ABT-751,4.049
LU65,ABT-751,4.058
HT55,ABT-751,4.134
KYSE450,ABT-751,4.162
NCIH1105,ABT-751,4.19
NCIH2141,ABT-751,4.193
OAW42,ABT-751,4.196
HT1376,ABT-751,4.221
SUIT2,ABT-751,4.224
SW948,ABT-751,4.229
SKMEL1,ABT-751,4.364
NCIH1435,ABT-751,4.365
COV644,ABT-751,4.397
CORL23,ABT-751,4.409
U2OS,ABT-751,4.41
PATU8902,ABT-751,4.445
COV434,ABT-751,4.462
CAOV3,ABT-751,4.465
MKN74,ABT-751,4.484
HCT8,ABT-751,4.492
NCIH2405,ABT-751,4.511
SW620,ABT-751,4.521
CW2,ABT-751,4.574
COV362,ABT-751,4.666
T3M10,ABT-751,4.67
FU97,ABT-751,4.693
RERFLCKJ,ABT-751,4.706
VMRCRCW,ABT-751,4.816
EFO27,ABT-751,4.854
NCIH2030,ABT-751,4.864
NCIH650,ABT-751,4.88
SUDHL5,ABT-751,4.895
SKLU1,ABT-751,4.923
SNU840,ABT-751,4.955
NCIH1755,ABT-751,4.967
SNU61,ABT-751,5.001
NCIH460,ABT-751,5.024
HCC827,ABT-751,5.058
SW480,ABT-751,5.079
CALU3,ABT-751,5.08
SQ1,ABT-751,5.084
IGROV1,ABT-751,5.147
HEC59,ABT-751,5.167
NCIH1915,ABT-751,5.221
COLO320,ABT-751,5.261
LS123,ABT-751,5.352
NCIH1573,ABT-751,5.393
EFO21,ABT-751,5.431
RCC10RGB,ABT-751,5.44
NCIH2172,ABT-751,5.496
HCC2935,ABT-751,5.542
OVMANA,ABT-751,5.544
HT29,ABT-751,5.689
OV7,ABT-751,5.717
NCIH1666,ABT-751,5.732
KMBC2,ABT-751,5.732
RCM1,ABT-751,5.752
NCIH2052,ABT-751,5.753
BEN,ABT-751,5.803
NCIH2023,ABT-751,5.866
SW403,ABT-751,5.867
HCC1195,ABT-751,5.925
MKN7,ABT-751,5.981
NCIH441,ABT-751,6.18
NCIH2342,ABT-751,6.188
COV318,ABT-751,6.205
COLO678,ABT-751,6.346
JHH6,ABT-751,6.768
CL40,ABT-751,6.784
NCIH2110,ABT-751,6.861
HEPG2,ABT-751,7.08
NCIH3255,ABT-751,7.642
SKMEL28,ABT-751,8.94
NOMO1,AC55649,1.912
OCIAML3,AC55649,2.986
SNU1040,AC55649,2.99
U937,AC55649,3.097
PL21,AC55649,3.193
SUDHL4,AC55649,3.722
GDM1,AC55649,4.127
HT1080,AC55649,4.247
NCIH1755,AC55649,4.314
COV434,AC55649,4.356
NUDUL1,AC55649,4.495
NCIH1963,AC55649,4.581
WSUDLCL2,AC55649,4.606
LP1,AC55649,4.691
NCIH1694,AC55649,4.989
SCLC21H,AC55649,5.024
OCILY10,AC55649,5.032
A2780,AC55649,5.034
OVCAR4,AC55649,5.077
SKM1,AC55649,5.168
COV644,AC55649,5.181
MOLM16,AC55649,5.196
OVK18,AC55649,5.255
NCIH596,AC55649,5.256
RPMI8226,AC55649,5.335
CAOV3,AC55649,5.484
KMS11,AC55649,5.493
JHUEM2,AC55649,5.673
AGS,AC55649,5.727
OV90,AC55649,5.742
G401,AC55649,5.763
RMGI,AC55649,5.781
RMUGS,AC55649,5.855
NCIH1781,AC55649,5.893
HCC15,AC55649,6.008
CORL51,AC55649,6.069
NCIH2342,AC55649,6.073
OVKATE,AC55649,6.103
NCIH1876,AC55649,6.141
NCIH508,AC55649,6.15
T3M10,AC55649,6.153
SKLU1,AC55649,6.162
HCT116,AC55649,6.163
THP1,AC55649,6.17
OVCAR8,AC55649,6.179
COLO320,AC55649,6.215
SUIT2,AC55649,6.223
NCIH441,AC55649,6.234
KYSE140,AC55649,6.235
COLO678,AC55649,6.24
RT4,AC55649,6.28
MDST8,AC55649,6.289
NCIH1105,AC55649,6.289
LN229,AC55649,6.307
SCC9,AC55649,6.319
SNUC2A,AC55649,6.331
SNU81,AC55649,6.333
NCIH2110,AC55649,6.335
HEC151,AC55649,6.337
SNU398,AC55649,6.344
CORL23,AC55649,6.344
LXF289,AC55649,6.372
LCLC97TM1,AC55649,6.388
NCIH1944,AC55649,6.388
A375,AC55649,6.389
CAPAN2,AC55649,6.392
HT1376,AC55649,6.393
TYKNU,AC55649,6.428
AMO1,AC55649,6.435
NCIH661,AC55649,6.448
NCIH2023,AC55649,6.457
LS123,AC55649,6.463
JHOM1,AC55649,6.465
EJM,AC55649,6.486
CORL88,AC55649,6.486
SUDHL5,AC55649,6.487
OV7,AC55649,6.528
OVMANA,AC55649,6.53
KM12,AC55649,6.534
CL40,AC55649,6.537
MSTO211H,AC55649,6.538
KP3,AC55649,6.541
NCIH522,AC55649,6.584
HCC44,AC55649,6.604
SNU840,AC55649,6.614
JHOC5,AC55649,6.621
SW48,AC55649,6.635
G361,AC55649,6.64
KLE,AC55649,6.644
HEPG2,AC55649,6.648
MFE319,AC55649,6.662
FU97,AC55649,6.681
SHP77,AC55649,6.685
CHAGOK1,AC55649,6.714
SNUC5,AC55649,6.733
NCIH1435,AC55649,6.739
RKO,AC55649,6.754
NCIH3255,AC55649,6.769
HCC2935,AC55649,6.775
CAL12T,AC55649,6.779
SNU175,AC55649,6.78
RCM1,AC55649,6.784
RCC10RGB,AC55649,6.785
IGROV1,AC55649,6.787
JHH6,AC55649,6.791
KU812,AC55649,6.792
MCF7,AC55649,6.797
MKN7,AC55649,6.812
LS180,AC55649,6.816
MKN74,AC55649,6.816
QGP1,AC55649,6.817
SW620,AC55649,6.82
SNGM,AC55649,6.825
KMBC2,AC55649,6.825
DMS273,AC55649,6.832
5637,AC55649,6.837
EBC1,AC55649,6.841
PANC1005,AC55649,6.842
KYSE410,AC55649,6.847
RERFLCKJ,AC55649,6.849
HT,AC55649,6.858
SNU449,AC55649,6.862
HCC33,AC55649,6.876
HCC1195,AC55649,6.876
HCT8,AC55649,6.876
LU65,AC55649,6.879
NCIH2286,AC55649,6.879
SKMEL5,AC55649,6.881
HEC6,AC55649,6.886
NCIH2052,AC55649,6.889
CW2,AC55649,6.896
KYSE450,AC55649,6.898
NCIH2030,AC55649,6.898
VMRCLCD,AC55649,6.905
PC3,AC55649,6.905
NCIH2172,AC55649,6.906
EFO27,AC55649,6.907
HSC2,AC55649,6.918
UMUC3,AC55649,6.918
CFPAC1,AC55649,6.922
NCIH1573,AC55649,6.925
HEYA8,AC55649,6.931
U2OS,AC55649,6.938
HCC4006,AC55649,6.94
CL34,AC55649,6.941
NCIH1792,AC55649,6.947
NCIH650,AC55649,6.959
EPLC272H,AC55649,6.978
NCIH2122,AC55649,6.979
HS944T,AC55649,6.981
NCIH2009,AC55649,6.985
SW480,AC55649,6.989
ISHIKAWAHERAKLIO02ER,AC55649,6.993
NCIH460,AC55649,6.993
SKOV3,AC55649,7.007
PANC0327,AC55649,7.008
HEC265,AC55649,7.009
SNU61,AC55649,7.009
HT55,AC55649,7.016
COLO668,AC55649,7.034
PATU8902,AC55649,7.042
NCIH1836,AC55649,7.043
HEC251,AC55649,7.062
HCC2108,AC55649,7.068
HEC108,AC55649,7.069
COV362,AC55649,7.071
NCIH841,AC55649,7.074
EFO21,AC55649,7.096
SW948,AC55649,7.101
DV90,AC55649,7.101
CORL279,AC55649,7.104
COV318,AC55649,7.107
A549,AC55649,7.114
HCC78,AC55649,7.126
NCIH1299,AC55649,7.132
RKN,AC55649,7.133
LOVO,AC55649,7.137
HCC1833,AC55649,7.137
NCIH1373,AC55649,7.142
SKMEL1,AC55649,7.145
LCLC103H,AC55649,7.146
NCIH1568,AC55649,7.147
HS852T,AC55649,7.151
HT29,AC55649,7.153
SQ1,AC55649,7.156
SF295,AC55649,7.156
C2BBE1,AC55649,7.164
NCIH82,AC55649,7.164
CALU3,AC55649,7.168
NCIH23,AC55649,7.168
NCIH28,AC55649,7.176
SNUC4,AC55649,7.181
NCIH727,AC55649,7.187
NCIH2029,AC55649,7.194
NCIH2405,AC55649,7.197
BEN,AC55649,7.223
HCC827,AC55649,7.229
SKCO1,AC55649,7.234
JHOS4,AC55649,7.239
HUPT4,AC55649,7.272
COLO205,AC55649,7.29
P3HR1,AC55649,7.311
NCIH2081,AC55649,7.312
GAMG,AC55649,7.321
NCIH1975,AC55649,7.324
NCIH358,AC55649,7.34
SW403,AC55649,7.348
OAW42,AC55649,7.357
HEC59,AC55649,7.364
HT115,AC55649,7.366
COLO741,AC55649,7.374
NCIH1355,AC55649,7.394
NCIH1048,AC55649,7.398
MC116,AC55649,7.404
HCC1359,AC55649,7.408
NCIH1793,AC55649,7.449
SH10TC,AC55649,7.452
HPAC,AC55649,7.474
KNS62,AC55649,7.479
NCIH1437,AC55649,7.482
CALU6,AC55649,7.483
DLD1,AC55649,7.539
BL70,AC55649,7.542
LS411N,AC55649,7.56
VMRCRCW,AC55649,7.56
NCIH810,AC55649,7.614
HARA,AC55649,7.624
LC1SQSF,AC55649,7.637
NCIH1915,AC55649,7.641
LU99,AC55649,7.646
HS936T,AC55649,7.678
LS513,AC55649,7.683
SKMEL28,AC55649,7.715
NUGC4,AC55649,7.839
NCIH2126,AC55649,7.86
NCIH2141,AC55649,7.871
NCIH1666,AC55649,7.99
KE97,AC55649,8.127
GP2D,AC55649,8.282
NCIH1930,AC55649,8.727
JHUEM2,AG14361,2.972
NUDUL1,AG14361,3.298
OCIAML3,AG14361,3.528
SUDHL5,AG14361,3.596
SUDHL4,AG14361,4.038
GDM1,AG14361,4.045
CL34,AG14361,4.361
THP1,AG14361,4.478
NOMO1,AG14361,4.556
PL21,AG14361,4.572
SKM1,AG14361,4.695
CL40,AG14361,4.708
TYKNU,AG14361,4.774
NCIH2122,AG14361,4.894
NCIH508,AG14361,4.941
HCT116,AG14361,4.969
WSUDLCL2,AG14361,5.084
HT115,AG14361,5.103
COV644,AG14361,5.157
RCM1,AG14361,5.178
NCIH596,AG14361,5.231
A375,AG14361,5.285
CAOV3,AG14361,5.344
LOVO,AG14361,5.424
MDST8,AG14361,5.511
U937,AG14361,5.61
HT1080,AG14361,5.751
NCIH1781,AG14361,5.813
HT29,AG14361,5.817
RMUGS,AG14361,5.833
SNU840,AG14361,5.92
NCIH441,AG14361,5.952
LN229,AG14361,5.97
SNU1040,AG14361,6.026
RKO,AG14361,6.039
HCT8,AG14361,6.06
HCC15,AG14361,6.094
MOLM16,AG14361,6.097
COLO678,AG14361,6.151
OV7,AG14361,6.187
SKLU1,AG14361,6.211
SW480,AG14361,6.231
OV90,AG14361,6.248
T3M10,AG14361,6.271
NCIH1755,AG14361,6.313
LS123,AG14361,6.327
SKMEL1,AG14361,6.353
SKMEL28,AG14361,6.414
RPMI8226,AG14361,6.447
SW620,AG14361,6.54
HT55,AG14361,6.639
NCIH460,AG14361,6.793
SKMEL5,AG14361,7.234
NCIH28,AGK-2,2.906
NCIH2029,AGK-2,3.076
AGS,AGK-2,3.405
NCIH1568,AGK-2,3.464
NCIH1666,AGK-2,3.47
NCIH2009,AGK-2,3.704
NCIH1975,AGK-2,3.725
NCIH1048,AGK-2,3.745
A549,AGK-2,3.965
DMS273,AGK-2,4.028
OCIAML3,AGK-2,4.22
OVKATE,AGK-2,4.229
HEYA8,AGK-2,4.275
NCIH1299,AGK-2,4.29
HEC151,AGK-2,4.343
LS513,AGK-2,4.362
OVCAR8,AGK-2,4.378
SNUC5,AGK-2,4.393
NCIH810,AGK-2,4.45
HT1376,AGK-2,4.49
NCIH1963,AGK-2,4.516
COV434,AGK-2,4.544
OVCAR4,AGK-2,4.588
NCIH1792,AGK-2,4.594
NCIH1793,AGK-2,4.665
HARA,AGK-2,4.694
NOMO1,AGK-2,4.697
RMGI,AGK-2,4.711
CW2,AGK-2,4.778
SNUC2A,AGK-2,4.816
NCIH1836,AGK-2,4.823
CHAGOK1,AGK-2,4.853
SCLC21H,AGK-2,4.901
NCIH82,AGK-2,4.994
SNU398,AGK-2,5.002
LC1SQSF,AGK-2,5.008
KMS11,AGK-2,5.041
RKN,AGK-2,5.045
QGP1,AGK-2,5.085
LP1,AGK-2,5.089
HCC15,AGK-2,5.093
SW620,AGK-2,5.099
NCIH522,AGK-2,5.118
RT4,AGK-2,5.12
SCC9,AGK-2,5.154
LS180,AGK-2,5.16
TYKNU,AGK-2,5.166
SNU840,AGK-2,5.167
SHP77,AGK-2,5.205
THP1,AGK-2,5.212
AMO1,AGK-2,5.269
SNUC4,AGK-2,5.279
G401,AGK-2,5.297
HSC2,AGK-2,5.314
OCILY10,AGK-2,5.319
PL21,AGK-2,5.347
HT29,AGK-2,5.379
NCIH508,AGK-2,5.413
EBC1,AGK-2,5.429
NCIH596,AGK-2,5.457
NCIH2405,AGK-2,5.472
HCC1833,AGK-2,5.477
COV644,AGK-2,5.487
SW48,AGK-2,5.529
KNS62,AGK-2,5.554
SUDHL4,AGK-2,5.561
NCIH1755,AGK-2,5.582
SKCO1,AGK-2,5.615
SW480,AGK-2,5.616
NCIH650,AGK-2,5.631
MCF7,AGK-2,5.632
KM12,AGK-2,5.649
NCIH661,AGK-2,5.656
GP2D,AGK-2,5.671
OVK18,AGK-2,5.689
VMRCLCD,AGK-2,5.694
RKO,AGK-2,5.698
NCIH1573,AGK-2,5.698
NCIH1876,AGK-2,5.723
BL70,AGK-2,5.724
5637,AGK-2,5.758
COLO320,AGK-2,5.777
SNU81,AGK-2,5.783
LS411N,AGK-2,5.786
NCIH2141,AGK-2,5.792
U2OS,AGK-2,5.793
NCIH441,AGK-2,5.796
SNU61,AGK-2,5.815
SKM1,AGK-2,5.833
HCC44,AGK-2,5.833
IGROV1,AGK-2,5.839
MKN7,AGK-2,5.84
CL34,AGK-2,5.85
MKN74,AGK-2,5.853
NCIH1694,AGK-2,5.877
NCIH1944,AGK-2,5.879
NCIH358,AGK-2,5.879
MFE319,AGK-2,5.914
CORL51,AGK-2,5.919
NCIH841,AGK-2,5.928
CORL88,AGK-2,5.93
SNU175,AGK-2,5.932
HS852T,AGK-2,5.946
HT115,AGK-2,5.95
COLO678,AGK-2,5.954
COV362,AGK-2,5.959
HCT116,AGK-2,5.963
CALU6,AGK-2,5.979
NCIH2110,AGK-2,5.994
KU812,AGK-2,6.013
HCC1359,AGK-2,6.013
NCIH2342,AGK-2,6.016
KP3,AGK-2,6.016
CAL12T,AGK-2,6.021
KMBC2,AGK-2,6.023
SUIT2,AGK-2,6.029
NCIH1437,AGK-2,6.031
SW948,AGK-2,6.032
LOVO,AGK-2,6.047
SKMEL28,AGK-2,6.048
JHH6,AGK-2,6.084
HCC2108,AGK-2,6.091
COLO668,AGK-2,6.099
A375,AGK-2,6.106
KYSE410,AGK-2,6.12
T3M10,AGK-2,6.123
CORL23,AGK-2,6.134
PC3,AGK-2,6.141
RMUGS,AGK-2,6.145
HEC108,AGK-2,6.146
NCIH2030,AGK-2,6.159
CAOV3,AGK-2,6.186
NCIH2081,AGK-2,6.19
NUGC4,AGK-2,6.192
LS123,AGK-2,6.192
NCIH2286,AGK-2,6.193
CFPAC1,AGK-2,6.204
HCC2935,AGK-2,6.21
SNU449,AGK-2,6.238
CL40,AGK-2,6.249
NCIH2023,AGK-2,6.262
NUDUL1,AGK-2,6.269
NCIH1435,AGK-2,6.274
NCIH2122,AGK-2,6.277
HT55,AGK-2,6.277
GDM1,AGK-2,6.278
COLO741,AGK-2,6.295
KYSE140,AGK-2,6.299
DLD1,AGK-2,6.321
RCC10RGB,AGK-2,6.33
HEPG2,AGK-2,6.337
NCIH23,AGK-2,6.338
OV7,AGK-2,6.343
RCM1,AGK-2,6.347
NCIH3255,AGK-2,6.354
EJM,AGK-2,6.366
HS944T,AGK-2,6.366
OV90,AGK-2,6.369
BEN,AGK-2,6.396
JHUEM2,AGK-2,6.402
SKOV3,AGK-2,6.404
KYSE450,AGK-2,6.412
SKMEL5,AGK-2,6.42
C2BBE1,AGK-2,6.439
HCC1195,AGK-2,6.442
OAW42,AGK-2,6.446
LCLC103H,AGK-2,6.448
NCIH2126,AGK-2,6.458
HT1080,AGK-2,6.462
SW403,AGK-2,6.472
LU65,AGK-2,6.493
G361,AGK-2,6.496
LXF289,AGK-2,6.507
LU99,AGK-2,6.508
PANC1005,AGK-2,6.521
MOLM16,AGK-2,6.541
MDST8,AGK-2,6.543
HCT8,AGK-2,6.547
SUDHL5,AGK-2,6.562
WSUDLCL2,AGK-2,6.562
NCIH1373,AGK-2,6.564
HCC33,AGK-2,6.565
HCC78,AGK-2,6.569
HCC4006,AGK-2,6.573
RPMI8226,AGK-2,6.575
JHOC5,AGK-2,6.582
HCC827,AGK-2,6.584
HPAC,AGK-2,6.586
NCIH2172,AGK-2,6.602
CAPAN2,AGK-2,6.621
SF295,AGK-2,6.624
NCIH1781,AGK-2,6.645
NCIH460,AGK-2,6.645
A2780,AGK-2,6.654
DV90,AGK-2,6.657
JHOM1,AGK-2,6.663
CORL279,AGK-2,6.69
SQ1,AGK-2,6.699
NCIH1355,AGK-2,6.721
NCIH727,AGK-2,6.723
ISHIKAWAHERAKLIO02ER,AGK-2,6.736
PATU8902,AGK-2,6.741
UMUC3,AGK-2,6.771
SNU1040,AGK-2,6.784
VMRCRCW,AGK-2,6.786
EFO27,AGK-2,6.812
RERFLCKJ,AGK-2,6.813
KLE,AGK-2,6.818
PANC0327,AGK-2,6.819
MSTO211H,AGK-2,6.837
SNGM,AGK-2,6.838
HT,AGK-2,6.85
SKLU1,AGK-2,6.853
HEC59,AGK-2,6.872
KE97,AGK-2,6.881
HEC251,AGK-2,6.895
COV318,AGK-2,6.909
NCIH2052,AGK-2,6.922
EPLC272H,AGK-2,6.925
SKMEL1,AGK-2,6.94
CALU3,AGK-2,6.944
NCIH1105,AGK-2,6.96
FU97,AGK-2,6.973
OVMANA,AGK-2,6.984
SH10TC,AGK-2,6.995
COLO205,AGK-2,7.071
LN229,AGK-2,7.16
NCIH1915,AGK-2,7.192
JHOS4,AGK-2,7.296
HEC6,AGK-2,7.308
GAMG,AGK-2,7.351
HEC265,AGK-2,7.386
EFO21,AGK-2,7.417
P3HR1,AGK-2,7.43
HUPT4,AGK-2,7.445
HS936T,AGK-2,7.485
NCIH1930,AGK-2,7.51
LCLC97TM1,AGK-2,8.067
MC116,AGK-2,8.111
U937,AGK-2,8.229
NUDUL1,AM-580,0.875
OCIAML3,AM-580,1.31
SUDHL5,AM-580,1.622
WSUDLCL2,AM-580,2.141
RPMI8226,AM-580,2.588
SKM1,AM-580,2.653
SW480,AM-580,2.664
SW620,AM-580,2.7
LP1,AM-580,3.058
NCIH2342,AM-580,3.077
NCIH1963,AM-580,3.133
RMUGS,AM-580,3.158
THP1,AM-580,3.17
OVKATE,AM-580,3.175
HCC2108,AM-580,3.298
HEC151,AM-580,3.314
PL21,AM-580,3.318
GDM1,AM-580,3.461
NCIH1694,AM-580,3.518
OVK18,AM-580,3.527
KMS11,AM-580,3.548
U937,AM-580,3.572
COV434,AM-580,3.659
RKN,AM-580,3.664
OVCAR8,AM-580,3.676
OV90,AM-580,3.797
LS180,AM-580,3.802
OVCAR4,AM-580,3.85
A2780,AM-580,3.877
AGS,AM-580,3.882
NCIH2122,AM-580,3.942
T3M10,AM-580,3.973
CW2,AM-580,4.017
NOMO1,AM-580,4.038
SCC9,AM-580,4.041
RMGI,AM-580,4.046
NCIH2081,AM-580,4.07
COLO320,AM-580,4.098
JHUEM2,AM-580,4.127
SNU175,AM-580,4.196
SNU840,AM-580,4.224
IGROV1,AM-580,4.232
SUDHL4,AM-580,4.244
CORL51,AM-580,4.249
NCIH1105,AM-580,4.263
NCIH596,AM-580,4.266
HCT116,AM-580,4.28
SNU398,AM-580,4.305
SCLC21H,AM-580,4.329
HT1080,AM-580,4.364
NCIH2023,AM-580,4.376
HCC1359,AM-580,4.396
NCIH2141,AM-580,4.442
NCIH508,AM-580,4.503
HCC2935,AM-580,4.523
SNUC4,AM-580,4.538
NCIH2030,AM-580,4.564
LS123,AM-580,4.601
HCC4006,AM-580,4.602
SNU61,AM-580,4.651
COLO678,AM-580,4.655
HCC1195,AM-580,4.661
SKMEL5,AM-580,4.674
MCF7,AM-580,4.745
NCIH1781,AM-580,4.745
HCC1833,AM-580,4.764
NCIH1836,AM-580,4.773
NCIH841,AM-580,4.78
RCM1,AM-580,4.783
NCIH3255,AM-580,4.797
HCT8,AM-580,4.807
SNUC5,AM-580,4.849
NCIH1755,AM-580,4.851
JHOM1,AM-580,4.86
TYKNU,AM-580,4.924
HCC15,AM-580,4.926
HCC827,AM-580,4.981
HT55,AM-580,5.039
SNU81,AM-580,5.04
SKLU1,AM-580,5.079
EJM,AM-580,5.081
NCIH1876,AM-580,5.113
SNU1040,AM-580,5.117
NCIH441,AM-580,5.132
CAL12T,AM-580,5.176
NCIH460,AM-580,5.18
SW948,AM-580,5.252
COV644,AM-580,5.297
OCILY10,AM-580,5.356
CORL23,AM-580,5.371
NCIH2172,AM-580,5.439
LOVO,AM-580,5.47
MOLM16,AM-580,5.493
KM12,AM-580,5.522
LN229,AM-580,5.548
SQ1,AM-580,5.573
OV7,AM-580,5.627
NCIH2110,AM-580,5.642
EFO27,AM-580,5.678
A375,AM-580,5.729
RCC10RGB,AM-580,5.843
HT115,AM-580,5.878
CAOV3,AM-580,5.91
MDST8,AM-580,5.914
JHOC5,AM-580,5.926
CL34,AM-580,6.001
COV362,AM-580,6.009
SKMEL1,AM-580,6.15
AMO1,AM-580,6.305
RKO,AM-580,6.335
HT29,AM-580,6.661
OAW42,AM-580,6.782
CL40,AM-580,6.783
HEPG2,AM-580,7.73
SKMEL28,AM-580,7.901
OCIAML3,ATRA,1.391
NUDUL1,ATRA,1.487
SKM1,ATRA,2.855
PL21,ATRA,2.863
NOMO1,ATRA,3.29
GDM1,ATRA,3.579
THP1,ATRA,3.892
U937,ATRA,3.918
NCIH1963,ATRA,4.207
WSUDLCL2,ATRA,4.333
SUDHL5,ATRA,4.335
OVK18,ATRA,4.368
NCIH1694,ATRA,4.438
KMS11,ATRA,4.641
RPMI8226,ATRA,4.706
OVCAR8,ATRA,4.821
COLO320,ATRA,4.826
NCIH1876,ATRA,4.865
CW2,ATRA,4.966
HEC151,ATRA,5.047
OVCAR4,ATRA,5.141
NCIH2342,ATRA,5.152
SNUC5,ATRA,5.16
JHOM1,ATRA,5.255
HCT116,ATRA,5.285
SUDHL4,ATRA,5.337
SNU175,ATRA,5.381
EJM,ATRA,5.424
SW948,ATRA,5.449
MCF7,ATRA,5.468
HCC15,ATRA,5.503
CORL51,ATRA,5.521
RMUGS,ATRA,5.523
HCC2935,ATRA,5.525
COLO678,ATRA,5.596
NCIH1836,ATRA,5.597
COV434,ATRA,5.611
NCIH2110,ATRA,5.702
SCLC21H,ATRA,5.747
NCIH1105,ATRA,5.779
SNU840,ATRA,5.806
SNU81,ATRA,5.83
OVKATE,ATRA,5.858
SNUC4,ATRA,5.864
KM12,ATRA,5.869
NCIH2141,ATRA,5.942
A375,ATRA,5.958
HCC4006,ATRA,5.993
NCIH1781,ATRA,5.994
OV90,ATRA,6.015
SNU61,ATRA,6.018
NCIH3255,ATRA,6.026
CORL23,ATRA,6.035
RMGI,ATRA,6.054
LS123,ATRA,6.12
RKO,ATRA,6.129
SKMEL1,ATRA,6.15
MOLM16,ATRA,6.198
HCC1359,ATRA,6.208
TYKNU,ATRA,6.216
OCILY10,ATRA,6.224
NCIH596,ATRA,6.23
SQ1,ATRA,6.247
IGROV1,ATRA,6.266
NCIH508,ATRA,6.276
JHOC5,ATRA,6.282
LOVO,ATRA,6.291
NCIH841,ATRA,6.343
T3M10,ATRA,6.366
EFO27,ATRA,6.377
SW480,ATRA,6.383
SNU398,ATRA,6.426
JHUEM2,ATRA,6.49
LP1,ATRA,6.517
SKMEL5,ATRA,6.529
HCC2108,ATRA,6.578
NCIH2172,ATRA,6.6
NCIH441,ATRA,6.611
NCIH2081,ATRA,6.632
A2780,ATRA,6.67
SCC9,ATRA,6.685
CL40,ATRA,6.696
CAL12T,ATRA,6.702
HT115,ATRA,6.717
COV644,ATRA,6.718
SW620,ATRA,6.731
U2OS,ATRA,6.752
CL34,ATRA,6.753
NCIH2030,ATRA,6.771
OV7,ATRA,6.784
HCC1195,ATRA,6.784
RCC10RGB,ATRA,6.793
HCC827,ATRA,6.796
MDST8,ATRA,6.798
LS180,ATRA,6.8
RCM1,ATRA,6.8
LN229,ATRA,6.805
HT55,ATRA,6.837
NCIH2023,ATRA,6.873
RKN,ATRA,6.892
HT1080,ATRA,6.91
CAOV3,ATRA,6.924
HCC1833,ATRA,6.992
SKLU1,ATRA,7.028
NCIH2122,ATRA,7.031
NCIH460,ATRA,7.075
NCIH1755,ATRA,7.104
COV362,ATRA,7.139
SKMEL28,ATRA,7.176
SNU1040,ATRA,7.264
AGS,ATRA,7.515
HCT8,ATRA,7.537
OAW42,ATRA,7.715
HT29,ATRA,8.668
HEPG2,ATRA,8.993
AMO1,ATRA,9.096
RT4,austocystin D,0.063
U2OS,austocystin D,0.07
OVCAR8,austocystin D,0.102
CAOV3,austocystin D,0.109
SKM1,austocystin D,0.119
CL34,austocystin D,0.12
EJM,austocystin D,0.121
NCIH2029,austocystin D,0.13
JHOC5,austocystin D,0.141
HT115,austocystin D,0.145
OVCAR4,austocystin D,0.146
HCT8,austocystin D,0.153
G361,austocystin D,0.156
SCLC21H,austocystin D,0.178
LS513,austocystin D,0.18
NCIH2126,austocystin D,0.185
DMS273,austocystin D,0.203
CORL279,austocystin D,0.21
SHP77,austocystin D,0.22
HS944T,austocystin D,0.223
AGS,austocystin D,0.231
SNUC4,austocystin D,0.249
ISHIKAWAHERAKLIO02ER,austocystin D,0.255
GP2D,austocystin D,0.274
KU812,austocystin D,0.286
NCIH2122,austocystin D,0.289
SNU175,austocystin D,0.293
NCIH508,austocystin D,0.321
KNS62,austocystin D,0.324
KMS11,austocystin D,0.34
NCIH1781,austocystin D,0.344
HT1080,austocystin D,0.348
RKN,austocystin D,0.363
OVMANA,austocystin D,0.367
T3M10,austocystin D,0.383
LS180,austocystin D,0.408
COLO668,austocystin D,0.443
NCIH1876,austocystin D,0.482
HEC151,austocystin D,0.495
NCIH1694,austocystin D,0.506
5637,austocystin D,0.534
OVKATE,austocystin D,0.538
NCIH1573,austocystin D,0.538
COLO741,austocystin D,0.54
DLD1,austocystin D,0.569
IGROV1,austocystin D,0.574
CW2,austocystin D,0.591
HUPT4,austocystin D,0.615
NCIH1105,austocystin D,0.622
HCC827,austocystin D,0.626
KM12,austocystin D,0.628
SW948,austocystin D,0.65
NCIH1568,austocystin D,0.665
HCC78,austocystin D,0.68
SNUC5,austocystin D,0.681
CHAGOK1,austocystin D,0.71
SKLU1,austocystin D,0.718
A375,austocystin D,0.725
NCIH1437,austocystin D,0.727
NCIH650,austocystin D,0.75
SNU840,austocystin D,0.766
SNU81,austocystin D,0.772
CL40,austocystin D,0.783
LOVO,austocystin D,0.803
KYSE140,austocystin D,0.81
HCC4006,austocystin D,0.82
CORL23,austocystin D,0.821
EPLC272H,austocystin D,0.899
VMRCLCD,austocystin D,0.9
SKCO1,austocystin D,0.92
HT55,austocystin D,0.937
NCIH1666,austocystin D,0.946
SNU61,austocystin D,0.965
RCM1,austocystin D,0.971
HT1376,austocystin D,0.977
LCLC97TM1,austocystin D,1.001
NCIH810,austocystin D,1.003
NCIH23,austocystin D,1.01
NCIH82,austocystin D,1.016
HCC1195,austocystin D,1.031
NCIH358,austocystin D,1.046
NUGC4,austocystin D,1.129
HEC59,austocystin D,1.132
KMBC2,austocystin D,1.135
NCIH2081,austocystin D,1.176
TYKNU,austocystin D,1.201
KYSE410,austocystin D,1.206
MCF7,austocystin D,1.207
SKMEL5,austocystin D,1.291
DV90,austocystin D,1.308
SW48,austocystin D,1.355
HCC1833,austocystin D,1.373
PANC0327,austocystin D,1.374
NCIH1836,austocystin D,1.384
CAL12T,austocystin D,1.43
RMGI,austocystin D,1.481
CORL51,austocystin D,1.485
LS411N,austocystin D,1.505
COLO205,austocystin D,1.51
JHOS4,austocystin D,1.565
JHOM1,austocystin D,1.587
NCIH441,austocystin D,1.6
CAPAN2,austocystin D,1.607
EBC1,austocystin D,1.637
SW620,austocystin D,1.647
LU99,austocystin D,1.654
COV362,austocystin D,1.69
LS123,austocystin D,1.703
NCIH1048,austocystin D,1.713
SNUC2A,austocystin D,1.731
NCIH1435,austocystin D,1.773
HCT116,austocystin D,1.789
HEC251,austocystin D,1.801
HEYA8,austocystin D,1.808
RMUGS,austocystin D,1.864
NCIH2141,austocystin D,1.888
CFPAC1,austocystin D,1.895
LN229,austocystin D,1.897
HEC6,austocystin D,1.917
NCIH1963,austocystin D,1.941
NCIH596,austocystin D,1.966
KLE,austocystin D,1.972
CORL88,austocystin D,2.006
SCC9,austocystin D,2.03
HCC2935,austocystin D,2.081
LP1,austocystin D,2.102
LC1SQSF,austocystin D,2.17
NCIH2009,austocystin D,2.181
U937,austocystin D,2.188
C2BBE1,austocystin D,2.231
COLO678,austocystin D,2.274
SKMEL1,austocystin D,2.302
QGP1,austocystin D,2.327
NCIH1975,austocystin D,2.342
NCIH1930,austocystin D,2.345
MKN7,austocystin D,2.365
NCIH1299,austocystin D,2.377
HEPG2,austocystin D,2.389
PANC1005,austocystin D,2.47
CALU3,austocystin D,2.562
MFE319,austocystin D,2.631
VMRCRCW,austocystin D,2.645
SNU449,austocystin D,2.731
NCIH3255,austocystin D,2.772
NCIH2342,austocystin D,2.821
OV90,austocystin D,2.86
NCIH1793,austocystin D,2.887
COV644,austocystin D,2.987
COV318,austocystin D,2.99
MSTO211H,austocystin D,3.017
OAW42,austocystin D,3.044
SKOV3,austocystin D,3.061
NCIH1355,austocystin D,3.084
MDST8,austocystin D,3.132
JHUEM2,austocystin D,3.143
NCIH2030,austocystin D,3.165
NCIH1944,austocystin D,3.305
NCIH727,austocystin D,3.31
NCIH1755,austocystin D,3.334
SW480,austocystin D,3.358
NUDUL1,austocystin D,3.392
HCC33,austocystin D,3.488
RERFLCKJ,austocystin D,3.538
PC3,austocystin D,3.576
NCIH2023,austocystin D,3.677
LU65,austocystin D,3.698
HS936T,austocystin D,3.716
HSC2,austocystin D,3.81
KYSE450,austocystin D,3.853
RCC10RGB,austocystin D,3.888
HCC2108,austocystin D,3.949
NCIH460,austocystin D,3.963
NOMO1,austocystin D,4.005
HPAC,austocystin D,4.009
BEN,austocystin D,4.15
OCIAML3,austocystin D,4.443
AMO1,austocystin D,4.46
HCC1359,austocystin D,4.47
NCIH2110,austocystin D,4.482
LXF289,austocystin D,4.49
HT29,austocystin D,4.62
SW403,austocystin D,4.624
EFO27,austocystin D,4.653
NCIH2405,austocystin D,4.717
HARA,austocystin D,4.861
RPMI8226,austocystin D,4.88
NCIH2286,austocystin D,4.934
PL21,austocystin D,4.973
SNU398,austocystin D,4.977
THP1,austocystin D,4.994
SNU1040,austocystin D,5.132
NCIH28,austocystin D,5.135
NCIH1373,austocystin D,5.154
OV7,austocystin D,5.193
CALU6,austocystin D,5.278
NCIH1915,austocystin D,5.325
SUIT2,austocystin D,5.334
HCC15,austocystin D,5.38
SKMEL28,austocystin D,5.386
SQ1,austocystin D,5.44
MKN74,austocystin D,5.54
GDM1,austocystin D,5.743
UMUC3,austocystin D,5.788
SUDHL4,austocystin D,5.829
G401,austocystin D,5.884
WSUDLCL2,austocystin D,5.926
PATU8902,austocystin D,5.936
OVK18,austocystin D,5.943
SUDHL5,austocystin D,6.013
A549,austocystin D,6.062
RKO,austocystin D,6.091
NCIH841,austocystin D,6.121
NCIH2052,austocystin D,6.15
OCILY10,austocystin D,6.179
A2780,austocystin D,6.191
KP3,austocystin D,6.218
JHH6,austocystin D,6.26
COV434,austocystin D,6.329
NCIH661,austocystin D,6.394
NCIH1792,austocystin D,6.48
HCC44,austocystin D,6.494
FU97,austocystin D,6.535
SNGM,austocystin D,6.584
NCIH2172,austocystin D,6.681
LCLC103H,austocystin D,6.781
HS852T,austocystin D,6.801
HEC265,austocystin D,6.892
KE97,austocystin D,6.938
GAMG,austocystin D,6.951
NCIH522,austocystin D,6.992
HT,austocystin D,7.062
EFO21,austocystin D,7.079
HEC108,austocystin D,7.121
BL70,austocystin D,7.203
MOLM16,austocystin D,7.241
SF295,austocystin D,7.29
P3HR1,austocystin D,7.521
SH10TC,austocystin D,7.641
MC116,austocystin D,7.771
SW48,avrainvillamide,1.591
KE97,avrainvillamide,1.898
SKM1,avrainvillamide,2.026
LS513,avrainvillamide,2.139
NCIH1568,avrainvillamide,2.186
OCIAML3,avrainvillamide,2.363
SHP77,avrainvillamide,2.459
KU812,avrainvillamide,2.467
NCIH23,avrainvillamide,2.478
LU99,avrainvillamide,2.492
COLO205,avrainvillamide,2.524
NCIH522,avrainvillamide,2.554
P3HR1,avrainvillamide,2.661
HCC33,avrainvillamide,2.744
NCIH28,avrainvillamide,2.811
GP2D,avrainvillamide,3.03
NCIH1666,avrainvillamide,3.06
OVK18,avrainvillamide,3.074
NCIH1975,avrainvillamide,3.168
VMRCLCD,avrainvillamide,3.239
NCIH2029,avrainvillamide,3.309
NCIH727,avrainvillamide,3.37
NCIH1963,avrainvillamide,3.381
NCIH810,avrainvillamide,3.386
HEYA8,avrainvillamide,3.393
NCIH1048,avrainvillamide,3.409
EPLC272H,avrainvillamide,3.438
THP1,avrainvillamide,3.515
KYSE140,avrainvillamide,3.519
CORL51,avrainvillamide,3.564
NCIH358,avrainvillamide,3.58
NCIH2009,avrainvillamide,3.606
PANC0327,avrainvillamide,3.608
WSUDLCL2,avrainvillamide,3.657
CORL279,avrainvillamide,3.745
HT,avrainvillamide,3.746
MFE319,avrainvillamide,3.775
BL70,avrainvillamide,3.799
CHAGOK1,avrainvillamide,3.807
G401,avrainvillamide,3.811
DLD1,avrainvillamide,3.835
HT1376,avrainvillamide,3.85
COV434,avrainvillamide,3.879
NCIH82,avrainvillamide,3.895
NUDUL1,avrainvillamide,3.898
NCIH1437,avrainvillamide,3.907
HEC265,avrainvillamide,3.907
HUPT4,avrainvillamide,3.929
KNS62,avrainvillamide,3.976
NCIH1944,avrainvillamide,3.991
HS936T,avrainvillamide,4.029
SKCO1,avrainvillamide,4.052
QGP1,avrainvillamide,4.096
LS411N,avrainvillamide,4.104
MSTO211H,avrainvillamide,4.127
NCIH2126,avrainvillamide,4.133
HSC2,avrainvillamide,4.153
LCLC103H,avrainvillamide,4.155
HS852T,avrainvillamide,4.162
HEC251,avrainvillamide,4.239
NCIH650,avrainvillamide,4.267
EJM,avrainvillamide,4.273
GDM1,avrainvillamide,4.307
HEC6,avrainvillamide,4.312
FU97,avrainvillamide,4.315
SNU175,avrainvillamide,4.319
HEC151,avrainvillamide,4.374
NCIH1299,avrainvillamide,4.386
HS944T,avrainvillamide,4.393
DMS273,avrainvillamide,4.407
COLO668,avrainvillamide,4.425
MOLM16,avrainvillamide,4.434
NCIH1876,avrainvillamide,4.44
OVCAR8,avrainvillamide,4.448
SNUC2A,avrainvillamide,4.457
SUDHL5,avrainvillamide,4.504
CORL88,avrainvillamide,4.518
HARA,avrainvillamide,4.536
NOMO1,avrainvillamide,4.544
SNU398,avrainvillamide,4.545
PL21,avrainvillamide,4.547
A549,avrainvillamide,4.593
RMGI,avrainvillamide,4.612
HCC78,avrainvillamide,4.617
COLO741,avrainvillamide,4.626
EBC1,avrainvillamide,4.634
RT4,avrainvillamide,4.637
PC3,avrainvillamide,4.656
G361,avrainvillamide,4.667
RPMI8226,avrainvillamide,4.68
NCIH1792,avrainvillamide,4.713
HEC108,avrainvillamide,4.752
NCIH1694,avrainvillamide,4.815
PANC1005,avrainvillamide,4.844
KYSE450,avrainvillamide,4.853
LP1,avrainvillamide,4.862
NCIH661,avrainvillamide,4.869
OVKATE,avrainvillamide,4.916
5637,avrainvillamide,4.926
NCIH1836,avrainvillamide,4.937
HCC44,avrainvillamide,4.951
NCIH1373,avrainvillamide,4.973
MC116,avrainvillamide,4.98
KMS11,avrainvillamide,4.98
NCIH1573,avrainvillamide,4.984
AMO1,avrainvillamide,4.986
ISHIKAWAHERAKLIO02ER,avrainvillamide,4.994
NCIH2405,avrainvillamide,5.021
HCC1833,avrainvillamide,5.021
SW403,avrainvillamide,5.023
CALU6,avrainvillamide,5.083
NCIH3255,avrainvillamide,5.091
NCIH2052,avrainvillamide,5.209
OVCAR4,avrainvillamide,5.223
SNU840,avrainvillamide,5.235
BEN,avrainvillamide,5.238
U2OS,avrainvillamide,5.244
HCC4006,avrainvillamide,5.252
PATU8902,avrainvillamide,5.256
NUGC4,avrainvillamide,5.261
OCILY10,avrainvillamide,5.278
KP3,avrainvillamide,5.295
SUDHL4,avrainvillamide,5.317
NCIH1105,avrainvillamide,5.329
NCIH1930,avrainvillamide,5.33
LU65,avrainvillamide,5.331
A375,avrainvillamide,5.345
LCLC97TM1,avrainvillamide,5.351
AGS,avrainvillamide,5.352
HCC2935,avrainvillamide,5.383
SUIT2,avrainvillamide,5.421
SNUC5,avrainvillamide,5.422
KYSE410,avrainvillamide,5.433
SH10TC,avrainvillamide,5.448
UMUC3,avrainvillamide,5.464
RMUGS,avrainvillamide,5.503
LOVO,avrainvillamide,5.504
NCIH1435,avrainvillamide,5.545
NCIH2141,avrainvillamide,5.548
NCIH2110,avrainvillamide,5.558
KMBC2,avrainvillamide,5.565
LC1SQSF,avrainvillamide,5.565
A2780,avrainvillamide,5.566
JHOS4,avrainvillamide,5.572
RERFLCKJ,avrainvillamide,5.574
KLE,avrainvillamide,5.582
NCIH1915,avrainvillamide,5.585
HEC59,avrainvillamide,5.601
CAPAN2,avrainvillamide,5.601
C2BBE1,avrainvillamide,5.615
TYKNU,avrainvillamide,5.63
SKMEL1,avrainvillamide,5.642
MKN7,avrainvillamide,5.662
RKO,avrainvillamide,5.665
SCLC21H,avrainvillamide,5.667
SNGM,avrainvillamide,5.683
CAOV3,avrainvillamide,5.704
HCC1195,avrainvillamide,5.704
VMRCRCW,avrainvillamide,5.708
NCIH2081,avrainvillamide,5.716
LS123,avrainvillamide,5.732
JHOC5,avrainvillamide,5.748
RCM1,avrainvillamide,5.771
MKN74,avrainvillamide,5.793
MDST8,avrainvillamide,5.795
NCIH2286,avrainvillamide,5.814
LN229,avrainvillamide,5.84
HCC1359,avrainvillamide,5.904
IGROV1,avrainvillamide,5.916
U937,avrainvillamide,5.938
HCT116,avrainvillamide,5.947
MCF7,avrainvillamide,5.962
SKLU1,avrainvillamide,5.971
JHOM1,avrainvillamide,5.972
DV90,avrainvillamide,5.996
NCIH1355,avrainvillamide,5.999
SNU81,avrainvillamide,5.999
HPAC,avrainvillamide,6.016
SKOV3,avrainvillamide,6.06
HCC15,avrainvillamide,6.068
CALU3,avrainvillamide,6.071
SQ1,avrainvillamide,6.076
EFO27,avrainvillamide,6.094
COLO678,avrainvillamide,6.098
LS180,avrainvillamide,6.121
RKN,avrainvillamide,6.137
CFPAC1,avrainvillamide,6.148
SKMEL28,avrainvillamide,6.15
KM12,avrainvillamide,6.156
NCIH841,avrainvillamide,6.157
HCC827,avrainvillamide,6.168
HT115,avrainvillamide,6.17
JHH6,avrainvillamide,6.171
SNUC4,avrainvillamide,6.191
GAMG,avrainvillamide,6.205
SNU449,avrainvillamide,6.224
EFO21,avrainvillamide,6.234
SF295,avrainvillamide,6.241
NCIH441,avrainvillamide,6.241
NCIH1793,avrainvillamide,6.265
COV318,avrainvillamide,6.279
OV90,avrainvillamide,6.292
LXF289,avrainvillamide,6.345
NCIH1781,avrainvillamide,6.354
HT1080,avrainvillamide,6.354
SW480,avrainvillamide,6.369
CW2,avrainvillamide,6.397
NCIH508,avrainvillamide,6.399
NCIH2122,avrainvillamide,6.443
COV644,avrainvillamide,6.457
NCIH2030,avrainvillamide,6.474
SW620,avrainvillamide,6.477
HCC2108,avrainvillamide,6.482
T3M10,avrainvillamide,6.505
SKMEL5,avrainvillamide,6.533
CL34,avrainvillamide,6.536
NCIH2342,avrainvillamide,6.543
SW948,avrainvillamide,6.546
SCC9,avrainvillamide,6.565
NCIH596,avrainvillamide,6.57
JHUEM2,avrainvillamide,6.634
OVMANA,avrainvillamide,6.657
COLO320,avrainvillamide,6.75
NCIH460,avrainvillamide,6.764
NCIH2172,avrainvillamide,6.791
CAL12T,avrainvillamide,6.983
CORL23,avrainvillamide,7.009
HT55,avrainvillamide,7.016
NCIH2023,avrainvillamide,7.032
COV362,avrainvillamide,7.084
RCC10RGB,avrainvillamide,7.128
SNU61,avrainvillamide,7.17
HCT8,avrainvillamide,7.205
HT29,avrainvillamide,7.216
OV7,avrainvillamide,7.253
SNU1040,avrainvillamide,7.256
NCIH1755,avrainvillamide,7.275
CL40,avrainvillamide,7.455
HEPG2,avrainvillamide,7.574
OAW42,avrainvillamide,7.608
SW620,AZD-7545,2.745
SW480,AZD-7545,2.796
HEC151,AZD-7545,3.07
SUDHL5,AZD-7545,3.949
NCIH460,AZD-7545,4.187
U937,AZD-7545,4.237
TYKNU,AZD-7545,4.34
KMS11,AZD-7545,4.424
THP1,AZD-7545,4.507
LP1,AZD-7545,4.509
PL21,AZD-7545,4.597
HT1080,AZD-7545,4.616
SKM1,AZD-7545,4.735
SNU175,AZD-7545,4.756
SKLU1,AZD-7545,4.765
MOLM16,AZD-7545,4.773
SKMEL5,AZD-7545,4.805
HCC2108,AZD-7545,4.847
NCIH2172,AZD-7545,4.916
OV90,AZD-7545,4.959
NCIH1963,AZD-7545,5.019
SKMEL28,AZD-7545,5.082
SNUC5,AZD-7545,5.086
NCIH2030,AZD-7545,5.151
A2780,AZD-7545,5.181
RMUGS,AZD-7545,5.217
CAL12T,AZD-7545,5.249
RPMI8226,AZD-7545,5.25
NCIH841,AZD-7545,5.273
OVK18,AZD-7545,5.327
OVCAR4,AZD-7545,5.331
LS180,AZD-7545,5.357
RCC10RGB,AZD-7545,5.379
NCIH2110,AZD-7545,5.42
OVKATE,AZD-7545,5.422
SNUC4,AZD-7545,5.454
JHOC5,AZD-7545,5.516
HCT116,AZD-7545,5.556
SCLC21H,AZD-7545,5.557
SUDHL4,AZD-7545,5.572
COV434,AZD-7545,5.575
IGROV1,AZD-7545,5.576
NCIH1105,AZD-7545,5.592
HT29,AZD-7545,5.603
OVCAR8,AZD-7545,5.645
RKN,AZD-7545,5.687
EJM,AZD-7545,5.706
NUDUL1,AZD-7545,5.718
HCC15,AZD-7545,5.751
CW2,AZD-7545,5.802
RMGI,AZD-7545,5.888
MCF7,AZD-7545,5.938
GDM1,AZD-7545,5.958
NCIH1876,AZD-7545,5.974
LOVO,AZD-7545,6.002
WSUDLCL2,AZD-7545,6.008
NCIH1694,AZD-7545,6.015
HEPG2,AZD-7545,6.052
LS123,AZD-7545,6.099
JHUEM2,AZD-7545,6.109
NCIH1836,AZD-7545,6.138
NCIH3255,AZD-7545,6.147
HCC4006,AZD-7545,6.192
OCIAML3,AZD-7545,6.252
HCC827,AZD-7545,6.27
T3M10,AZD-7545,6.297
HCC2935,AZD-7545,6.312
SNU1040,AZD-7545,6.338
SKMEL1,AZD-7545,6.343
LN229,AZD-7545,6.345
NCIH2342,AZD-7545,6.354
JHOM1,AZD-7545,6.364
NCIH2141,AZD-7545,6.372
NCIH596,AZD-7545,6.38
SNU840,AZD-7545,6.398
NCIH2081,AZD-7545,6.424
HCC1833,AZD-7545,6.428
RCM1,AZD-7545,6.433
KM12,AZD-7545,6.45
OCILY10,AZD-7545,6.457
SNU61,AZD-7545,6.461
SW948,AZD-7545,6.469
NCIH2122,AZD-7545,6.495
NCIH1781,AZD-7545,6.521
HCC1359,AZD-7545,6.626
SNU81,AZD-7545,6.645
COLO678,AZD-7545,6.667
NCIH2023,AZD-7545,6.673
EFO27,AZD-7545,6.676
SQ1,AZD-7545,6.681
CL34,AZD-7545,6.706
CORL51,AZD-7545,6.707
MDST8,AZD-7545,6.742
HT55,AZD-7545,6.758
HCC1195,AZD-7545,6.762
COV644,AZD-7545,6.77
HCT8,AZD-7545,6.775
RKO,AZD-7545,6.816
A375,AZD-7545,6.841
CAOV3,AZD-7545,6.882
NCIH1755,AZD-7545,6.903
U2OS,AZD-7545,6.906
NOMO1,AZD-7545,6.918
SNU398,AZD-7545,6.989
HT115,AZD-7545,6.997
AMO1,AZD-7545,7.024
NCIH441,AZD-7545,7.035
COLO320,AZD-7545,7.066
SCC9,AZD-7545,7.26
OV7,AZD-7545,7.345
NCIH508,AZD-7545,7.377
COV362,AZD-7545,7.417
CORL23,AZD-7545,7.656
AGS,AZD-7545,7.701
CL40,AZD-7545,7.727
OAW42,AZD-7545,8.521
NUDUL1,B02,2.548
SKM1,B02,2.947
OCIAML3,B02,3.01
GDM1,B02,3.41
SUDHL5,B02,3.541
PL21,B02,3.688
U937,B02,3.71
THP1,B02,3.774
HCT116,B02,3.872
HT115,B02,3.962
NCIH2122,B02,4.046
NCIH596,B02,4.049
TYKNU,B02,4.086
NCIH441,B02,4.192
NCIH508,B02,4.206
A375,B02,4.223
SW480,B02,4.247
LOVO,B02,4.302
JHUEM2,B02,4.36
SUDHL4,B02,4.383
T3M10,B02,4.386
RMUGS,B02,4.461
NOMO1,B02,4.49
RPMI8226,B02,4.504
MOLM16,B02,4.521
SW620,B02,4.54
LN229,B02,4.648
LS123,B02,4.655
NCIH1781,B02,4.677
HCC15,B02,4.688
RKO,B02,4.7
WSUDLCL2,B02,4.715
HCT8,B02,4.794
SNU840,B02,4.795
CL34,B02,4.807
OV90,B02,4.816
MDST8,B02,4.835
OV7,B02,4.846
SKMEL5,B02,4.857
SNU1040,B02,5.106
COV644,B02,5.113
NCIH1755,B02,5.141
NCIH460,B02,5.162
HT55,B02,5.167
HT1080,B02,5.186
SKLU1,B02,5.209
COLO678,B02,5.299
RCM1,B02,5.327
CL40,B02,5.335
CAOV3,B02,5.337
HT29,B02,5.48
SKMEL28,B02,6.218
SKMEL1,B02,6.455
WSUDLCL2,batimastat,1.423
SNU175,batimastat,2.753
SUDHL5,batimastat,3.018
PL21,batimastat,3.131
RCM1,batimastat,3.167
NCIH1963,batimastat,3.195
SCC9,batimastat,3.231
LS180,batimastat,3.238
NCIH1781,batimastat,3.311
SNUC4,batimastat,3.364
U937,batimastat,3.425
SQ1,batimastat,3.517
SW948,batimastat,3.525
NCIH3255,batimastat,3.614
NCIH508,batimastat,3.628
HT55,batimastat,3.821
OVCAR4,batimastat,3.891
NOMO1,batimastat,3.945
OVCAR8,batimastat,3.999
HCC4006,batimastat,4.068
HT115,batimastat,4.125
HEC151,batimastat,4.204
OCIAML3,batimastat,4.255
CORL51,batimastat,4.354
RMGI,batimastat,4.373
SKM1,batimastat,4.38
SUDHL4,batimastat,4.435
CAL12T,batimastat,4.462
GDM1,batimastat,4.55
COV644,batimastat,4.581
AGS,batimastat,4.599
COV362,batimastat,4.601
MOLM16,batimastat,4.608
OV90,batimastat,4.643
COLO678,batimastat,4.681
NCIH2110,batimastat,4.69
SNU81,batimastat,4.774
CW2,batimastat,4.949
HCC2935,batimastat,4.954
SW480,batimastat,4.96
SNUC5,batimastat,5.003
CL40,batimastat,5.005
NUDUL1,batimastat,5.015
SW620,batimastat,5.037
NCIH1694,batimastat,5.109
THP1,batimastat,5.128
NCIH441,batimastat,5.137
OVK18,batimastat,5.167
LOVO,batimastat,5.194
RPMI8226,batimastat,5.214
NCIH1876,batimastat,5.33
JHOC5,batimastat,5.33
NCIH2342,batimastat,5.356
MCF7,batimastat,5.379
NCIH1105,batimastat,5.388
SNU61,batimastat,5.408
SKMEL28,batimastat,5.414
JHOM1,batimastat,5.425
NCIH1836,batimastat,5.535
CL34,batimastat,5.588
EFO27,batimastat,5.593
HCC1833,batimastat,5.6
SNU398,batimastat,5.627
SNU840,batimastat,5.64
RMUGS,batimastat,5.645
HCT116,batimastat,5.703
T3M10,batimastat,5.722
IGROV1,batimastat,5.779
NCIH2172,batimastat,5.793
LN229,batimastat,5.816
COV434,batimastat,5.846
SKMEL1,batimastat,5.913
NCIH2141,batimastat,5.94
NCIH2122,batimastat,5.972
CAOV3,batimastat,5.977
NCIH2030,batimastat,6.047
MDST8,batimastat,6.084
OV7,batimastat,6.103
COLO320,batimastat,6.162
HCC2108,batimastat,6.187
HCC827,batimastat,6.202
HCC15,batimastat,6.217
SKLU1,batimastat,6.265
KM12,batimastat,6.269
OCILY10,batimastat,6.339
HCC1195,batimastat,6.425
LS123,batimastat,6.436
RKN,batimastat,6.444
OVKATE,batimastat,6.447
SKMEL5,batimastat,6.463
A2780,batimastat,6.535
JHUEM2,batimastat,6.562
NCIH1755,batimastat,6.579
CORL23,batimastat,6.612
HT1080,batimastat,6.668
HCC1359,batimastat,6.68
SNU1040,batimastat,6.694
RCC10RGB,batimastat,6.725
U2OS,batimastat,6.746
NCIH596,batimastat,6.76
NCIH2023,batimastat,6.795
NCIH841,batimastat,6.992
SCLC21H,batimastat,6.992
NCIH460,batimastat,7.04
EJM,batimastat,7.056
TYKNU,batimastat,7.091
HCT8,batimastat,7.107
NCIH2081,batimastat,7.112
AMO1,batimastat,7.182
RKO,batimastat,7.183
A375,batimastat,7.188
KMS11,batimastat,7.435
LP1,batimastat,7.85
HT29,batimastat,7.888
OAW42,batimastat,8
HEPG2,batimastat,8.58
COV434,Bax channel blocker,3.094
NCIH1666,Bax channel blocker,3.209
OCIAML3,Bax channel blocker,3.214
SHP77,Bax channel blocker,3.237
NCIH1048,Bax channel blocker,3.291
OVK18,Bax channel blocker,3.42
NCIH810,Bax channel blocker,3.566
NCIH2342,Bax channel blocker,3.582
CHAGOK1,Bax channel blocker,3.636
RT4,Bax channel blocker,3.677
SNU175,Bax channel blocker,3.701
NCIH1573,Bax channel blocker,3.743
SW48,Bax channel blocker,3.744
DMS273,Bax channel blocker,3.758
KMS11,Bax channel blocker,3.764
OVKATE,Bax channel blocker,3.777
NCIH1299,Bax channel blocker,3.779
LS513,Bax channel blocker,3.822
BL70,Bax channel blocker,3.827
KU812,Bax channel blocker,3.829
NCIH1568,Bax channel blocker,3.849
NCIH727,Bax channel blocker,3.886
NCIH2009,Bax channel blocker,3.891
HEC108,Bax channel blocker,3.899
LS180,Bax channel blocker,3.908
KE97,Bax channel blocker,3.909
PC3,Bax channel blocker,3.912
NCIH82,Bax channel blocker,3.92
LXF289,Bax channel blocker,3.997
HS852T,Bax channel blocker,4.004
PL21,Bax channel blocker,4.029
HEYA8,Bax channel blocker,4.032
5637,Bax channel blocker,4.037
NCIH2126,Bax channel blocker,4.038
HCC78,Bax channel blocker,4.043
RMUGS,Bax channel blocker,4.052
C2BBE1,Bax channel blocker,4.053
CW2,Bax channel blocker,4.067
HEC151,Bax channel blocker,4.069
CAPAN2,Bax channel blocker,4.076
NCIH2029,Bax channel blocker,4.083
KYSE140,Bax channel blocker,4.125
ISHIKAWAHERAKLIO02ER,Bax channel blocker,4.136
HS936T,Bax channel blocker,4.138
NCIH1373,Bax channel blocker,4.148
KM12,Bax channel blocker,4.168
NCIH2405,Bax channel blocker,4.17
VMRCLCD,Bax channel blocker,4.178
MSTO211H,Bax channel blocker,4.187
AGS,Bax channel blocker,4.191
NUGC4,Bax channel blocker,4.206
PATU8902,Bax channel blocker,4.224
CORL279,Bax channel blocker,4.232
NCIH1836,Bax channel blocker,4.232
EPLC272H,Bax channel blocker,4.239
KNS62,Bax channel blocker,4.24
COLO668,Bax channel blocker,4.247
HT,Bax channel blocker,4.248
SNUC5,Bax channel blocker,4.252
NCIH28,Bax channel blocker,4.254
NCIH358,Bax channel blocker,4.264
QGP1,Bax channel blocker,4.272
KP3,Bax channel blocker,4.275
EBC1,Bax channel blocker,4.282
BEN,Bax channel blocker,4.29
NCIH661,Bax channel blocker,4.301
WSUDLCL2,Bax channel blocker,4.306
NCIH1975,Bax channel blocker,4.307
NCIH1930,Bax channel blocker,4.317
COLO741,Bax channel blocker,4.321
A549,Bax channel blocker,4.338
NCIH1792,Bax channel blocker,4.342
SNU81,Bax channel blocker,4.37
NCIH1944,Bax channel blocker,4.373
HT1376,Bax channel blocker,4.382
CALU6,Bax channel blocker,4.399
SNUC2A,Bax channel blocker,4.401
RMGI,Bax channel blocker,4.453
P3HR1,Bax channel blocker,4.46
SCLC21H,Bax channel blocker,4.489
G401,Bax channel blocker,4.505
NOMO1,Bax channel blocker,4.522
HSC2,Bax channel blocker,4.54
OVCAR4,Bax channel blocker,4.556
SNU398,Bax channel blocker,4.568
COLO205,Bax channel blocker,4.575
LP1,Bax channel blocker,4.604
JHOS4,Bax channel blocker,4.614
OVCAR8,Bax channel blocker,4.615
LC1SQSF,Bax channel blocker,4.624
THP1,Bax channel blocker,4.631
SNUC4,Bax channel blocker,4.647
SKM1,Bax channel blocker,4.654
U937,Bax channel blocker,4.661
HEC251,Bax channel blocker,4.665
PANC0327,Bax channel blocker,4.702
NCIH650,Bax channel blocker,4.706
HUPT4,Bax channel blocker,4.715
MCF7,Bax channel blocker,4.721
COLO320,Bax channel blocker,4.721
NCIH1793,Bax channel blocker,4.737
KYSE410,Bax channel blocker,4.747
KLE,Bax channel blocker,4.75
NCIH1435,Bax channel blocker,4.751
NCIH522,Bax channel blocker,4.757
GP2D,Bax channel blocker,4.76
HEC6,Bax channel blocker,4.76
GAMG,Bax channel blocker,4.761
HCC33,Bax channel blocker,4.764
HT115,Bax channel blocker,4.766
MFE319,Bax channel blocker,4.785
NCIH23,Bax channel blocker,4.793
HEC265,Bax channel blocker,4.845
DLD1,Bax channel blocker,4.888
SW948,Bax channel blocker,4.888
LU99,Bax channel blocker,4.89
GDM1,Bax channel blocker,4.896
HARA,Bax channel blocker,4.905
HS944T,Bax channel blocker,4.909
A375,Bax channel blocker,4.91
G361,Bax channel blocker,4.92
CFPAC1,Bax channel blocker,4.925
SKCO1,Bax channel blocker,4.926
NCIH2081,Bax channel blocker,4.939
T3M10,Bax channel blocker,4.942
HCC1833,Bax channel blocker,4.95
SUDHL5,Bax channel blocker,4.951
CORL88,Bax channel blocker,4.955
NCIH508,Bax channel blocker,4.964
NCIH596,Bax channel blocker,4.968
NCIH1915,Bax channel blocker,5.001
NCIH2286,Bax channel blocker,5.03
NCIH1694,Bax channel blocker,5.036
SNU61,Bax channel blocker,5.043
NCIH1876,Bax channel blocker,5.065
LN229,Bax channel blocker,5.065
KMBC2,Bax channel blocker,5.072
HCC2935,Bax channel blocker,5.076
RKO,Bax channel blocker,5.081
NCIH1355,Bax channel blocker,5.098
HCC44,Bax channel blocker,5.102
CAL12T,Bax channel blocker,5.11
OCILY10,Bax channel blocker,5.114
LCLC103H,Bax channel blocker,5.117
HCC4006,Bax channel blocker,5.12
COLO678,Bax channel blocker,5.125
SNU449,Bax channel blocker,5.146
SNU840,Bax channel blocker,5.155
SKLU1,Bax channel blocker,5.186
TYKNU,Bax channel blocker,5.213
JHH6,Bax channel blocker,5.223
CL34,Bax channel blocker,5.243
U2OS,Bax channel blocker,5.251
NCIH2122,Bax channel blocker,5.256
NCIH441,Bax channel blocker,5.277
LS411N,Bax channel blocker,5.301
RCM1,Bax channel blocker,5.306
NCIH1105,Bax channel blocker,5.325
HT55,Bax channel blocker,5.327
RPMI8226,Bax channel blocker,5.327
VMRCRCW,Bax channel blocker,5.341
MKN7,Bax channel blocker,5.346
SUIT2,Bax channel blocker,5.348
HCT116,Bax channel blocker,5.366
OV90,Bax channel blocker,5.367
JHUEM2,Bax channel blocker,5.4
MKN74,Bax channel blocker,5.406
LCLC97TM1,Bax channel blocker,5.433
LOVO,Bax channel blocker,5.438
HT1080,Bax channel blocker,5.442
NCIH841,Bax channel blocker,5.456
CL40,Bax channel blocker,5.456
SQ1,Bax channel blocker,5.458
NCIH460,Bax channel blocker,5.493
CORL51,Bax channel blocker,5.5
SKMEL1,Bax channel blocker,5.5
HPAC,Bax channel blocker,5.514
COV644,Bax channel blocker,5.527
NCIH2052,Bax channel blocker,5.542
NCIH2023,Bax channel blocker,5.548
HT29,Bax channel blocker,5.569
KYSE450,Bax channel blocker,5.569
SW480,Bax channel blocker,5.579
IGROV1,Bax channel blocker,5.593
MOLM16,Bax channel blocker,5.594
LU65,Bax channel blocker,5.606
DV90,Bax channel blocker,5.613
HCC1359,Bax channel blocker,5.617
CAOV3,Bax channel blocker,5.618
SW403,Bax channel blocker,5.621
OVMANA,Bax channel blocker,5.626
COV362,Bax channel blocker,5.637
NCIH1437,Bax channel blocker,5.659
A2780,Bax channel blocker,5.681
HCC2108,Bax channel blocker,5.682
LS123,Bax channel blocker,5.686
RERFLCKJ,Bax channel blocker,5.694
HEC59,Bax channel blocker,5.71
MDST8,Bax channel blocker,5.74
CALU3,Bax channel blocker,5.741
UMUC3,Bax channel blocker,5.746
EJM,Bax channel blocker,5.752
NCIH1781,Bax channel blocker,5.754
SNU1040,Bax channel blocker,5.763
HCC15,Bax channel blocker,5.773
FU97,Bax channel blocker,5.787
NCIH2110,Bax channel blocker,5.819
HCT8,Bax channel blocker,5.826
NCIH2172,Bax channel blocker,5.867
NCIH2141,Bax channel blocker,5.878
HEPG2,Bax channel blocker,5.883
SW620,Bax channel blocker,5.888
SKMEL5,Bax channel blocker,5.895
NCIH3255,Bax channel blocker,5.956
PANC1005,Bax channel blocker,5.987
JHOC5,Bax channel blocker,5.997
COV318,Bax channel blocker,6.011
NCIH1755,Bax channel blocker,6.067
SKMEL28,Bax channel blocker,6.072
OV7,Bax channel blocker,6.088
RKN,Bax channel blocker,6.098
SKOV3,Bax channel blocker,6.167
JHOM1,Bax channel blocker,6.18
SCC9,Bax channel blocker,6.236
NUDUL1,Bax channel blocker,6.265
SUDHL4,Bax channel blocker,6.298
SNGM,Bax channel blocker,6.334
EFO21,Bax channel blocker,6.339
CORL23,Bax channel blocker,6.339
SF295,Bax channel blocker,6.352
HCC827,Bax channel blocker,6.36
MC116,Bax channel blocker,6.375
EFO27,Bax channel blocker,6.388
NCIH2030,Bax channel blocker,6.412
SH10TC,Bax channel blocker,6.567
AMO1,Bax channel blocker,6.589
NCIH1963,Bax channel blocker,6.653
HCC1195,Bax channel blocker,6.673
RCC10RGB,Bax channel blocker,6.919
OAW42,Bax channel blocker,7.268
NUDUL1,BEC,1.615
LS180,BEC,3.818
WSUDLCL2,BEC,4.182
OVCAR8,BEC,4.731
SUDHL4,BEC,5.567
OV90,BEC,5.601
SUDHL5,BEC,5.807
OVK18,BEC,5.877
HCC4006,BEC,5.888
CAOV3,BEC,5.936
OVCAR4,BEC,5.939
EJM,BEC,5.985
JHOC5,BEC,6.066
NCIH2141,BEC,6.109
SCLC21H,BEC,6.11
TYKNU,BEC,6.17
NCIH1963,BEC,6.214
RKN,BEC,6.237
NOMO1,BEC,6.239
A375,BEC,6.267
SW620,BEC,6.329
SKMEL28,BEC,6.344
SW480,BEC,6.348
RMUGS,BEC,6.388
LOVO,BEC,6.391
NCIH1876,BEC,6.404
SKM1,BEC,6.426
HEC151,BEC,6.46
OVKATE,BEC,6.478
HCT116,BEC,6.479
HT1080,BEC,6.518
SNU840,BEC,6.53
NCIH2030,BEC,6.531
HCC1833,BEC,6.537
AMO1,BEC,6.569
NCIH1694,BEC,6.572
COV434,BEC,6.577
THP1,BEC,6.589
HCC15,BEC,6.59
NCIH2122,BEC,6.615
JHUEM2,BEC,6.616
COLO320,BEC,6.618
SNU175,BEC,6.632
RCM1,BEC,6.698
NCIH2172,BEC,6.713
IGROV1,BEC,6.746
T3M10,BEC,6.765
NCIH596,BEC,6.782
RKO,BEC,6.784
NCIH2081,BEC,6.799
HCC2108,BEC,6.806
RMGI,BEC,6.857
NCIH460,BEC,6.889
SNU81,BEC,6.89
SNU1040,BEC,6.905
HCC827,BEC,6.921
NCIH1105,BEC,6.925
GDM1,BEC,6.947
CORL51,BEC,6.949
SNU398,BEC,6.95
HT29,BEC,6.968
MDST8,BEC,6.969
OCILY10,BEC,6.97
SQ1,BEC,6.972
NCIH841,BEC,6.977
RPMI8226,BEC,6.977
LN229,BEC,6.981
JHOM1,BEC,7.027
MOLM16,BEC,7.032
NCIH441,BEC,7.066
LS123,BEC,7.071
U2OS,BEC,7.08
NCIH1836,BEC,7.081
KMS11,BEC,7.09
A2780,BEC,7.106
CL34,BEC,7.138
SKLU1,BEC,7.138
PL21,BEC,7.149
HEPG2,BEC,7.179
HT115,BEC,7.19
NCIH2342,BEC,7.204
COLO678,BEC,7.216
SNU61,BEC,7.225
OV7,BEC,7.267
KM12,BEC,7.277
NCIH1755,BEC,7.299
U937,BEC,7.304
SNUC4,BEC,7.305
SKMEL1,BEC,7.316
CW2,BEC,7.326
NCIH2023,BEC,7.353
LP1,BEC,7.36
COV362,BEC,7.399
HCT8,BEC,7.414
NCIH1781,BEC,7.416
HCC1195,BEC,7.454
HCC2935,BEC,7.454
SW948,BEC,7.458
EFO27,BEC,7.467
SCC9,BEC,7.496
MCF7,BEC,7.513
SKMEL5,BEC,7.515
NCIH508,BEC,7.521
HT55,BEC,7.531
NCIH3255,BEC,7.577
NCIH2110,BEC,7.582
CORL23,BEC,7.705
COV644,BEC,7.712
SNUC5,BEC,7.767
OAW42,BEC,7.806
CL40,BEC,7.817
RCC10RGB,BEC,8.185
AGS,BEC,8.279
OCIAML3,BEC,8.341
CAL12T,BEC,8.376
HCC1359,BEC,10.079
SUDHL5,BEZ235,1.324
OVK18,BEZ235,1.72
OVKATE,BEZ235,1.894
KMS11,BEZ235,2.092
OCIAML3,BEZ235,2.109
WSUDLCL2,BEZ235,2.141
HEC151,BEZ235,2.189
PL21,BEZ235,2.378
OVCAR8,BEZ235,2.427
SUDHL4,BEZ235,2.429
SW948,BEZ235,2.434
MCF7,BEZ235,2.441
IGROV1,BEZ235,2.452
OVCAR4,BEZ235,2.509
JHOM1,BEZ235,2.525
HCC15,BEZ235,2.814
HCC1833,BEZ235,2.857
SNU840,BEZ235,2.884
THP1,BEZ235,2.891
NCIH596,BEZ235,2.894
LOVO,BEZ235,2.913
U937,BEZ235,2.915
KM12,BEZ235,3.004
EJM,BEZ235,3.034
TYKNU,BEZ235,3.069
RMGI,BEZ235,3.098
GDM1,BEZ235,3.139
RKN,BEZ235,3.141
LP1,BEZ235,3.207
SKM1,BEZ235,3.246
AGS,BEZ235,3.33
COV644,BEZ235,3.359
RPMI8226,BEZ235,3.363
CORL23,BEZ235,3.371
CAL12T,BEZ235,3.383
JHUEM2,BEZ235,3.384
NCIH1876,BEZ235,3.438
NCIH2122,BEZ235,3.446
A2780,BEZ235,3.495
JHOC5,BEZ235,3.498
LS180,BEZ235,3.533
NCIH3255,BEZ235,3.558
HCC2935,BEZ235,3.577
SKLU1,BEZ235,3.586
HCC4006,BEZ235,3.635
EFO27,BEZ235,3.644
MDST8,BEZ235,3.644
SNU81,BEZ235,3.651
RMUGS,BEZ235,3.665
OV90,BEZ235,3.675
NCIH1105,BEZ235,3.684
U2OS,BEZ235,3.745
MOLM16,BEZ235,3.769
SNU1040,BEZ235,3.806
A375,BEZ235,3.844
NOMO1,BEZ235,3.897
HT1080,BEZ235,3.929
NCIH1836,BEZ235,3.986
NCIH1963,BEZ235,4.051
NCIH841,BEZ235,4.072
NCIH1755,BEZ235,4.12
NCIH2030,BEZ235,4.132
HCT8,BEZ235,4.151
SKMEL1,BEZ235,4.153
SNU398,BEZ235,4.17
HCC2108,BEZ235,4.23
OCILY10,BEZ235,4.234
NCIH1781,BEZ235,4.234
COLO320,BEZ235,4.254
SW620,BEZ235,4.328
SNUC4,BEZ235,4.334
HCT116,BEZ235,4.353
SCC9,BEZ235,4.394
COV434,BEZ235,4.402
LN229,BEZ235,4.43
NCIH508,BEZ235,4.43
HCC827,BEZ235,4.463
SW480,BEZ235,4.486
CAOV3,BEZ235,4.487
SNU175,BEZ235,4.49
NCIH2141,BEZ235,4.534
NCIH2110,BEZ235,4.597
SCLC21H,BEZ235,4.638
NCIH2081,BEZ235,4.638
NCIH441,BEZ235,4.684
NCIH2172,BEZ235,4.705
NCIH2023,BEZ235,4.732
HT115,BEZ235,4.772
SKMEL5,BEZ235,4.776
HT55,BEZ235,4.847
LS123,BEZ235,4.872
SNUC5,BEZ235,4.89
AMO1,BEZ235,4.958
T3M10,BEZ235,5.068
NCIH1694,BEZ235,5.197
COV362,BEZ235,5.219
NUDUL1,BEZ235,5.256
OV7,BEZ235,5.259
RCM1,BEZ235,5.262
CL40,BEZ235,5.356
SQ1,BEZ235,5.363
RKO,BEZ235,5.399
CL34,BEZ235,5.413
NCIH2342,BEZ235,5.595
CW2,BEZ235,5.613
CORL51,BEZ235,5.682
NCIH460,BEZ235,5.697
HCC1195,BEZ235,5.922
OAW42,BEZ235,6.012
HCC1359,BEZ235,6.133
RCC10RGB,BEZ235,6.152
SKMEL28,BEZ235,6.215
HEPG2,BEZ235,6.257
COLO678,BEZ235,6.393
HT29,BEZ235,6.471
SNU61,BEZ235,7.035
WSUDLCL2,BI-2536,0.048
U937,BI-2536,0.06
OCIAML3,BI-2536,0.079
NOMO1,BI-2536,0.091
SKM1,BI-2536,0.092
PL21,BI-2536,0.094
BL70,BI-2536,0.095
SCLC21H,BI-2536,0.131
SUDHL4,BI-2536,0.15
SUDHL5,BI-2536,0.152
MOLM16,BI-2536,0.199
ISHIKAWAHERAKLIO02ER,BI-2536,0.229
OVCAR8,BI-2536,0.253
NUDUL1,BI-2536,0.284
LS180,BI-2536,0.307
THP1,BI-2536,0.416
NCIH1694,BI-2536,0.654
AGS,BI-2536,0.732
LXF289,BI-2536,0.758
OVCAR4,BI-2536,0.802
CL34,BI-2536,0.805
SNU1040,BI-2536,0.821
KMS11,BI-2536,0.849
HCT116,BI-2536,0.865
NCIH596,BI-2536,0.877
JHUEM2,BI-2536,0.891
GDM1,BI-2536,0.901
AMO1,BI-2536,0.924
OVK18,BI-2536,0.945
HEC151,BI-2536,0.946
RPMI8226,BI-2536,0.991
HCC15,BI-2536,0.996
LOVO,BI-2536,1.015
SNU175,BI-2536,1.13
NCIH2122,BI-2536,1.182
NCIH2286,BI-2536,1.182
NCIH508,BI-2536,1.19
SNUC4,BI-2536,1.234
CAOV3,BI-2536,1.238
HT115,BI-2536,1.251
NCIH1963,BI-2536,1.326
IGROV1,BI-2536,1.328
HT1080,BI-2536,1.337
OVKATE,BI-2536,1.338
OCILY10,BI-2536,1.408
COV434,BI-2536,1.439
KM12,BI-2536,1.466
NCIH841,BI-2536,1.505
SNU61,BI-2536,1.506
SNUC5,BI-2536,1.587
RKN,BI-2536,1.663
EJM,BI-2536,1.761
HCC2108,BI-2536,1.765
MCF7,BI-2536,1.767
LN229,BI-2536,1.846
SNGM,BI-2536,1.858
KLE,BI-2536,1.89
SNU81,BI-2536,1.904
A2780,BI-2536,1.951
SCC9,BI-2536,1.985
GAMG,BI-2536,2.001
HCC827,BI-2536,2.012
SKLU1,BI-2536,2.017
NCIH460,BI-2536,2.053
TYKNU,BI-2536,2.061
SKMEL5,BI-2536,2.136
JHOS4,BI-2536,2.144
CW2,BI-2536,2.149
HS852T,BI-2536,2.154
COV644,BI-2536,2.161
OV90,BI-2536,2.188
OAW42,BI-2536,2.202
NCIH2030,BI-2536,2.239
PATU8902,BI-2536,2.285
CAL12T,BI-2536,2.287
RCM1,BI-2536,2.294
HCC1833,BI-2536,2.342
SW948,BI-2536,2.394
U2OS,BI-2536,2.396
CORL23,BI-2536,2.41
SKMEL1,BI-2536,2.41
RMUGS,BI-2536,2.436
NCIH1876,BI-2536,2.459
LP1,BI-2536,2.461
A375,BI-2536,2.482
NCIH2172,BI-2536,2.517
RERFLCKJ,BI-2536,2.578
MKN74,BI-2536,2.581
HCT8,BI-2536,2.613
HT55,BI-2536,2.633
SQ1,BI-2536,2.637
SW620,BI-2536,2.646
RMGI,BI-2536,2.769
NCIH1435,BI-2536,2.78
NCIH1836,BI-2536,2.807
EFO27,BI-2536,2.831
CL40,BI-2536,2.891
RKO,BI-2536,2.939
HEC59,BI-2536,2.971
PC3,BI-2536,3.003
JHOM1,BI-2536,3.075
SNU398,BI-2536,3.129
T3M10,BI-2536,3.139
OV7,BI-2536,3.172
CORL51,BI-2536,3.204
NCIH1930,BI-2536,3.276
COLO320,BI-2536,3.357
JHOC5,BI-2536,3.37
SNU840,BI-2536,3.393
NCIH1755,BI-2536,3.411
HEPG2,BI-2536,3.422
HCC4006,BI-2536,3.436
NCIH2081,BI-2536,3.473
NCIH1781,BI-2536,3.483
HCC2935,BI-2536,3.567
COLO678,BI-2536,3.567
NCIH1105,BI-2536,3.609
NCIH3255,BI-2536,3.688
NCIH1915,BI-2536,3.716
COV362,BI-2536,3.794
SW480,BI-2536,3.847
SNU449,BI-2536,3.944
NCIH441,BI-2536,3.994
RCC10RGB,BI-2536,4.003
MDST8,BI-2536,4.287
HCC1359,BI-2536,4.306
NCIH2342,BI-2536,4.38
LS123,BI-2536,4.426
NCIH2023,BI-2536,4.427
NCIH2110,BI-2536,4.505
COLO668,BI-2536,4.528
HEC108,BI-2536,4.653
HT29,BI-2536,4.713
COV318,BI-2536,5.101
OVMANA,BI-2536,5.583
HCC1195,BI-2536,6.047
SKMEL28,BI-2536,6.844
NCIH2141,BI-2536,6.904
JHH6,BI-2536,7.078
NCIH2081,BIBR-1532,3.106
NCIH1963,BIBR-1532,4.188
AGS,BIBR-1532,4.221
LP1,BIBR-1532,4.487
HCC1195,BIBR-1532,4.603
JHOC5,BIBR-1532,4.643
OVKATE,BIBR-1532,4.668
WSUDLCL2,BIBR-1532,4.687
NCIH2342,BIBR-1532,4.701
NCIH1694,BIBR-1532,4.843
NCIH1836,BIBR-1532,4.874
OVCAR4,BIBR-1532,4.967
NCIH841,BIBR-1532,4.977
KMS11,BIBR-1532,4.989
HEC151,BIBR-1532,4.998
NCIH2141,BIBR-1532,5.004
SKM1,BIBR-1532,5.01
A2780,BIBR-1532,5.081
OVCAR8,BIBR-1532,5.098
SNU175,BIBR-1532,5.113
COV434,BIBR-1532,5.15
JHOM1,BIBR-1532,5.231
NCIH1876,BIBR-1532,5.242
THP1,BIBR-1532,5.265
JHUEM2,BIBR-1532,5.316
NCIH2023,BIBR-1532,5.335
SNUC5,BIBR-1532,5.409
U937,BIBR-1532,5.411
HCC2108,BIBR-1532,5.42
RMGI,BIBR-1532,5.446
OVK18,BIBR-1532,5.458
CW2,BIBR-1532,5.461
RPMI8226,BIBR-1532,5.522
NCIH2122,BIBR-1532,5.574
RMUGS,BIBR-1532,5.583
SNU81,BIBR-1532,5.664
IGROV1,BIBR-1532,5.749
NCIH1105,BIBR-1532,5.752
SUDHL5,BIBR-1532,5.777
COLO320,BIBR-1532,5.782
LS180,BIBR-1532,5.797
A375,BIBR-1532,5.819
LN229,BIBR-1532,5.85
NCIH596,BIBR-1532,5.946
OCILY10,BIBR-1532,5.973
RKN,BIBR-1532,5.993
NUDUL1,BIBR-1532,6.062
NCIH1781,BIBR-1532,6.072
HCC15,BIBR-1532,6.078
OV90,BIBR-1532,6.098
SNU398,BIBR-1532,6.126
CAL12T,BIBR-1532,6.15
KM12,BIBR-1532,6.15
NCIH2172,BIBR-1532,6.151
NCIH508,BIBR-1532,6.156
NCIH460,BIBR-1532,6.157
SW480,BIBR-1532,6.175
HCC1833,BIBR-1532,6.175
OV7,BIBR-1532,6.178
MCF7,BIBR-1532,6.179
NCIH2030,BIBR-1532,6.197
LS123,BIBR-1532,6.213
HCT116,BIBR-1532,6.224
SNU1040,BIBR-1532,6.242
SKLU1,BIBR-1532,6.25
U2OS,BIBR-1532,6.253
PL21,BIBR-1532,6.306
SNU61,BIBR-1532,6.316
SKMEL5,BIBR-1532,6.318
SNU840,BIBR-1532,6.336
HT1080,BIBR-1532,6.341
GDM1,BIBR-1532,6.347
HCC4006,BIBR-1532,6.352
HCC827,BIBR-1532,6.369
HCT8,BIBR-1532,6.369
NCIH2110,BIBR-1532,6.379
EFO27,BIBR-1532,6.381
MDST8,BIBR-1532,6.436
SW620,BIBR-1532,6.445
EJM,BIBR-1532,6.481
SKMEL28,BIBR-1532,6.509
RCM1,BIBR-1532,6.518
TYKNU,BIBR-1532,6.54
OAW42,BIBR-1532,6.628
NOMO1,BIBR-1532,6.644
COLO678,BIBR-1532,6.654
AMO1,BIBR-1532,6.677
SW948,BIBR-1532,6.685
SNUC4,BIBR-1532,6.729
HCC2935,BIBR-1532,6.768
OCIAML3,BIBR-1532,6.771
T3M10,BIBR-1532,6.777
SUDHL4,BIBR-1532,6.779
HT55,BIBR-1532,6.799
HEPG2,BIBR-1532,6.809
RKO,BIBR-1532,6.813
NCIH3255,BIBR-1532,6.823
CAOV3,BIBR-1532,6.838
NCIH441,BIBR-1532,6.864
SQ1,BIBR-1532,6.874
CORL23,BIBR-1532,6.886
NCIH1755,BIBR-1532,6.922
LOVO,BIBR-1532,6.935
SCC9,BIBR-1532,6.972
MOLM16,BIBR-1532,7.009
SKMEL1,BIBR-1532,7.022
RCC10RGB,BIBR-1532,7.19
CORL51,BIBR-1532,7.212
COV644,BIBR-1532,7.216
HT115,BIBR-1532,7.224
COV362,BIBR-1532,7.228
CL40,BIBR-1532,7.263
HCC1359,BIBR-1532,7.322
HT29,BIBR-1532,7.584
CL34,BIBR-1532,7.59
SCLC21H,BIBR-1532,7.621
NCIH1048,bistramide A,0.367
MSTO211H,bistramide A,0.475
KU812,bistramide A,0.635
BL70,bistramide A,0.668
5637,bistramide A,0.677
NCIH2286,bistramide A,0.957
CORL279,bistramide A,0.982
SW48,bistramide A,1.003
VMRCLCD,bistramide A,1.026
ISHIKAWAHERAKLIO02ER,bistramide A,1.126
NCIH1299,bistramide A,1.145
HSC2,bistramide A,1.226
HS852T,bistramide A,1.36
HEC265,bistramide A,1.445
HUPT4,bistramide A,1.494
KNS62,bistramide A,1.498
MC116,bistramide A,1.514
EPLC272H,bistramide A,1.629
HCC44,bistramide A,1.647
DMS273,bistramide A,1.672
GP2D,bistramide A,1.678
HARA,bistramide A,1.696
HT,bistramide A,1.755
P3HR1,bistramide A,1.841
PANC0327,bistramide A,1.861
LXF289,bistramide A,1.871
RT4,bistramide A,1.99
NCIH1666,bistramide A,2.036
LS513,bistramide A,2.067
NCIH23,bistramide A,2.087
DLD1,bistramide A,2.093
KE97,bistramide A,2.102
HEYA8,bistramide A,2.179
NCIH1944,bistramide A,2.329
KYSE410,bistramide A,2.332
NCIH28,bistramide A,2.363
A549,bistramide A,2.411
COLO205,bistramide A,2.441
UMUC3,bistramide A,2.445
SNGM,bistramide A,2.494
KYSE140,bistramide A,2.528
HCC78,bistramide A,2.578
HEC6,bistramide A,2.722
SW403,bistramide A,2.747
NCIH82,bistramide A,2.793
PC3,bistramide A,2.813
SF295,bistramide A,2.828
SNU449,bistramide A,2.836
NCIH2126,bistramide A,2.837
RERFLCKJ,bistramide A,2.842
SKCO1,bistramide A,2.886
G401,bistramide A,2.89
NCIH2029,bistramide A,2.894
KMBC2,bistramide A,3.123
NCIH810,bistramide A,3.218
LU99,bistramide A,3.225
NCIH1975,bistramide A,3.232
EBC1,bistramide A,3.252
MFE319,bistramide A,3.255
QGP1,bistramide A,3.301
SKOV3,bistramide A,3.348
EFO21,bistramide A,3.373
NCIH522,bistramide A,3.497
COLO668,bistramide A,3.504
PATU8902,bistramide A,3.52
COV318,bistramide A,3.539
NCIH1792,bistramide A,3.578
JHOS4,bistramide A,3.638
NCIH1355,bistramide A,3.651
LC1SQSF,bistramide A,3.654
HCC33,bistramide A,3.656
NCIH2009,bistramide A,3.672
NCIH1568,bistramide A,3.679
CAPAN2,bistramide A,3.699
SNUC2A,bistramide A,3.744
MKN7,bistramide A,3.813
PANC1005,bistramide A,3.867
NCIH358,bistramide A,3.872
HS944T,bistramide A,3.894
KLE,bistramide A,3.901
HT1376,bistramide A,3.942
GAMG,bistramide A,4.081
NCIH1373,bistramide A,4.082
C2BBE1,bistramide A,4.086
CHAGOK1,bistramide A,4.155
HEC251,bistramide A,4.162
VMRCRCW,bistramide A,4.191
SHP77,bistramide A,4.245
LCLC97TM1,bistramide A,4.252
CALU6,bistramide A,4.284
LS411N,bistramide A,4.346
NCIH727,bistramide A,4.349
CORL88,bistramide A,4.521
BEN,bistramide A,4.528
NCIH1573,bistramide A,4.535
OVMANA,bistramide A,4.538
HPAC,bistramide A,4.615
COLO741,bistramide A,4.723
JHH6,bistramide A,4.729
NCIH2405,bistramide A,4.735
HEC108,bistramide A,4.8
NCIH1437,bistramide A,4.803
NCIH2052,bistramide A,4.829
NCIH1793,bistramide A,4.878
KYSE450,bistramide A,4.89
LCLC103H,bistramide A,4.941
NCIH1915,bistramide A,5.13
CALU3,bistramide A,5.243
HS936T,bistramide A,5.271
KP3,bistramide A,5.39
FU97,bistramide A,5.396
G361,bistramide A,5.462
SH10TC,bistramide A,5.502
NCIH1930,bistramide A,5.519
NCIH661,bistramide A,5.537
HEC59,bistramide A,5.542
NCIH1435,bistramide A,5.582
CFPAC1,bistramide A,5.77
MKN74,bistramide A,5.862
SUIT2,bistramide A,5.955
NCIH650,bistramide A,6.302
NUGC4,bistramide A,6.348
LU65,bistramide A,6.994
DV90,bistramide A,8.099
SCLC21H,BIX-01294,1.139
SUDHL5,BIX-01294,2.052
OCIAML3,BIX-01294,2.231
PL21,BIX-01294,2.255
LS180,BIX-01294,2.422
KE97,BIX-01294,2.426
OCILY10,BIX-01294,2.647
MFE319,BIX-01294,2.653
NCIH1963,BIX-01294,2.668
SW48,BIX-01294,2.684
VMRCLCD,BIX-01294,2.689
NCIH810,BIX-01294,2.707
COV434,BIX-01294,2.802
CORL88,BIX-01294,2.828
HS936T,BIX-01294,2.865
THP1,BIX-01294,2.875
DMS273,BIX-01294,2.878
AGS,BIX-01294,2.89
LS513,BIX-01294,2.892
KMS11,BIX-01294,2.935
NCIH1666,BIX-01294,2.943
NUDUL1,BIX-01294,2.995
KU812,BIX-01294,3
G401,BIX-01294,3.07
HS852T,BIX-01294,3.101
CL34,BIX-01294,3.183
HCC33,BIX-01294,3.196
P3HR1,BIX-01294,3.26
NCIH2029,BIX-01294,3.267
KNS62,BIX-01294,3.269
OVCAR4,BIX-01294,3.311
CORL279,BIX-01294,3.329
SKM1,BIX-01294,3.357
OVK18,BIX-01294,3.388
SHP77,BIX-01294,3.395
RT4,BIX-01294,3.399
CL40,BIX-01294,3.412
NCIH1836,BIX-01294,3.42
NCIH23,BIX-01294,3.422
NCIH1944,BIX-01294,3.434
SNUC5,BIX-01294,3.46
KM12,BIX-01294,3.493
EJM,BIX-01294,3.512
AMO1,BIX-01294,3.527
MSTO211H,BIX-01294,3.529
WSUDLCL2,BIX-01294,3.546
HCC1833,BIX-01294,3.565
COLO668,BIX-01294,3.571
JHH6,BIX-01294,3.582
NUGC4,BIX-01294,3.598
HEC6,BIX-01294,3.606
MCF7,BIX-01294,3.617
OVCAR8,BIX-01294,3.644
COLO205,BIX-01294,3.677
COLO741,BIX-01294,3.688
QGP1,BIX-01294,3.703
COV644,BIX-01294,3.74
HT1376,BIX-01294,3.756
SNU81,BIX-01294,3.759
NOMO1,BIX-01294,3.768
LCLC97TM1,BIX-01294,3.796
CORL51,BIX-01294,3.797
GP2D,BIX-01294,3.797
G361,BIX-01294,3.819
CALU6,BIX-01294,3.832
HCC78,BIX-01294,3.857
RMGI,BIX-01294,3.866
HT,BIX-01294,3.881
HT115,BIX-01294,3.883
KYSE140,BIX-01294,3.899
PANC0327,BIX-01294,3.921
NCIH522,BIX-01294,3.931
NCIH1792,BIX-01294,3.932
NCIH2126,BIX-01294,3.936
SNUC4,BIX-01294,3.948
T3M10,BIX-01294,3.958
SUDHL4,BIX-01294,3.968
RKO,BIX-01294,3.979
NCIH82,BIX-01294,3.98
HEC265,BIX-01294,3.982
COLO678,BIX-01294,3.99
SW948,BIX-01294,4.003
SNUC2A,BIX-01294,4.005
A375,BIX-01294,4.009
NCIH1568,BIX-01294,4.02
LS411N,BIX-01294,4.024
BEN,BIX-01294,4.028
NCIH1573,BIX-01294,4.048
NCIH508,BIX-01294,4.076
NCIH1975,BIX-01294,4.082
EBC1,BIX-01294,4.098
TYKNU,BIX-01294,4.106
NCIH727,BIX-01294,4.115
HCC2935,BIX-01294,4.139
C2BBE1,BIX-01294,4.143
NCIH1373,BIX-01294,4.146
EPLC272H,BIX-01294,4.156
NCIH2081,BIX-01294,4.156
GDM1,BIX-01294,4.184
SKMEL5,BIX-01294,4.206
CW2,BIX-01294,4.207
HUPT4,BIX-01294,4.208
HARA,BIX-01294,4.222
CFPAC1,BIX-01294,4.229
NCIH1435,BIX-01294,4.231
HCC15,BIX-01294,4.234
HT29,BIX-01294,4.239
KYSE450,BIX-01294,4.278
OVKATE,BIX-01294,4.283
CAL12T,BIX-01294,4.295
SNU398,BIX-01294,4.298
RMUGS,BIX-01294,4.367
NCIH358,BIX-01294,4.385
SKCO1,BIX-01294,4.388
PANC1005,BIX-01294,4.406
DLD1,BIX-01294,4.407
RKN,BIX-01294,4.422
5637,BIX-01294,4.454
PATU8902,BIX-01294,4.462
SKMEL1,BIX-01294,4.471
PC3,BIX-01294,4.471
NCIH1437,BIX-01294,4.474
NCIH596,BIX-01294,4.498
VMRCRCW,BIX-01294,4.498
LU99,BIX-01294,4.503
HEC151,BIX-01294,4.51
BL70,BIX-01294,4.527
LN229,BIX-01294,4.532
SNU175,BIX-01294,4.545
A549,BIX-01294,4.554
SUIT2,BIX-01294,4.574
SF295,BIX-01294,4.584
MC116,BIX-01294,4.592
CAOV3,BIX-01294,4.615
RPMI8226,BIX-01294,4.619
JHUEM2,BIX-01294,4.623
SCC9,BIX-01294,4.627
KP3,BIX-01294,4.636
CAPAN2,BIX-01294,4.646
NCIH2122,BIX-01294,4.652
LOVO,BIX-01294,4.657
HCT116,BIX-01294,4.66
FU97,BIX-01294,4.669
HS944T,BIX-01294,4.692
MKN7,BIX-01294,4.699
KMBC2,BIX-01294,4.73
ISHIKAWAHERAKLIO02ER,BIX-01294,4.739
HT55,BIX-01294,4.749
LP1,BIX-01294,4.778
NCIH2009,BIX-01294,4.784
SQ1,BIX-01294,4.802
NCIH1355,BIX-01294,4.805
NCIH441,BIX-01294,4.808
NCIH1793,BIX-01294,4.819
HSC2,BIX-01294,4.819
SNU840,BIX-01294,4.841
U2OS,BIX-01294,4.862
RCM1,BIX-01294,4.871
NCIH2405,BIX-01294,4.913
NCIH1048,BIX-01294,4.92
LC1SQSF,BIX-01294,4.926
HCC44,BIX-01294,4.936
NCIH1299,BIX-01294,4.963
NCIH661,BIX-01294,4.967
NCIH1755,BIX-01294,4.971
LCLC103H,BIX-01294,4.977
MDST8,BIX-01294,4.983
RCC10RGB,BIX-01294,5.011
SNU61,BIX-01294,5.014
OV90,BIX-01294,5.024
SKOV3,BIX-01294,5.042
CHAGOK1,BIX-01294,5.051
NCIH28,BIX-01294,5.057
GAMG,BIX-01294,5.067
HCC1359,BIX-01294,5.071
JHOC5,BIX-01294,5.081
LXF289,BIX-01294,5.105
HEC251,BIX-01294,5.111
CALU3,BIX-01294,5.13
HCC1195,BIX-01294,5.143
NCIH2052,BIX-01294,5.143
NCIH2030,BIX-01294,5.144
COV362,BIX-01294,5.166
EFO27,BIX-01294,5.171
NCIH1876,BIX-01294,5.175
HCC4006,BIX-01294,5.209
KYSE410,BIX-01294,5.214
NCIH650,BIX-01294,5.222
JHOS4,BIX-01294,5.232
OV7,BIX-01294,5.259
HT1080,BIX-01294,5.261
NCIH2110,BIX-01294,5.262
NCIH2342,BIX-01294,5.27
SH10TC,BIX-01294,5.315
COV318,BIX-01294,5.322
HEYA8,BIX-01294,5.347
CORL23,BIX-01294,5.383
OVMANA,BIX-01294,5.41
MOLM16,BIX-01294,5.413
A2780,BIX-01294,5.426
NCIH1915,BIX-01294,5.457
NCIH1694,BIX-01294,5.503
SKMEL28,BIX-01294,5.51
LU65,BIX-01294,5.52
HEPG2,BIX-01294,5.527
HPAC,BIX-01294,5.53
NCIH460,BIX-01294,5.531
HCC2108,BIX-01294,5.559
SKLU1,BIX-01294,5.577
JHOM1,BIX-01294,5.631
IGROV1,BIX-01294,5.665
NCIH841,BIX-01294,5.685
RERFLCKJ,BIX-01294,5.697
LS123,BIX-01294,5.713
SW403,BIX-01294,5.781
MKN74,BIX-01294,5.788
HEC108,BIX-01294,5.814
EFO21,BIX-01294,5.896
SNGM,BIX-01294,5.92
NCIH2172,BIX-01294,5.923
HCC827,BIX-01294,6.007
HCT8,BIX-01294,6.013
KLE,BIX-01294,6.072
NCIH1781,BIX-01294,6.092
NCIH3255,BIX-01294,6.121
SNU1040,BIX-01294,6.184
NCIH2141,BIX-01294,6.184
OAW42,BIX-01294,6.28
SW480,BIX-01294,6.292
SW620,BIX-01294,6.442
NCIH1930,BIX-01294,6.468
NCIH2023,BIX-01294,6.471
NCIH2286,BIX-01294,6.568
SNU449,BIX-01294,6.594
UMUC3,BIX-01294,6.595
HEC59,BIX-01294,6.657
DV90,BIX-01294,6.783
U937,BIX-01294,7.283
NCIH1105,BIX-01294,10.054
NCIH1963,blebbistatin,2.451
MOLM16,blebbistatin,2.973
JHUEM2,blebbistatin,3.596
GDM1,blebbistatin,3.644
NOMO1,blebbistatin,3.698
SW948,blebbistatin,3.75
NCIH841,blebbistatin,3.882
SNUC4,blebbistatin,4.029
SKM1,blebbistatin,4.1
OVKATE,blebbistatin,4.149
U937,blebbistatin,4.208
COLO320,blebbistatin,4.277
NCIH2081,blebbistatin,4.336
SNU398,blebbistatin,4.463
LP1,blebbistatin,4.593
OVCAR4,blebbistatin,4.708
SNU175,blebbistatin,4.732
NCIH3255,blebbistatin,4.803
OCIAML3,blebbistatin,4.856
SUDHL5,blebbistatin,4.9
NCIH596,blebbistatin,4.915
SNU1040,blebbistatin,4.926
OVCAR8,blebbistatin,4.967
OVK18,blebbistatin,5.043
OV90,blebbistatin,5.077
OCILY10,blebbistatin,5.095
PL21,blebbistatin,5.237
JHOM1,blebbistatin,5.292
AGS,blebbistatin,5.298
HCC15,blebbistatin,5.301
COV434,blebbistatin,5.332
SW620,blebbistatin,5.351
SNU81,blebbistatin,5.49
NUDUL1,blebbistatin,5.513
NCIH1781,blebbistatin,5.586
LN229,blebbistatin,5.59
NCIH1755,blebbistatin,5.638
RCM1,blebbistatin,5.642
IGROV1,blebbistatin,5.674
A2780,blebbistatin,5.691
NCIH2110,blebbistatin,5.717
NCIH1694,blebbistatin,5.733
RMUGS,blebbistatin,5.764
TYKNU,blebbistatin,5.776
HCC2108,blebbistatin,5.785
CORL51,blebbistatin,5.798
NCIH2172,blebbistatin,5.841
THP1,blebbistatin,5.889
HEC151,blebbistatin,5.892
HCT116,blebbistatin,5.969
HCC4006,blebbistatin,6.034
NCIH1876,blebbistatin,6.035
EJM,blebbistatin,6.092
CAOV3,blebbistatin,6.122
CL34,blebbistatin,6.149
KMS11,blebbistatin,6.152
SW480,blebbistatin,6.161
SKLU1,blebbistatin,6.176
A375,blebbistatin,6.219
NCIH1105,blebbistatin,6.227
SKMEL1,blebbistatin,6.244
CW2,blebbistatin,6.272
HT115,blebbistatin,6.285
HCC1833,blebbistatin,6.285
CAL12T,blebbistatin,6.3
NCIH2342,blebbistatin,6.365
U2OS,blebbistatin,6.379
RKN,blebbistatin,6.386
NCIH2122,blebbistatin,6.418
SCLC21H,blebbistatin,6.43
HT1080,blebbistatin,6.445
CL40,blebbistatin,6.493
SUDHL4,blebbistatin,6.532
OV7,blebbistatin,6.541
RPMI8226,blebbistatin,6.545
NCIH2023,blebbistatin,6.555
HCC1195,blebbistatin,6.571
LS180,blebbistatin,6.585
JHOC5,blebbistatin,6.589
WSUDLCL2,blebbistatin,6.592
COV644,blebbistatin,6.607
HCT8,blebbistatin,6.612
MCF7,blebbistatin,6.647
SNU840,blebbistatin,6.651
NCIH508,blebbistatin,6.692
RKO,blebbistatin,6.702
EFO27,blebbistatin,6.708
RMGI,blebbistatin,6.768
COV362,blebbistatin,6.8
COLO678,blebbistatin,6.821
CORL23,blebbistatin,6.844
NCIH2030,blebbistatin,6.862
SNUC5,blebbistatin,6.896
SQ1,blebbistatin,6.915
SKMEL28,blebbistatin,6.918
AMO1,blebbistatin,6.927
T3M10,blebbistatin,6.93
HCC827,blebbistatin,6.949
SKMEL5,blebbistatin,7.016
LOVO,blebbistatin,7.022
NCIH1836,blebbistatin,7.053
NCIH460,blebbistatin,7.088
HT29,blebbistatin,7.09
NCIH441,blebbistatin,7.12
SNU61,blebbistatin,7.154
SCC9,blebbistatin,7.17
LS123,blebbistatin,7.216
HCC2935,blebbistatin,7.253
NCIH2141,blebbistatin,7.328
MDST8,blebbistatin,7.635
OAW42,blebbistatin,7.648
HT55,blebbistatin,7.661
KM12,blebbistatin,7.723
RCC10RGB,blebbistatin,7.811
HEPG2,blebbistatin,7.848
HCC1359,blebbistatin,8.766
OCIAML3,BML-259,2.382
NCIH1963,BML-259,2.667
PL21,BML-259,2.695
SNU81,BML-259,2.762
GDM1,BML-259,2.828
COV434,BML-259,2.848
SNUC4,BML-259,2.874
SNU398,BML-259,2.957
SKM1,BML-259,3.084
HCC4006,BML-259,3.25
JHOC5,BML-259,3.276
WSUDLCL2,BML-259,3.297
OVK18,BML-259,3.306
HEC151,BML-259,3.306
THP1,BML-259,3.382
LP1,BML-259,3.417
OVCAR8,BML-259,3.446
COLO320,BML-259,3.56
NCIH2081,BML-259,3.668
NCIH1694,BML-259,3.678
NCIH1105,BML-259,3.696
KMS11,BML-259,3.7
SUDHL4,BML-259,3.706
JHOM1,BML-259,3.71
LS180,BML-259,3.762
HCC1833,BML-259,3.857
NOMO1,BML-259,3.866
OVKATE,BML-259,3.876
HCC827,BML-259,3.883
RPMI8226,BML-259,3.897
A2780,BML-259,3.897
HCT116,BML-259,3.897
NCIH2122,BML-259,3.919
MCF7,BML-259,3.954
U937,BML-259,3.955
EJM,BML-259,3.977
TYKNU,BML-259,3.978
CW2,BML-259,4.015
NCIH596,BML-259,4.043
OVCAR4,BML-259,4.106
KM12,BML-259,4.114
HCC1195,BML-259,4.121
JHUEM2,BML-259,4.182
AGS,BML-259,4.2
HEPG2,BML-259,4.269
CAL12T,BML-259,4.309
NCIH1876,BML-259,4.316
SW948,BML-259,4.344
RCM1,BML-259,4.351
RMUGS,BML-259,4.362
SCLC21H,BML-259,4.394
SNU175,BML-259,4.508
SNUC5,BML-259,4.51
HCC2108,BML-259,4.541
CL40,BML-259,4.598
AMO1,BML-259,4.606
HCT8,BML-259,4.631
NCIH2342,BML-259,4.708
SW480,BML-259,4.708
OCILY10,BML-259,4.804
CL34,BML-259,4.852
RCC10RGB,BML-259,4.926
SNU61,BML-259,4.949
HT55,BML-259,4.966
SUDHL5,BML-259,4.973
NCIH2141,BML-259,4.995
SNU840,BML-259,4.999
NCIH841,BML-259,5
SNU1040,BML-259,5.014
NCIH508,BML-259,5.016
SKLU1,BML-259,5.057
RMGI,BML-259,5.061
COV644,BML-259,5.109
A375,BML-259,5.12
RKN,BML-259,5.143
HCC2935,BML-259,5.181
SKMEL1,BML-259,5.206
EFO27,BML-259,5.225
NCIH1836,BML-259,5.253
CORL51,BML-259,5.262
SW620,BML-259,5.279
NCIH2030,BML-259,5.291
HT115,BML-259,5.32
LOVO,BML-259,5.327
IGROV1,BML-259,5.334
HCC15,BML-259,5.345
MOLM16,BML-259,5.399
OV90,BML-259,5.456
CAOV3,BML-259,5.466
NCIH1755,BML-259,5.524
NUDUL1,BML-259,5.529
CORL23,BML-259,5.553
RKO,BML-259,5.561
MDST8,BML-259,5.579
LS123,BML-259,5.625
SCC9,BML-259,5.645
COLO678,BML-259,5.648
HT1080,BML-259,5.67
NCIH2023,BML-259,5.685
NCIH1781,BML-259,5.741
SQ1,BML-259,5.761
NCIH460,BML-259,5.779
NCIH2172,BML-259,5.816
LN229,BML-259,5.817
NCIH441,BML-259,5.853
SKMEL5,BML-259,5.931
OV7,BML-259,5.971
T3M10,BML-259,5.995
NCIH2110,BML-259,6.001
COV362,BML-259,6.297
HT29,BML-259,6.426
SKMEL28,BML-259,6.501
OAW42,BML-259,6.762
NCIH3255,BML-259,6.958
HCC1359,BML-259,8.644
KM12,BMS-536924,0.906
SW48,BMS-536924,0.955
KMS11,BMS-536924,1.203
PL21,BMS-536924,1.216
SKM1,BMS-536924,1.347
OVKATE,BMS-536924,1.394
COLO205,BMS-536924,1.461
AGS,BMS-536924,1.464
HT55,BMS-536924,1.521
LS513,BMS-536924,1.637
NCIH2122,BMS-536924,2.099
NCIH727,BMS-536924,2.12
HCC1833,BMS-536924,2.219
SCC9,BMS-536924,2.241
OCIAML3,BMS-536924,2.278
MCF7,BMS-536924,2.28
NCIH1568,BMS-536924,2.431
RMUGS,BMS-536924,2.443
G401,BMS-536924,2.47
NCIH1666,BMS-536924,2.543
SKCO1,BMS-536924,2.604
NCIH23,BMS-536924,2.616
LU99,BMS-536924,2.664
SW948,BMS-536924,2.724
EJM,BMS-536924,2.727
NCIH1048,BMS-536924,2.748
NCIH358,BMS-536924,2.759
GP2D,BMS-536924,2.799
NOMO1,BMS-536924,2.845
NCIH596,BMS-536924,2.86
CL34,BMS-536924,2.865
LS180,BMS-536924,2.903
NCIH1944,BMS-536924,2.969
GDM1,BMS-536924,2.978
NCIH2009,BMS-536924,2.992
HT1376,BMS-536924,3.003
NCIH1963,BMS-536924,3.007
NCIH3255,BMS-536924,3.024
NCIH2126,BMS-536924,3.068
CAPAN2,BMS-536924,3.079
LC1SQSF,BMS-536924,3.091
LU65,BMS-536924,3.112
LS411N,BMS-536924,3.125
JHUEM2,BMS-536924,3.129
COLO668,BMS-536924,3.175
HCC15,BMS-536924,3.185
HUPT4,BMS-536924,3.205
SNU1040,BMS-536924,3.215
HCC78,BMS-536924,3.249
CAL12T,BMS-536924,3.269
T3M10,BMS-536924,3.27
NCIH1975,BMS-536924,3.299
SNU175,BMS-536924,3.331
LP1,BMS-536924,3.333
LCLC97TM1,BMS-536924,3.333
IGROV1,BMS-536924,3.389
MSTO211H,BMS-536924,3.405
NCIH1792,BMS-536924,3.436
NCIH1781,BMS-536924,3.46
NCIH508,BMS-536924,3.462
NCIH1876,BMS-536924,3.478
HCC44,BMS-536924,3.491
RMGI,BMS-536924,3.502
A375,BMS-536924,3.529
NCIH28,BMS-536924,3.53
RT4,BMS-536924,3.533
HPAC,BMS-536924,3.585
NCIH1755,BMS-536924,3.636
SKLU1,BMS-536924,3.641
NCIH441,BMS-536924,3.644
NCIH1437,BMS-536924,3.671
A549,BMS-536924,3.714
RCM1,BMS-536924,3.728
NCIH1836,BMS-536924,3.748
SUDHL5,BMS-536924,3.76
NCIH1355,BMS-536924,3.765
SUDHL4,BMS-536924,3.785
CORL23,BMS-536924,3.791
COV434,BMS-536924,3.813
THP1,BMS-536924,3.84
SW620,BMS-536924,3.853
KP3,BMS-536924,3.871
OVCAR8,BMS-536924,3.874
BL70,BMS-536924,3.893
WSUDLCL2,BMS-536924,3.902
COLO320,BMS-536924,3.912
HEPG2,BMS-536924,3.916
C2BBE1,BMS-536924,3.931
COV362,BMS-536924,3.953
HCC827,BMS-536924,3.979
OVCAR4,BMS-536924,4.004
HS852T,BMS-536924,4.018
PATU8902,BMS-536924,4.035
COLO678,BMS-536924,4.04
AMO1,BMS-536924,4.043
HEC151,BMS-536924,4.053
RPMI8226,BMS-536924,4.078
COV644,BMS-536924,4.095
HARA,BMS-536924,4.103
NCIH1793,BMS-536924,4.121
HCT116,BMS-536924,4.126
OVK18,BMS-536924,4.141
HT115,BMS-536924,4.169
JHOM1,BMS-536924,4.175
HCC2108,BMS-536924,4.185
NCIH810,BMS-536924,4.188
MOLM16,BMS-536924,4.198
HSC2,BMS-536924,4.208
CL40,BMS-536924,4.212
NUDUL1,BMS-536924,4.222
VMRCRCW,BMS-536924,4.242
LXF289,BMS-536924,4.247
NCIH1573,BMS-536924,4.247
NCIH2286,BMS-536924,4.306
NCIH2029,BMS-536924,4.315
HCC2935,BMS-536924,4.33
NCIH2172,BMS-536924,4.333
NCIH1299,BMS-536924,4.354
NCIH2081,BMS-536924,4.359
EPLC272H,BMS-536924,4.36
KYSE140,BMS-536924,4.361
NCIH2030,BMS-536924,4.363
HT29,BMS-536924,4.367
FU97,BMS-536924,4.411
VMRCLCD,BMS-536924,4.447
SNUC5,BMS-536924,4.46
NCIH1435,BMS-536924,4.463
PANC1005,BMS-536924,4.48
NCIH2110,BMS-536924,4.482
NCIH1373,BMS-536924,4.49
NCIH2342,BMS-536924,4.505
5637,BMS-536924,4.508
LOVO,BMS-536924,4.513
SNU840,BMS-536924,4.538
KYSE410,BMS-536924,4.542
SUIT2,BMS-536924,4.545
SW480,BMS-536924,4.561
SNU449,BMS-536924,4.563
CHAGOK1,BMS-536924,4.582
JHOS4,BMS-536924,4.619
SQ1,BMS-536924,4.636
HEYA8,BMS-536924,4.637
OV7,BMS-536924,4.643
HCC4006,BMS-536924,4.668
NCIH522,BMS-536924,4.688
QGP1,BMS-536924,4.698
NCIH2405,BMS-536924,4.71
SNUC4,BMS-536924,4.728
OCILY10,BMS-536924,4.753
KMBC2,BMS-536924,4.782
LN229,BMS-536924,4.804
OV90,BMS-536924,4.835
RCC10RGB,BMS-536924,4.853
SW403,BMS-536924,4.855
EFO27,BMS-536924,4.881
SNUC2A,BMS-536924,4.888
NCIH1105,BMS-536924,4.891
U2OS,BMS-536924,4.896
KE97,BMS-536924,4.932
RKN,BMS-536924,4.935
A2780,BMS-536924,4.938
CFPAC1,BMS-536924,4.942
SNU61,BMS-536924,4.969
HT1080,BMS-536924,4.976
CAOV3,BMS-536924,4.991
NCIH841,BMS-536924,4.996
SKMEL5,BMS-536924,5.014
TYKNU,BMS-536924,5.016
KU812,BMS-536924,5.026
CW2,BMS-536924,5.067
NCIH460,BMS-536924,5.082
GAMG,BMS-536924,5.084
NCIH2023,BMS-536924,5.088
RKO,BMS-536924,5.109
NCIH1694,BMS-536924,5.12
UMUC3,BMS-536924,5.124
HCT8,BMS-536924,5.125
PC3,BMS-536924,5.147
LS123,BMS-536924,5.158
NCIH2052,BMS-536924,5.18
HCC1359,BMS-536924,5.203
HS936T,BMS-536924,5.247
NCIH661,BMS-536924,5.261
LCLC103H,BMS-536924,5.317
HCC33,BMS-536924,5.324
MKN7,BMS-536924,5.325
CALU6,BMS-536924,5.332
SHP77,BMS-536924,5.375
BEN,BMS-536924,5.399
COLO741,BMS-536924,5.423
KLE,BMS-536924,5.423
MDST8,BMS-536924,5.429
SKMEL28,BMS-536924,5.453
SKOV3,BMS-536924,5.458
MFE319,BMS-536924,5.46
RERFLCKJ,BMS-536924,5.502
SNU398,BMS-536924,5.507
NCIH2141,BMS-536924,5.578
ISHIKAWAHERAKLIO02ER,BMS-536924,5.583
U937,BMS-536924,5.612
NCIH650,BMS-536924,5.626
SNU81,BMS-536924,5.643
SKMEL1,BMS-536924,5.67
SCLC21H,BMS-536924,5.68
CORL88,BMS-536924,5.681
EBC1,BMS-536924,5.696
OAW42,BMS-536924,5.704
DLD1,BMS-536924,5.746
HEC6,BMS-536924,5.755
CORL51,BMS-536924,5.828
HCC1195,BMS-536924,5.845
MKN74,BMS-536924,5.877
KYSE450,BMS-536924,5.878
PANC0327,BMS-536924,5.927
P3HR1,BMS-536924,5.93
DMS273,BMS-536924,5.979
HEC265,BMS-536924,5.993
EFO21,BMS-536924,6.034
CALU3,BMS-536924,6.077
JHOC5,BMS-536924,6.084
COV318,BMS-536924,6.135
SNGM,BMS-536924,6.192
CORL279,BMS-536924,6.223
NCIH1915,BMS-536924,6.246
NCIH1930,BMS-536924,6.25
NCIH82,BMS-536924,6.253
HS944T,BMS-536924,6.404
HEC108,BMS-536924,6.408
HT,BMS-536924,6.447
G361,BMS-536924,6.465
KNS62,BMS-536924,6.502
SH10TC,BMS-536924,6.529
SF295,BMS-536924,6.563
HEC59,BMS-536924,6.658
HEC251,BMS-536924,6.707
JHH6,BMS-536924,6.812
OVMANA,BMS-536924,6.954
NUGC4,BMS-536924,7.075
DV90,BMS-536924,7.145
MC116,BMS-536924,8.544
SKM1,BMS-754807,0.857
KM12,BMS-754807,0.859
PL21,BMS-754807,1.143
KMS11,BMS-754807,1.23
SW948,BMS-754807,1.338
SNU175,BMS-754807,1.492
NCIH1876,BMS-754807,1.583
NCIH2122,BMS-754807,1.724
MCF7,BMS-754807,1.8
NOMO1,BMS-754807,1.81
HT55,BMS-754807,1.88
NCIH2081,BMS-754807,2.147
NCIH596,BMS-754807,2.425
JHUEM2,BMS-754807,2.46
GDM1,BMS-754807,2.466
SCLC21H,BMS-754807,2.66
OVKATE,BMS-754807,2.677
OCIAML3,BMS-754807,2.68
HCC15,BMS-754807,2.736
NCIH1836,BMS-754807,2.736
SNUC4,BMS-754807,2.798
NCIH841,BMS-754807,2.865
NCIH1963,BMS-754807,2.893
HCC2108,BMS-754807,3.033
OVCAR4,BMS-754807,3.087
BL70,BMS-754807,3.092
CORL23,BMS-754807,3.147
SNU1040,BMS-754807,3.161
PATU8902,BMS-754807,3.181
COLO320,BMS-754807,3.194
LP1,BMS-754807,3.194
MOLM16,BMS-754807,3.209
NCIH2286,BMS-754807,3.211
NCIH2141,BMS-754807,3.232
COLO668,BMS-754807,3.266
LXF289,BMS-754807,3.278
NCIH508,BMS-754807,3.397
NUDUL1,BMS-754807,3.439
CL34,BMS-754807,3.47
AGS,BMS-754807,3.476
RMUGS,BMS-754807,3.498
NCIH3255,BMS-754807,3.51
A375,BMS-754807,3.525
HS852T,BMS-754807,3.56
LOVO,BMS-754807,3.562
NCIH1781,BMS-754807,3.63
CAOV3,BMS-754807,3.632
RPMI8226,BMS-754807,3.634
NCIH1105,BMS-754807,3.665
CAL12T,BMS-754807,3.673
COV362,BMS-754807,3.699
HCT116,BMS-754807,3.711
SW620,BMS-754807,3.794
NCIH1694,BMS-754807,3.844
RCM1,BMS-754807,3.865
HCC1833,BMS-754807,3.887
EJM,BMS-754807,3.904
A2780,BMS-754807,3.945
SKLU1,BMS-754807,3.974
NCIH441,BMS-754807,3.998
OVCAR8,BMS-754807,4.003
COV434,BMS-754807,4.107
RMGI,BMS-754807,4.11
CL40,BMS-754807,4.13
HT115,BMS-754807,4.141
COLO678,BMS-754807,4.16
AMO1,BMS-754807,4.162
LS180,BMS-754807,4.167
NCIH2023,BMS-754807,4.19
GAMG,BMS-754807,4.278
HEC151,BMS-754807,4.344
NCIH2172,BMS-754807,4.415
NCIH2110,BMS-754807,4.482
SNU61,BMS-754807,4.487
PC3,BMS-754807,4.506
SKMEL1,BMS-754807,4.509
ISHIKAWAHERAKLIO02ER,BMS-754807,4.511
SW480,BMS-754807,4.578
OV90,BMS-754807,4.587
OVK18,BMS-754807,4.588
RERFLCKJ,BMS-754807,4.594
NCIH2342,BMS-754807,4.636
JHOS4,BMS-754807,4.649
NCIH1930,BMS-754807,4.652
SNU398,BMS-754807,4.689
CW2,BMS-754807,4.694
SNU449,BMS-754807,4.702
SNU81,BMS-754807,4.719
OV7,BMS-754807,4.758
SNUC5,BMS-754807,4.8
LN229,BMS-754807,4.812
HT1080,BMS-754807,4.816
U2OS,BMS-754807,4.856
NCIH460,BMS-754807,4.891
IGROV1,BMS-754807,4.922
THP1,BMS-754807,4.943
LS123,BMS-754807,4.977
SNU840,BMS-754807,4.995
TYKNU,BMS-754807,5.015
KLE,BMS-754807,5.054
OCILY10,BMS-754807,5.278
NCIH1755,BMS-754807,5.281
JHOM1,BMS-754807,5.292
SQ1,BMS-754807,5.334
HCC4006,BMS-754807,5.357
SCC9,BMS-754807,5.437
NCIH1435,BMS-754807,5.46
CORL51,BMS-754807,5.479
MKN74,BMS-754807,5.512
MDST8,BMS-754807,5.517
SUDHL4,BMS-754807,5.565
HCT8,BMS-754807,5.568
RKO,BMS-754807,5.597
SUDHL5,BMS-754807,5.617
T3M10,BMS-754807,5.697
HEC59,BMS-754807,5.708
SNGM,BMS-754807,5.747
COV644,BMS-754807,5.773
HT29,BMS-754807,5.782
HEPG2,BMS-754807,5.793
OVMANA,BMS-754807,5.816
COV318,BMS-754807,5.902
JHOC5,BMS-754807,5.93
HEC108,BMS-754807,5.939
HCC827,BMS-754807,6.101
RKN,BMS-754807,6.112
U937,BMS-754807,6.126
HCC2935,BMS-754807,6.185
NCIH1915,BMS-754807,6.274
OAW42,BMS-754807,6.318
WSUDLCL2,BMS-754807,6.32
SKMEL5,BMS-754807,6.371
SKMEL28,BMS-754807,6.395
JHH6,BMS-754807,6.664
NCIH2030,BMS-754807,6.736
HCC1195,BMS-754807,6.803
RCC10RGB,BMS-754807,6.855
EFO27,BMS-754807,7.041
HCC1359,BMS-754807,7.17
AMO1,bortezomib,0.179
NCIH2141,bortezomib,0.882
SKM1,bortezomib,1.23
OVCAR4,bortezomib,1.375
OV90,bortezomib,1.425
EJM,bortezomib,1.462
OCIAML3,bortezomib,1.475
JHOM1,bortezomib,1.541
LP1,bortezomib,1.563
RPMI8226,bortezomib,1.629
KMS11,bortezomib,1.674
RKN,bortezomib,1.678
RMUGS,bortezomib,1.696
OVK18,bortezomib,1.755
JHUEM2,bortezomib,1.768
A2780,bortezomib,1.951
CORL51,bortezomib,2.003
GDM1,bortezomib,2.046
JHOC5,bortezomib,2.051
SW620,bortezomib,2.062
WSUDLCL2,bortezomib,2.067
NCIH1876,bortezomib,2.095
SQ1,bortezomib,2.212
HCC827,bortezomib,2.218
MOLM16,bortezomib,2.333
SUDHL4,bortezomib,2.353
HEC151,bortezomib,2.366
NCIH1694,bortezomib,2.384
COV644,bortezomib,2.43
SUDHL5,bortezomib,2.432
TYKNU,bortezomib,2.435
HCT116,bortezomib,2.438
T3M10,bortezomib,2.438
NCIH2081,bortezomib,2.462
AGS,bortezomib,2.466
U937,bortezomib,2.518
RMGI,bortezomib,2.578
NCIH508,bortezomib,2.582
CL34,bortezomib,2.59
NUDUL1,bortezomib,2.598
HCC1195,bortezomib,2.607
LS180,bortezomib,2.687
RCM1,bortezomib,2.734
SNU840,bortezomib,2.761
LOVO,bortezomib,2.777
PL21,bortezomib,2.81
SKMEL5,bortezomib,2.847
SNUC4,bortezomib,2.866
HCC4006,bortezomib,2.869
RKO,bortezomib,2.878
SW480,bortezomib,2.897
HT55,bortezomib,2.978
SKMEL28,bortezomib,3.017
OVKATE,bortezomib,3.051
OVCAR8,bortezomib,3.057
SCC9,bortezomib,3.059
SCLC21H,bortezomib,3.081
OV7,bortezomib,3.12
NCIH441,bortezomib,3.15
NCIH1963,bortezomib,3.257
HCC2108,bortezomib,3.268
NCIH1836,bortezomib,3.282
NOMO1,bortezomib,3.298
HT1080,bortezomib,3.303
THP1,bortezomib,3.311
CAOV3,bortezomib,3.336
MDST8,bortezomib,3.371
HCC2935,bortezomib,3.381
SKLU1,bortezomib,3.396
NCIH1105,bortezomib,3.479
LS123,bortezomib,3.505
CORL23,bortezomib,3.526
HCC1833,bortezomib,3.591
IGROV1,bortezomib,3.882
A375,bortezomib,3.883
SNU175,bortezomib,3.957
HT29,bortezomib,3.996
NCIH841,bortezomib,4.031
HCC15,bortezomib,4.126
HT115,bortezomib,4.132
U2OS,bortezomib,4.138
SW948,bortezomib,4.148
NCIH1755,bortezomib,4.201
LN229,bortezomib,4.272
NCIH2030,bortezomib,4.282
HCC1359,bortezomib,4.284
HCT8,bortezomib,4.34
HEPG2,bortezomib,4.453
NCIH596,bortezomib,4.466
NCIH2122,bortezomib,4.524
SNU81,bortezomib,4.536
NCIH3255,bortezomib,4.583
KM12,bortezomib,4.609
SKMEL1,bortezomib,4.666
EFO27,bortezomib,4.744
COV434,bortezomib,4.746
RCC10RGB,bortezomib,4.753
OCILY10,bortezomib,4.882
CL40,bortezomib,5.104
SNU398,bortezomib,5.105
SNUC5,bortezomib,5.162
OAW42,bortezomib,5.228
NCIH2342,bortezomib,5.313
SNU61,bortezomib,5.448
MCF7,bortezomib,5.479
COLO320,bortezomib,5.547
NCIH1781,bortezomib,5.652
SNU1040,bortezomib,5.667
CAL12T,bortezomib,5.678
NCIH2023,bortezomib,5.845
CW2,bortezomib,6.165
NCIH460,bortezomib,6.197
NCIH2110,bortezomib,6.337
NCIH2172,bortezomib,6.346
COLO678,bortezomib,6.669
COV362,bortezomib,7.185
NUDUL1,BRD1429,2.675
GDM1,BRD1429,3.298
NCIH2122,BRD1429,3.619
RMUGS,BRD1429,3.79
OCIAML3,BRD1429,3.962
LS123,BRD1429,4.279
COV644,BRD1429,4.632
CW2,BRD1429,4.758
NCIH596,BRD1429,4.87
LOVO,BRD1429,4.967
THP1,BRD1429,4.994
T3M10,BRD1429,5.023
NCIH1836,BRD1429,5.057
TYKNU,BRD1429,5.1
SKM1,BRD1429,5.1
COLO320,BRD1429,5.179
COLO678,BRD1429,5.225
LN229,BRD1429,5.248
SNU81,BRD1429,5.249
U937,BRD1429,5.264
HCT116,BRD1429,5.378
SNUC4,BRD1429,5.389
NOMO1,BRD1429,5.406
SNU840,BRD1429,5.425
SW480,BRD1429,5.434
NCIH2110,BRD1429,5.441
RPMI8226,BRD1429,5.442
OV90,BRD1429,5.501
NCIH1781,BRD1429,5.635
PL21,BRD1429,5.65
WSUDLCL2,BRD1429,5.7
NCIH1755,BRD1429,5.717
SUDHL5,BRD1429,5.73
CL40,BRD1429,5.738
JHUEM2,BRD1429,5.873
SW948,BRD1429,5.883
MDST8,BRD1429,5.958
NCIH3255,BRD1429,5.966
RCM1,BRD1429,5.998
SW620,BRD1429,6.047
HCC15,BRD1429,6.047
NCIH441,BRD1429,6.077
HCT8,BRD1429,6.081
SNU1040,BRD1429,6.085
SNUC5,BRD1429,6.101
SNU61,BRD1429,6.127
RMGI,BRD1429,6.133
HT115,BRD1429,6.177
NCIH460,BRD1429,6.268
SUDHL4,BRD1429,6.287
HT1080,BRD1429,6.295
CAOV3,BRD1429,6.313
SKMEL1,BRD1429,6.369
CL34,BRD1429,6.395
A375,BRD1429,6.407
KM12,BRD1429,6.446
SKLU1,BRD1429,6.514
NCIH508,BRD1429,6.543
RKO,BRD1429,6.633
MOLM16,BRD1429,6.758
COV362,BRD1429,6.769
SKMEL28,BRD1429,6.796
SKMEL5,BRD1429,6.825
OV7,BRD1429,6.869
SNU175,BRD1429,6.886
HT29,BRD1429,6.952
CORL23,BRD1429,7.069
HT55,BRD1429,7.234
WSUDLCL2,BRD1812,2.729
HEC151,BRD1812,2.887
NCIH1048,BRD1812,3.058
LOVO,BRD1812,3.706
OVK18,BRD1812,3.709
LS180,BRD1812,3.718
OCIAML3,BRD1812,3.841
OVCAR8,BRD1812,3.851
SKM1,BRD1812,3.91
OVKATE,BRD1812,4.02
NCIH1694,BRD1812,4.09
AGS,BRD1812,4.163
THP1,BRD1812,4.236
PL21,BRD1812,4.282
HCT116,BRD1812,4.37
NCIH596,BRD1812,4.398
GDM1,BRD1812,4.461
KMS11,BRD1812,4.534
SUDHL5,BRD1812,4.586
KYSE140,BRD1812,4.598
SNU81,BRD1812,4.62
NOMO1,BRD1812,4.622
CORL51,BRD1812,4.684
U937,BRD1812,4.77
NCIH1963,BRD1812,4.789
OVCAR4,BRD1812,4.819
NCIH1666,BRD1812,4.855
HEYA8,BRD1812,4.857
NCIH1930,BRD1812,4.955
A2780,BRD1812,4.969
5637,BRD1812,5.075
SUDHL4,BRD1812,5.077
NCIH3255,BRD1812,5.081
OV90,BRD1812,5.095
RMUGS,BRD1812,5.108
NCIH82,BRD1812,5.129
MOLM16,BRD1812,5.142
KU812,BRD1812,5.165
IGROV1,BRD1812,5.177
VMRCLCD,BRD1812,5.187
RMGI,BRD1812,5.203
BL70,BRD1812,5.208
LCLC97TM1,BRD1812,5.233
HCC1195,BRD1812,5.242
KE97,BRD1812,5.261
JHUEM2,BRD1812,5.28
JHOM1,BRD1812,5.28
NCIH2122,BRD1812,5.339
G401,BRD1812,5.341
JHOC5,BRD1812,5.344
TYKNU,BRD1812,5.345
SKLU1,BRD1812,5.364
HT1080,BRD1812,5.372
SW480,BRD1812,5.396
NCIH1299,BRD1812,5.404
CORL279,BRD1812,5.421
EJM,BRD1812,5.437
LN229,BRD1812,5.44
NCIH810,BRD1812,5.445
NCIH508,BRD1812,5.449
QGP1,BRD1812,5.453
NCIH1105,BRD1812,5.46
SNU1040,BRD1812,5.483
PC3,BRD1812,5.504
SNU840,BRD1812,5.504
EFO27,BRD1812,5.519
SNUC5,BRD1812,5.526
KM12,BRD1812,5.538
HT,BRD1812,5.544
NCIH2342,BRD1812,5.546
ISHIKAWAHERAKLIO02ER,BRD1812,5.565
CL34,BRD1812,5.578
HT1376,BRD1812,5.584
SNUC2A,BRD1812,5.588
HSC2,BRD1812,5.625
SW948,BRD1812,5.635
NCIH2029,BRD1812,5.661
RT4,BRD1812,5.664
SW620,BRD1812,5.711
G361,BRD1812,5.731
HT55,BRD1812,5.739
SKMEL1,BRD1812,5.745
COV434,BRD1812,5.776
RKN,BRD1812,5.788
NCIH2081,BRD1812,5.822
MFE319,BRD1812,5.825
HCC15,BRD1812,5.846
CAPAN2,BRD1812,5.85
NCIH2110,BRD1812,5.858
PANC0327,BRD1812,5.863
MSTO211H,BRD1812,5.877
NCIH441,BRD1812,5.891
HCC2108,BRD1812,5.904
KYSE410,BRD1812,5.937
SCC9,BRD1812,5.946
CAL12T,BRD1812,5.961
UMUC3,BRD1812,5.964
P3HR1,BRD1812,5.966
HEC59,BRD1812,6.012
NCIH1781,BRD1812,6.046
SKMEL5,BRD1812,6.082
NCIH2052,BRD1812,6.087
DMS273,BRD1812,6.091
MC116,BRD1812,6.102
HUPT4,BRD1812,6.107
NCIH1355,BRD1812,6.128
RCM1,BRD1812,6.133
NCIH1836,BRD1812,6.133
NCIH1755,BRD1812,6.136
MDST8,BRD1812,6.152
OCILY10,BRD1812,6.156
NCIH2405,BRD1812,6.178
CL40,BRD1812,6.2
CAOV3,BRD1812,6.204
SQ1,BRD1812,6.217
SNU175,BRD1812,6.233
NUGC4,BRD1812,6.235
MKN74,BRD1812,6.244
KLE,BRD1812,6.247
RKO,BRD1812,6.25
OVMANA,BRD1812,6.265
CHAGOK1,BRD1812,6.293
LXF289,BRD1812,6.298
LS123,BRD1812,6.31
HCC4006,BRD1812,6.31
SNU398,BRD1812,6.33
KP3,BRD1812,6.334
NCIH2286,BRD1812,6.346
NCIH841,BRD1812,6.349
LP1,BRD1812,6.37
HEC108,BRD1812,6.385
EPLC272H,BRD1812,6.393
SW403,BRD1812,6.413
OV7,BRD1812,6.43
HT115,BRD1812,6.434
A375,BRD1812,6.443
COLO678,BRD1812,6.446
NCIH1435,BRD1812,6.455
NCIH2141,BRD1812,6.462
NCIH1876,BRD1812,6.5
MCF7,BRD1812,6.509
SKOV3,BRD1812,6.529
GAMG,BRD1812,6.548
NCIH1573,BRD1812,6.552
NCIH460,BRD1812,6.563
CALU6,BRD1812,6.609
COLO668,BRD1812,6.614
HS944T,BRD1812,6.617
RPMI8226,BRD1812,6.624
HS852T,BRD1812,6.656
KNS62,BRD1812,6.671
HCC827,BRD1812,6.692
MKN7,BRD1812,6.694
KYSE450,BRD1812,6.71
VMRCRCW,BRD1812,6.713
CW2,BRD1812,6.719
HCC2935,BRD1812,6.72
KMBC2,BRD1812,6.725
COV644,BRD1812,6.736
HEC6,BRD1812,6.754
NCIH1915,BRD1812,6.782
T3M10,BRD1812,6.798
SNGM,BRD1812,6.803
HS936T,BRD1812,6.811
SH10TC,BRD1812,6.827
SUIT2,BRD1812,6.831
SNU61,BRD1812,6.879
RERFLCKJ,BRD1812,6.88
HCC1359,BRD1812,6.881
CORL88,BRD1812,6.903
HCC1833,BRD1812,6.907
SNUC4,BRD1812,6.938
HEC251,BRD1812,6.956
U2OS,BRD1812,6.984
HEC265,BRD1812,6.986
RCC10RGB,BRD1812,7.007
COV362,BRD1812,7.011
SNU449,BRD1812,7.021
EFO21,BRD1812,7.061
NCIH2030,BRD1812,7.062
SF295,BRD1812,7.068
NCIH2172,BRD1812,7.106
HCT8,BRD1812,7.121
NCIH2023,BRD1812,7.127
OAW42,BRD1812,7.162
CORL23,BRD1812,7.221
FU97,BRD1812,7.239
HT29,BRD1812,7.261
COV318,BRD1812,7.267
HEPG2,BRD1812,7.298
CALU3,BRD1812,7.301
PATU8902,BRD1812,7.348
NUDUL1,BRD1812,7.375
NCIH650,BRD1812,7.413
JHH6,BRD1812,7.5
SCLC21H,BRD1812,7.573
JHOS4,BRD1812,7.648
SKMEL28,BRD1812,7.705
AMO1,BRD1812,8.484
SW620,BRD4132,1.875
SNUC5,BRD4132,2.174
SW480,BRD4132,2.309
CW2,BRD4132,2.756
SNU175,BRD4132,2.757
HT1080,BRD4132,2.976
SUDHL5,BRD4132,2.977
NCIH460,BRD4132,3.082
SKMEL5,BRD4132,3.262
PL21,BRD4132,3.279
NCIH1836,BRD4132,3.312
THP1,BRD4132,3.326
NUDUL1,BRD4132,3.341
SKMEL28,BRD4132,3.563
U937,BRD4132,3.59
SKLU1,BRD4132,3.639
TYKNU,BRD4132,3.64
RPMI8226,BRD4132,3.764
OV90,BRD4132,3.824
GDM1,BRD4132,3.831
SKM1,BRD4132,3.873
NCIH596,BRD4132,3.947
SW948,BRD4132,3.958
RMUGS,BRD4132,3.993
SNUC4,BRD4132,3.999
OCIAML3,BRD4132,4.092
NCIH3255,BRD4132,4.099
HCC15,BRD4132,4.12
MOLM16,BRD4132,4.282
SUDHL4,BRD4132,4.283
HCT116,BRD4132,4.293
WSUDLCL2,BRD4132,4.404
LOVO,BRD4132,4.428
NCIH2122,BRD4132,4.448
LS123,BRD4132,4.529
NCIH1755,BRD4132,4.636
RCM1,BRD4132,4.664
SKMEL1,BRD4132,4.734
A375,BRD4132,4.827
RMGI,BRD4132,4.879
LN229,BRD4132,4.879
T3M10,BRD4132,4.915
NOMO1,BRD4132,4.934
SNU840,BRD4132,4.938
COV644,BRD4132,4.992
SNU61,BRD4132,5.009
HT55,BRD4132,5.015
COLO320,BRD4132,5.018
SNU81,BRD4132,5.056
NCIH508,BRD4132,5.122
HT115,BRD4132,5.122
SNU1040,BRD4132,5.125
NCIH441,BRD4132,5.136
RKO,BRD4132,5.162
JHUEM2,BRD4132,5.171
KM12,BRD4132,5.189
NCIH1781,BRD4132,5.237
HCT8,BRD4132,5.319
COLO678,BRD4132,5.402
HT29,BRD4132,5.428
NCIH2110,BRD4132,5.536
MDST8,BRD4132,5.654
CL34,BRD4132,5.661
CAOV3,BRD4132,5.661
CL40,BRD4132,6.335
CORL23,BRD4132,6.359
OV7,BRD4132,6.387
COV362,BRD4132,6.985
NUDUL1,BRD4354,1.807
SW480,BRD4354,2.086
NCIH596,BRD4354,2.574
SW620,BRD4354,2.732
OCIAML3,BRD4354,3.539
NOMO1,BRD4354,3.567
OV90,BRD4354,3.889
SNUC5,BRD4354,4.131
HCT116,BRD4354,4.326
SUDHL5,BRD4354,4.327
NCIH1781,BRD4354,4.418
RCM1,BRD4354,4.505
SKM1,BRD4354,4.525
COLO320,BRD4354,4.554
HCC15,BRD4354,4.585
SNU840,BRD4354,4.674
JHUEM2,BRD4354,4.754
SNU1040,BRD4354,4.769
NCIH441,BRD4354,4.786
LN229,BRD4354,4.826
NCIH1755,BRD4354,4.841
THP1,BRD4354,4.864
WSUDLCL2,BRD4354,4.889
SUDHL4,BRD4354,4.984
NCIH2122,BRD4354,5.182
NCIH460,BRD4354,5.24
KM12,BRD4354,5.243
LS123,BRD4354,5.312
GDM1,BRD4354,5.34
MOLM16,BRD4354,5.369
TYKNU,BRD4354,5.438
HCT8,BRD4354,5.502
COLO678,BRD4354,5.557
HT1080,BRD4354,5.587
CORL23,BRD4354,5.595
NCIH3255,BRD4354,5.628
LOVO,BRD4354,5.675
CAOV3,BRD4354,5.756
CW2,BRD4354,5.773
SKMEL28,BRD4354,5.79
SKLU1,BRD4354,5.791
SW948,BRD4354,5.817
RMUGS,BRD4354,5.847
NCIH1836,BRD4354,5.863
NCIH2110,BRD4354,5.919
T3M10,BRD4354,5.991
RMGI,BRD4354,6.02
PL21,BRD4354,6.03
HT55,BRD4354,6.042
RPMI8226,BRD4354,6.117
SNUC4,BRD4354,6.216
A375,BRD4354,6.243
MDST8,BRD4354,6.247
U937,BRD4354,6.287
COV362,BRD4354,6.301
NCIH508,BRD4354,6.329
SKMEL5,BRD4354,6.399
SNU61,BRD4354,6.465
CL34,BRD4354,6.489
COV644,BRD4354,6.545
HT115,BRD4354,6.561
CL40,BRD4354,6.574
SKMEL1,BRD4354,6.595
OV7,BRD4354,6.666
SNU81,BRD4354,6.709
SNU175,BRD4354,6.808
RKO,BRD4354,6.823
HT29,BRD4354,6.823
NCIH1963,BRD4770,2.015
COV434,BRD4770,2.461
NCIH1105,BRD4770,2.541
SUDHL5,BRD4770,2.545
THP1,BRD4770,2.901
NUDUL1,BRD4770,2.956
PL21,BRD4770,2.991
SKM1,BRD4770,3.251
HEC151,BRD4770,3.266
OVK18,BRD4770,3.343
OVCAR8,BRD4770,3.399
CW2,BRD4770,3.485
BL70,BRD4770,3.516
OCIAML3,BRD4770,3.524
GDM1,BRD4770,3.537
NCIH1876,BRD4770,3.566
JHUEM2,BRD4770,3.609
SW948,BRD4770,3.722
NCIH596,BRD4770,3.748
NCIH1694,BRD4770,3.775
NCIH1930,BRD4770,3.872
WSUDLCL2,BRD4770,3.922
NCIH2122,BRD4770,4.041
NOMO1,BRD4770,4.101
SNUC5,BRD4770,4.106
NCIH3255,BRD4770,4.116
CORL51,BRD4770,4.2
OVKATE,BRD4770,4.221
JHOS4,BRD4770,4.24
SW480,BRD4770,4.26
LS180,BRD4770,4.278
SNU398,BRD4770,4.344
RCM1,BRD4770,4.384
COLO668,BRD4770,4.399
KM12,BRD4770,4.422
SW620,BRD4770,4.457
KMS11,BRD4770,4.475
HS852T,BRD4770,4.495
OV90,BRD4770,4.527
A375,BRD4770,4.571
RMUGS,BRD4770,4.575
RPMI8226,BRD4770,4.577
HT55,BRD4770,4.621
A2780,BRD4770,4.709
U937,BRD4770,4.714
OVCAR4,BRD4770,4.737
LP1,BRD4770,4.77
U2OS,BRD4770,4.776
SCLC21H,BRD4770,4.782
SNUC4,BRD4770,4.825
NCIH1435,BRD4770,4.825
SNU81,BRD4770,4.837
COLO678,BRD4770,4.838
MCF7,BRD4770,4.839
SNU175,BRD4770,4.875
NCIH2286,BRD4770,4.918
LN229,BRD4770,4.96
CAOV3,BRD4770,4.983
MKN74,BRD4770,4.986
CL34,BRD4770,5.037
PATU8902,BRD4770,5.074
ISHIKAWAHERAKLIO02ER,BRD4770,5.088
NCIH2081,BRD4770,5.091
CAL12T,BRD4770,5.144
SKMEL5,BRD4770,5.155
SNU61,BRD4770,5.21
KLE,BRD4770,5.277
JHOC5,BRD4770,5.28
SNU449,BRD4770,5.281
SKLU1,BRD4770,5.284
NCIH2342,BRD4770,5.323
HCT116,BRD4770,5.341
LS123,BRD4770,5.356
HCC1833,BRD4770,5.413
NCIH1836,BRD4770,5.425
PC3,BRD4770,5.443
NCIH2110,BRD4770,5.45
RMGI,BRD4770,5.544
HEC108,BRD4770,5.597
NCIH1781,BRD4770,5.624
HCC4006,BRD4770,5.628
HCC15,BRD4770,5.658
EJM,BRD4770,5.697
IGROV1,BRD4770,5.716
RERFLCKJ,BRD4770,5.752
CL40,BRD4770,5.768
SKMEL1,BRD4770,5.769
HCT8,BRD4770,5.776
NCIH2141,BRD4770,5.78
SNU840,BRD4770,5.799
TYKNU,BRD4770,5.808
NCIH1755,BRD4770,5.811
SUDHL4,BRD4770,5.845
JHOM1,BRD4770,5.847
NCIH441,BRD4770,5.858
NCIH508,BRD4770,5.869
NCIH460,BRD4770,5.887
GAMG,BRD4770,5.901
LXF289,BRD4770,5.902
EFO27,BRD4770,5.91
RKN,BRD4770,5.986
SNU1040,BRD4770,5.992
NCIH841,BRD4770,6.013
HT115,BRD4770,6.025
HEC59,BRD4770,6.031
HCC2108,BRD4770,6.049
MOLM16,BRD4770,6.062
LOVO,BRD4770,6.072
COV644,BRD4770,6.078
HCC1195,BRD4770,6.083
RCC10RGB,BRD4770,6.113
T3M10,BRD4770,6.14
CORL23,BRD4770,6.216
HT29,BRD4770,6.246
HT1080,BRD4770,6.256
NCIH2172,BRD4770,6.263
COV318,BRD4770,6.335
SCC9,BRD4770,6.347
COV362,BRD4770,6.419
HCC2935,BRD4770,6.42
HCC1359,BRD4770,6.448
HEPG2,BRD4770,6.456
SNGM,BRD4770,6.498
NCIH2023,BRD4770,6.505
HCC827,BRD4770,6.554
OVMANA,BRD4770,6.584
MDST8,BRD4770,6.597
SKMEL28,BRD4770,6.611
NCIH1915,BRD4770,6.611
SQ1,BRD4770,6.684
NCIH2030,BRD4770,6.694
RKO,BRD4770,6.88
OCILY10,BRD4770,6.926
JHH6,BRD4770,6.928
OV7,BRD4770,6.966
AGS,BRD4770,7.06
OAW42,BRD4770,7.13
AMO1,BRD4770,8.175
SCLC21H,BRD55319,2.652
COV434,BRD55319,3.164
LS513,BRD55319,3.678
WSUDLCL2,BRD55319,3.829
NCIH810,BRD55319,3.904
SW48,BRD55319,4.149
VMRCLCD,BRD55319,4.197
GP2D,BRD55319,4.233
BL70,BRD55319,4.368
NCIH1930,BRD55319,4.408
RT4,BRD55319,4.493
HT,BRD55319,4.547
HS852T,BRD55319,4.559
NCIH1963,BRD55319,4.617
OVCAR4,BRD55319,4.675
HT115,BRD55319,4.684
SUDHL4,BRD55319,4.716
HEC6,BRD55319,4.779
KYSE450,BRD55319,4.842
HCC33,BRD55319,4.91
EBC1,BRD55319,4.913
OVCAR8,BRD55319,4.94
NCIH2081,BRD55319,4.975
COLO205,BRD55319,5.006
COLO320,BRD55319,5.11
JHH6,BRD55319,5.138
COLO668,BRD55319,5.15
MSTO211H,BRD55319,5.151
NCIH358,BRD55319,5.152
NCIH1048,BRD55319,5.175
NCIH2029,BRD55319,5.187
NCIH522,BRD55319,5.195
DMS273,BRD55319,5.206
KU812,BRD55319,5.226
MC116,BRD55319,5.244
SUDHL5,BRD55319,5.264
KNS62,BRD55319,5.294
NCIH727,BRD55319,5.303
SNU398,BRD55319,5.319
MFE319,BRD55319,5.33
NCIH1373,BRD55319,5.35
PANC1005,BRD55319,5.359
OCILY10,BRD55319,5.363
KE97,BRD55319,5.366
G401,BRD55319,5.379
RKN,BRD55319,5.425
BEN,BRD55319,5.445
SHP77,BRD55319,5.466
NCIH2009,BRD55319,5.468
CL34,BRD55319,5.507
MCF7,BRD55319,5.513
KMBC2,BRD55319,5.517
LS411N,BRD55319,5.52
OVK18,BRD55319,5.552
KMS11,BRD55319,5.567
PL21,BRD55319,5.588
GDM1,BRD55319,5.597
QGP1,BRD55319,5.601
RCC10RGB,BRD55319,5.66
RKO,BRD55319,5.663
RMUGS,BRD55319,5.663
SW948,BRD55319,5.673
CW2,BRD55319,5.706
SKCO1,BRD55319,5.707
THP1,BRD55319,5.723
KYSE140,BRD55319,5.727
ISHIKAWAHERAKLIO02ER,BRD55319,5.753
HARA,BRD55319,5.756
NCIH2141,BRD55319,5.769
NCIH1666,BRD55319,5.769
EJM,BRD55319,5.804
NCIH1435,BRD55319,5.817
OCIAML3,BRD55319,5.823
LCLC103H,BRD55319,5.827
P3HR1,BRD55319,5.854
NCIH1694,BRD55319,5.854
NCIH1944,BRD55319,5.854
DLD1,BRD55319,5.867
COLO741,BRD55319,5.88
COV318,BRD55319,5.906
HCC78,BRD55319,5.908
VMRCRCW,BRD55319,5.937
JHUEM2,BRD55319,5.939
OVKATE,BRD55319,5.973
RCM1,BRD55319,5.975
NCIH1876,BRD55319,5.976
HCC1833,BRD55319,5.976
SNUC2A,BRD55319,6
CORL51,BRD55319,6.015
CALU6,BRD55319,6.035
LU99,BRD55319,6.054
5637,BRD55319,6.093
HS936T,BRD55319,6.093
NCIH1836,BRD55319,6.095
PC3,BRD55319,6.104
NCIH1568,BRD55319,6.11
NCIH23,BRD55319,6.128
HEC151,BRD55319,6.142
U2OS,BRD55319,6.17
CFPAC1,BRD55319,6.171
LN229,BRD55319,6.183
FU97,BRD55319,6.184
TYKNU,BRD55319,6.208
LOVO,BRD55319,6.222
HEC108,BRD55319,6.234
NCIH28,BRD55319,6.236
KYSE410,BRD55319,6.257
HT55,BRD55319,6.263
CAPAN2,BRD55319,6.29
NCIH1573,BRD55319,6.296
HEYA8,BRD55319,6.311
PATU8902,BRD55319,6.316
LCLC97TM1,BRD55319,6.328
CHAGOK1,BRD55319,6.33
HCC44,BRD55319,6.333
OVMANA,BRD55319,6.334
SNUC5,BRD55319,6.359
HCC1359,BRD55319,6.371
LS180,BRD55319,6.374
EPLC272H,BRD55319,6.387
HCC4006,BRD55319,6.389
SKOV3,BRD55319,6.391
MKN7,BRD55319,6.403
KP3,BRD55319,6.415
NCIH661,BRD55319,6.425
HCC2935,BRD55319,6.425
NOMO1,BRD55319,6.433
HCT116,BRD55319,6.44
LXF289,BRD55319,6.453
NCIH1355,BRD55319,6.461
NCIH1299,BRD55319,6.462
PANC0327,BRD55319,6.463
OV90,BRD55319,6.463
NCIH2405,BRD55319,6.466
A375,BRD55319,6.475
EFO27,BRD55319,6.479
T3M10,BRD55319,6.511
GAMG,BRD55319,6.528
HCC1195,BRD55319,6.529
SNU175,BRD55319,6.532
HPAC,BRD55319,6.536
G361,BRD55319,6.572
HEC59,BRD55319,6.58
C2BBE1,BRD55319,6.586
NCIH2286,BRD55319,6.604
NCIH82,BRD55319,6.609
RERFLCKJ,BRD55319,6.616
MKN74,BRD55319,6.629
HT1376,BRD55319,6.63
KM12,BRD55319,6.632
SNU449,BRD55319,6.633
LC1SQSF,BRD55319,6.634
RPMI8226,BRD55319,6.644
SNUC4,BRD55319,6.652
AGS,BRD55319,6.653
JHOC5,BRD55319,6.655
SW403,BRD55319,6.659
NCIH1915,BRD55319,6.661
CAOV3,BRD55319,6.663
UMUC3,BRD55319,6.667
CORL279,BRD55319,6.675
HEC251,BRD55319,6.676
HEPG2,BRD55319,6.68
HCC15,BRD55319,6.681
RMGI,BRD55319,6.684
COV644,BRD55319,6.685
NCIH2023,BRD55319,6.686
COLO678,BRD55319,6.698
NCIH841,BRD55319,6.707
HT29,BRD55319,6.722
SNGM,BRD55319,6.73
NCIH1793,BRD55319,6.734
SNU840,BRD55319,6.746
SNU1040,BRD55319,6.754
A2780,BRD55319,6.755
CAL12T,BRD55319,6.764
SNU81,BRD55319,6.77
NCIH508,BRD55319,6.811
DV90,BRD55319,6.821
NCIH596,BRD55319,6.823
NCIH1437,BRD55319,6.825
CORL88,BRD55319,6.838
IGROV1,BRD55319,6.855
HUPT4,BRD55319,6.858
HCC2108,BRD55319,6.866
SKLU1,BRD55319,6.874
HEC265,BRD55319,6.896
SW480,BRD55319,6.907
SKMEL28,BRD55319,6.913
NCIH441,BRD55319,6.918
SKM1,BRD55319,6.927
NCIH2172,BRD55319,6.929
SCC9,BRD55319,6.941
NCIH2122,BRD55319,6.955
SQ1,BRD55319,6.963
HCT8,BRD55319,6.969
SW620,BRD55319,6.979
JHOM1,BRD55319,6.99
SNU61,BRD55319,7
HSC2,BRD55319,7.001
JHOS4,BRD55319,7.002
NCIH2052,BRD55319,7.01
SKMEL5,BRD55319,7.022
NCIH3255,BRD55319,7.039
NCIH650,BRD55319,7.062
NCIH2030,BRD55319,7.07
LS123,BRD55319,7.074
KLE,BRD55319,7.074
NCIH1755,BRD55319,7.083
HT1080,BRD55319,7.092
HCC827,BRD55319,7.099
SF295,BRD55319,7.141
A549,BRD55319,7.176
OV7,BRD55319,7.177
LU65,BRD55319,7.183
EFO21,BRD55319,7.196
NCIH1792,BRD55319,7.206
NCIH1975,BRD55319,7.229
NCIH2342,BRD55319,7.23
NCIH2110,BRD55319,7.231
NCIH460,BRD55319,7.298
NCIH2126,BRD55319,7.321
COV362,BRD55319,7.342
CALU3,BRD55319,7.386
SH10TC,BRD55319,7.405
MDST8,BRD55319,7.416
OAW42,BRD55319,7.444
HS944T,BRD55319,7.46
CL40,BRD55319,7.475
CORL23,BRD55319,7.482
SUIT2,BRD55319,7.488
SKMEL1,BRD55319,7.506
NUGC4,BRD55319,7.556
AMO1,BRD55319,7.574
NCIH1781,BRD55319,7.603
LP1,BRD55319,7.631
MOLM16,BRD55319,8.238
U937,BRD55319,8.452
NCIH1105,BRD55319,9.142
NUDUL1,BRD55319,9.958
NUDUL1,BRD6340,3.262
SKM1,BRD6340,4.017
JHUEM2,BRD6340,4.449
THP1,BRD6340,4.607
OCIAML3,BRD6340,4.664
WSUDLCL2,BRD6340,4.769
PL21,BRD6340,4.864
MOLM16,BRD6340,4.867
GDM1,BRD6340,4.899
U937,BRD6340,5.043
SW620,BRD6340,5.232
SUDHL5,BRD6340,5.3
RPMI8226,BRD6340,5.526
RMUGS,BRD6340,5.538
SUDHL4,BRD6340,5.551
NOMO1,BRD6340,5.626
LOVO,BRD6340,5.711
NCIH2122,BRD6340,5.712
SKMEL5,BRD6340,5.738
NCIH596,BRD6340,5.762
OV90,BRD6340,5.808
SNU175,BRD6340,5.86
NCIH441,BRD6340,5.88
RKO,BRD6340,5.89
CAOV3,BRD6340,5.903
T3M10,BRD6340,5.926
SW480,BRD6340,5.929
SKLU1,BRD6340,6.014
NCIH508,BRD6340,6.021
HT115,BRD6340,6.033
SNU840,BRD6340,6.033
RMGI,BRD6340,6.083
A375,BRD6340,6.114
SNU61,BRD6340,6.14
HCC15,BRD6340,6.141
KM12,BRD6340,6.142
TYKNU,BRD6340,6.146
SNUC4,BRD6340,6.147
NCIH1836,BRD6340,6.15
HT55,BRD6340,6.221
CW2,BRD6340,6.238
MDST8,BRD6340,6.265
SNUC5,BRD6340,6.282
HCT8,BRD6340,6.288
HCT116,BRD6340,6.327
SNU81,BRD6340,6.336
COV644,BRD6340,6.346
RCM1,BRD6340,6.351
NCIH1755,BRD6340,6.354
SNU1040,BRD6340,6.392
OV7,BRD6340,6.432
LN229,BRD6340,6.444
COV362,BRD6340,6.482
LS123,BRD6340,6.482
SW948,BRD6340,6.485
SKMEL1,BRD6340,6.489
CL34,BRD6340,6.498
HT1080,BRD6340,6.546
CORL23,BRD6340,6.559
NCIH1781,BRD6340,6.649
COLO678,BRD6340,6.654
CL40,BRD6340,6.709
NCIH2110,BRD6340,6.72
HT29,BRD6340,6.727
COLO320,BRD6340,6.73
SKMEL28,BRD6340,6.767
NCIH3255,BRD6340,6.772
NCIH460,BRD6340,6.773
NOMO1,BRD63610,0.316
NCIH2030,BRD63610,0.427
OVK18,BRD63610,0.764
THP1,BRD63610,0.958
CORL51,BRD63610,1.491
NCIH2081,BRD63610,1.795
HCC1833,BRD63610,1.86
GDM1,BRD63610,1.871
CAL12T,BRD63610,2.258
A2780,BRD63610,2.375
JHOS4,BRD63610,2.476
NCIH2141,BRD63610,2.568
SKM1,BRD63610,2.597
BL70,BRD63610,2.641
SCLC21H,BRD63610,2.668
HS852T,BRD63610,2.754
NCIH1930,BRD63610,2.819
PATU8902,BRD63610,2.896
PC3,BRD63610,2.959
OCIAML3,BRD63610,3.055
KLE,BRD63610,3.099
JHUEM2,BRD63610,3.122
NUDUL1,BRD63610,3.295
SUDHL5,BRD63610,3.344
COLO320,BRD63610,3.463
ISHIKAWAHERAKLIO02ER,BRD63610,3.481
LS180,BRD63610,3.493
U937,BRD63610,3.515
OVCAR8,BRD63610,3.599
NCIH1876,BRD63610,3.607
COV434,BRD63610,3.617
SNU449,BRD63610,3.669
HT115,BRD63610,3.691
WSUDLCL2,BRD63610,3.747
NCIH841,BRD63610,3.907
OVKATE,BRD63610,3.947
U2OS,BRD63610,3.958
NCIH1105,BRD63610,4.015
NCIH1963,BRD63610,4.151
LN229,BRD63610,4.181
MCF7,BRD63610,4.236
NCIH1694,BRD63610,4.304
SUDHL4,BRD63610,4.5
MOLM16,BRD63610,4.521
NCIH2286,BRD63610,4.524
COV644,BRD63610,4.556
HCC2108,BRD63610,4.586
GAMG,BRD63610,4.612
RCM1,BRD63610,4.634
SNU840,BRD63610,4.665
NCIH1836,BRD63610,4.707
RMUGS,BRD63610,4.721
HEC108,BRD63610,4.799
OVMANA,BRD63610,4.82
RERFLCKJ,BRD63610,4.828
EFO27,BRD63610,4.863
A375,BRD63610,4.881
PL21,BRD63610,4.934
MDST8,BRD63610,4.935
IGROV1,BRD63610,4.949
RMGI,BRD63610,4.977
CL34,BRD63610,5.035
SNUC5,BRD63610,5.125
JHOC5,BRD63610,5.125
NCIH1435,BRD63610,5.271
SNGM,BRD63610,5.273
RCC10RGB,BRD63610,5.278
OAW42,BRD63610,5.307
RPMI8226,BRD63610,5.338
LP1,BRD63610,5.367
COLO668,BRD63610,5.428
HCT8,BRD63610,5.458
HEPG2,BRD63610,5.476
NCIH508,BRD63610,5.48
LOVO,BRD63610,5.511
HEC59,BRD63610,5.647
SNU398,BRD63610,5.734
OV7,BRD63610,5.825
COV318,BRD63610,5.988
TYKNU,BRD63610,6.033
NCIH596,BRD63610,6.042
MKN74,BRD63610,6.088
LS123,BRD63610,6.117
AMO1,BRD63610,6.16
HCC1359,BRD63610,6.282
HT55,BRD63610,6.282
CORL23,BRD63610,6.289
HCC4006,BRD63610,6.293
OVCAR4,BRD63610,6.307
LXF289,BRD63610,6.356
HT1080,BRD63610,6.386
JHH6,BRD63610,6.425
RKN,BRD63610,6.462
OCILY10,BRD63610,6.54
RKO,BRD63610,6.615
NCIH1755,BRD63610,6.688
NCIH1915,BRD63610,6.716
OV90,BRD63610,6.841
HCC15,BRD63610,6.883
NCIH2342,BRD63610,6.901
NCIH441,BRD63610,6.937
HCT116,BRD63610,6.943
NCIH1781,BRD63610,6.945
SNU61,BRD63610,6.985
SCC9,BRD63610,7.007
T3M10,BRD63610,7.023
COLO678,BRD63610,7.029
SNU1040,BRD63610,7.038
CAOV3,BRD63610,7.045
CL40,BRD63610,7.063
SNU81,BRD63610,7.071
SKMEL1,BRD63610,7.115
SKMEL5,BRD63610,7.116
SW620,BRD63610,7.125
NCIH460,BRD63610,7.126
HEC151,BRD63610,7.136
NCIH2023,BRD63610,7.141
KMS11,BRD63610,7.216
HCC827,BRD63610,7.216
SW480,BRD63610,7.247
NCIH2172,BRD63610,7.283
SNU175,BRD63610,7.372
CW2,BRD63610,7.428
SKMEL28,BRD63610,7.447
EJM,BRD63610,7.506
KM12,BRD63610,7.529
HCC2935,BRD63610,7.595
SKLU1,BRD63610,7.619
JHOM1,BRD63610,7.622
COV362,BRD63610,7.633
SQ1,BRD63610,7.655
NCIH2122,BRD63610,7.712
SW948,BRD63610,7.738
HT29,BRD63610,7.767
HCC1195,BRD63610,7.786
AGS,BRD63610,8.005
NCIH3255,BRD63610,8.438
SNUC4,BRD63610,8.529
NCIH2110,BRD63610,9.163
SW620,BRD6368,0.99
SW480,BRD6368,1.21
SUDHL5,BRD6368,1.403
NCIH1963,BRD6368,1.764
NCIH1105,BRD6368,2.117
NUDUL1,BRD6368,2.235
MSTO211H,BRD6368,2.438
LS123,BRD6368,2.636
NCIH1876,BRD6368,2.671
WSUDLCL2,BRD6368,2.708
PL21,BRD6368,2.716
JHUEM2,BRD6368,2.808
THP1,BRD6368,2.865
NCIH1568,BRD6368,2.951
OCIAML3,BRD6368,2.952
NCIH596,BRD6368,3.042
OVCAR8,BRD6368,3.133
LS513,BRD6368,3.136
KU812,BRD6368,3.146
SKM1,BRD6368,3.172
OV90,BRD6368,3.196
HCT116,BRD6368,3.227
NCIH2122,BRD6368,3.277
CW2,BRD6368,3.287
SW948,BRD6368,3.325
GDM1,BRD6368,3.36
NCIH1930,BRD6368,3.372
SHP77,BRD6368,3.416
COLO678,BRD6368,3.466
NCIH2141,BRD6368,3.496
COV434,BRD6368,3.498
HT55,BRD6368,3.544
KE97,BRD6368,3.566
U937,BRD6368,3.579
HEC151,BRD6368,3.587
KYSE140,BRD6368,3.629
COLO320,BRD6368,3.635
NOMO1,BRD6368,3.665
NCIH3255,BRD6368,3.67
LU99,BRD6368,3.679
SNUC4,BRD6368,3.757
NCIH1048,BRD6368,3.892
SNUC5,BRD6368,3.892
LN229,BRD6368,3.913
CAPAN2,BRD6368,3.92
HCT8,BRD6368,3.96
LS180,BRD6368,3.979
A375,BRD6368,3.996
RCM1,BRD6368,3.998
NCIH441,BRD6368,4.013
SNU175,BRD6368,4.014
RMUGS,BRD6368,4.027
NCIH810,BRD6368,4.045
OVK18,BRD6368,4.045
BL70,BRD6368,4.096
G401,BRD6368,4.114
SKMEL5,BRD6368,4.148
RPMI8226,BRD6368,4.153
LOVO,BRD6368,4.189
SKCO1,BRD6368,4.196
NCIH1666,BRD6368,4.212
HCC15,BRD6368,4.256
OVCAR4,BRD6368,4.262
NCIH82,BRD6368,4.263
HT,BRD6368,4.277
SCLC21H,BRD6368,4.305
RT4,BRD6368,4.349
DLD1,BRD6368,4.35
SNU840,BRD6368,4.36
HEYA8,BRD6368,4.376
KM12,BRD6368,4.378
HT1376,BRD6368,4.388
NCIH23,BRD6368,4.389
TYKNU,BRD6368,4.411
VMRCLCD,BRD6368,4.42
HCC78,BRD6368,4.438
SKLU1,BRD6368,4.439
KMS11,BRD6368,4.466
HT1080,BRD6368,4.47
NCIH1373,BRD6368,4.492
SNU449,BRD6368,4.508
SNU1040,BRD6368,4.533
NCIH1355,BRD6368,4.537
SW48,BRD6368,4.537
NCIH1299,BRD6368,4.541
SUDHL4,BRD6368,4.592
SNU398,BRD6368,4.593
COLO668,BRD6368,4.6
NCIH1836,BRD6368,4.619
CORL51,BRD6368,4.626
OVKATE,BRD6368,4.641
COLO205,BRD6368,4.642
KYSE410,BRD6368,4.643
U2OS,BRD6368,4.648
NCIH2110,BRD6368,4.696
KP3,BRD6368,4.696
NCIH2342,BRD6368,4.705
JHOS4,BRD6368,4.706
HARA,BRD6368,4.717
MC116,BRD6368,4.73
NCIH1694,BRD6368,4.742
RMGI,BRD6368,4.745
5637,BRD6368,4.751
SUIT2,BRD6368,4.772
P3HR1,BRD6368,4.785
NCIH1944,BRD6368,4.806
NCIH2286,BRD6368,4.812
HCC1833,BRD6368,4.818
NCIH661,BRD6368,4.825
A2780,BRD6368,4.834
A549,BRD6368,4.838
PANC0327,BRD6368,4.856
NCIH2009,BRD6368,4.857
NCIH1755,BRD6368,4.874
NCIH28,BRD6368,4.883
LCLC103H,BRD6368,4.884
SNU81,BRD6368,4.888
HCC33,BRD6368,4.905
NCIH727,BRD6368,4.91
HCC4006,BRD6368,4.941
HCC2108,BRD6368,4.958
HCC44,BRD6368,4.959
SKMEL1,BRD6368,4.959
EJM,BRD6368,4.976
MKN74,BRD6368,4.976
LCLC97TM1,BRD6368,4.995
LS411N,BRD6368,5.006
NCIH2081,BRD6368,5.013
ISHIKAWAHERAKLIO02ER,BRD6368,5.015
NCIH2405,BRD6368,5.02
KMBC2,BRD6368,5.038
OCILY10,BRD6368,5.047
AGS,BRD6368,5.05
IGROV1,BRD6368,5.051
QGP1,BRD6368,5.083
T3M10,BRD6368,5.086
CAOV3,BRD6368,5.093
PC3,BRD6368,5.093
SNU61,BRD6368,5.101
CALU6,BRD6368,5.103
LXF289,BRD6368,5.12
NCIH1781,BRD6368,5.12
CORL279,BRD6368,5.123
RKN,BRD6368,5.129
SKMEL28,BRD6368,5.138
SF295,BRD6368,5.166
CAL12T,BRD6368,5.186
KNS62,BRD6368,5.208
LC1SQSF,BRD6368,5.215
KLE,BRD6368,5.216
FU97,BRD6368,5.245
EBC1,BRD6368,5.248
COLO741,BRD6368,5.273
NCIH358,BRD6368,5.287
JHOC5,BRD6368,5.303
NCIH1435,BRD6368,5.31
COV644,BRD6368,5.313
NCIH1437,BRD6368,5.316
HEC108,BRD6368,5.327
NCIH2030,BRD6368,5.338
CHAGOK1,BRD6368,5.345
NCIH460,BRD6368,5.351
RERFLCKJ,BRD6368,5.353
HS936T,BRD6368,5.353
G361,BRD6368,5.374
SCC9,BRD6368,5.389
MCF7,BRD6368,5.424
HSC2,BRD6368,5.425
HEC265,BRD6368,5.438
HUPT4,BRD6368,5.448
NCIH1975,BRD6368,5.454
KYSE450,BRD6368,5.47
NCIH508,BRD6368,5.472
CALU3,BRD6368,5.488
MDST8,BRD6368,5.504
RKO,BRD6368,5.505
NCIH1792,BRD6368,5.528
CORL23,BRD6368,5.548
GP2D,BRD6368,5.567
NCIH841,BRD6368,5.583
SW403,BRD6368,5.59
HT29,BRD6368,5.597
NCIH1573,BRD6368,5.614
CORL88,BRD6368,5.615
HS852T,BRD6368,5.625
UMUC3,BRD6368,5.639
HEC251,BRD6368,5.64
NCIH2023,BRD6368,5.642
NCIH522,BRD6368,5.651
HCC2935,BRD6368,5.66
PATU8902,BRD6368,5.663
DMS273,BRD6368,5.667
CFPAC1,BRD6368,5.683
NCIH2029,BRD6368,5.709
C2BBE1,BRD6368,5.721
NCIH2172,BRD6368,5.725
BEN,BRD6368,5.727
SH10TC,BRD6368,5.728
AMO1,BRD6368,5.734
CL34,BRD6368,5.764
HPAC,BRD6368,5.786
HT115,BRD6368,5.853
COV362,BRD6368,5.862
NCIH2052,BRD6368,5.867
MOLM16,BRD6368,5.868
EFO27,BRD6368,5.87
EPLC272H,BRD6368,5.87
HCC827,BRD6368,5.876
CL40,BRD6368,5.888
JHOM1,BRD6368,5.903
GAMG,BRD6368,5.905
HCC1195,BRD6368,5.925
HEPG2,BRD6368,5.953
MFE319,BRD6368,5.983
LU65,BRD6368,5.989
NUGC4,BRD6368,6.02
COV318,BRD6368,6.04
PANC1005,BRD6368,6.059
SKOV3,BRD6368,6.095
SNGM,BRD6368,6.122
LP1,BRD6368,6.162
RCC10RGB,BRD6368,6.179
NCIH1793,BRD6368,6.194
HEC59,BRD6368,6.221
OV7,BRD6368,6.229
OAW42,BRD6368,6.244
SNUC2A,BRD6368,6.25
HEC6,BRD6368,6.267
NCIH1915,BRD6368,6.271
MKN7,BRD6368,6.307
VMRCRCW,BRD6368,6.346
OVMANA,BRD6368,6.485
SQ1,BRD6368,6.52
DV90,BRD6368,6.558
HS944T,BRD6368,6.619
HCC1359,BRD6368,6.632
EFO21,BRD6368,6.672
JHH6,BRD6368,6.908
NCIH650,BRD6368,6.933
NCIH2126,BRD6368,8.622
SUDHL5,BRD7137,0.323
SW480,BRD7137,0.626
WSUDLCL2,BRD7137,0.862
NUDUL1,BRD7137,1.067
NCIH1963,BRD7137,1.121
SW620,BRD7137,1.174
THP1,BRD7137,1.281
SKM1,BRD7137,1.356
LS123,BRD7137,1.392
MSTO211H,BRD7137,1.42
PL21,BRD7137,1.484
JHUEM2,BRD7137,1.581
GDM1,BRD7137,1.636
KE97,BRD7137,1.642
BL70,BRD7137,1.65
HCT116,BRD7137,1.69
NCIH1105,BRD7137,1.696
NCIH1876,BRD7137,1.752
LS513,BRD7137,1.808
NCIH810,BRD7137,1.86
HT,BRD7137,1.902
OCIAML3,BRD7137,1.911
KU812,BRD7137,1.947
NCIH596,BRD7137,1.976
OVCAR8,BRD7137,2.044
RPMI8226,BRD7137,2.064
OV90,BRD7137,2.212
U937,BRD7137,2.234
NCIH1836,BRD7137,2.305
SCLC21H,BRD7137,2.315
NCIH2122,BRD7137,2.327
HT55,BRD7137,2.333
SUDHL4,BRD7137,2.401
G401,BRD7137,2.406
CORL51,BRD7137,2.408
SNU175,BRD7137,2.462
LU99,BRD7137,2.494
P3HR1,BRD7137,2.495
COLO678,BRD7137,2.505
NCIH1568,BRD7137,2.525
COV434,BRD7137,2.531
HEC151,BRD7137,2.575
OVK18,BRD7137,2.592
NCIH2081,BRD7137,2.65
MOLM16,BRD7137,2.666
HT1376,BRD7137,2.716
NCIH1048,BRD7137,2.725
SKCO1,BRD7137,2.732
NOMO1,BRD7137,2.741
CORL279,BRD7137,2.743
MC116,BRD7137,2.773
KYSE140,BRD7137,2.807
SHP77,BRD7137,2.841
JHOS4,BRD7137,2.868
CW2,BRD7137,2.874
VMRCLCD,BRD7137,2.885
TYKNU,BRD7137,2.896
SW48,BRD7137,2.912
CAPAN2,BRD7137,2.921
SKMEL5,BRD7137,2.933
HEYA8,BRD7137,2.956
A375,BRD7137,2.958
NCIH82,BRD7137,2.972
LN229,BRD7137,2.975
RMUGS,BRD7137,3.029
RCM1,BRD7137,3.053
NCIH1694,BRD7137,3.062
SNUC5,BRD7137,3.062
NCIH1666,BRD7137,3.071
NCIH1930,BRD7137,3.076
GP2D,BRD7137,3.082
SNUC4,BRD7137,3.083
COLO205,BRD7137,3.093
LS180,BRD7137,3.18
RKO,BRD7137,3.191
SUIT2,BRD7137,3.192
SW948,BRD7137,3.216
NCIH23,BRD7137,3.231
DLD1,BRD7137,3.265
LP1,BRD7137,3.271
HSC2,BRD7137,3.274
EJM,BRD7137,3.274
HCT8,BRD7137,3.287
KNS62,BRD7137,3.347
HCC33,BRD7137,3.36
HCC15,BRD7137,3.42
5637,BRD7137,3.438
RT4,BRD7137,3.462
PC3,BRD7137,3.466
NCIH3255,BRD7137,3.502
HCC78,BRD7137,3.547
OVKATE,BRD7137,3.556
NCIH1944,BRD7137,3.559
ISHIKAWAHERAKLIO02ER,BRD7137,3.56
COLO668,BRD7137,3.567
A2780,BRD7137,3.577
KM12,BRD7137,3.579
MKN74,BRD7137,3.591
SNU840,BRD7137,3.6
NCIH1373,BRD7137,3.612
PANC0327,BRD7137,3.623
COLO320,BRD7137,3.624
NCIH2286,BRD7137,3.63
SNU398,BRD7137,3.646
LOVO,BRD7137,3.66
NCIH1299,BRD7137,3.662
NCIH2141,BRD7137,3.692
DMS273,BRD7137,3.694
NCIH508,BRD7137,3.7
AGS,BRD7137,3.714
SKLU1,BRD7137,3.716
LS411N,BRD7137,3.729
NCIH661,BRD7137,3.737
NCIH2029,BRD7137,3.745
NCIH2009,BRD7137,3.763
PATU8902,BRD7137,3.775
SNU81,BRD7137,3.785
CORL88,BRD7137,3.804
SNU1040,BRD7137,3.806
HCC4006,BRD7137,3.808
KYSE410,BRD7137,3.822
LCLC103H,BRD7137,3.847
KP3,BRD7137,3.848
CL34,BRD7137,3.86
NCIH1435,BRD7137,3.865
KMBC2,BRD7137,3.875
U2OS,BRD7137,3.878
OVCAR4,BRD7137,3.881
HEC265,BRD7137,3.882
KLE,BRD7137,3.918
NCIH1781,BRD7137,3.93
CALU3,BRD7137,3.93
JHOC5,BRD7137,3.954
HARA,BRD7137,3.963
RERFLCKJ,BRD7137,3.973
HT1080,BRD7137,3.991
SNU449,BRD7137,4.005
RKN,BRD7137,4.016
A549,BRD7137,4.033
CALU6,BRD7137,4.052
HCC1833,BRD7137,4.09
LXF289,BRD7137,4.092
NCIH2405,BRD7137,4.111
CHAGOK1,BRD7137,4.134
COV644,BRD7137,4.15
NCIH2342,BRD7137,4.151
HEC108,BRD7137,4.175
QGP1,BRD7137,4.207
LCLC97TM1,BRD7137,4.222
NCIH1355,BRD7137,4.223
HS852T,BRD7137,4.225
NCIH28,BRD7137,4.23
KYSE450,BRD7137,4.24
T3M10,BRD7137,4.251
NCIH460,BRD7137,4.284
HS936T,BRD7137,4.285
KMS11,BRD7137,4.289
SKMEL28,BRD7137,4.292
LC1SQSF,BRD7137,4.292
CAL12T,BRD7137,4.31
NCIH841,BRD7137,4.324
IGROV1,BRD7137,4.342
SH10TC,BRD7137,4.346
G361,BRD7137,4.349
RMGI,BRD7137,4.402
HT29,BRD7137,4.413
SNU61,BRD7137,4.446
LU65,BRD7137,4.456
EBC1,BRD7137,4.464
NCIH1975,BRD7137,4.473
SF295,BRD7137,4.473
HEC6,BRD7137,4.476
NCIH522,BRD7137,4.516
NCIH358,BRD7137,4.548
NCIH727,BRD7137,4.549
COLO741,BRD7137,4.582
SKMEL1,BRD7137,4.616
HEC251,BRD7137,4.625
MFE319,BRD7137,4.628
C2BBE1,BRD7137,4.65
NCIH2110,BRD7137,4.659
FU97,BRD7137,4.67
OCILY10,BRD7137,4.67
SNGM,BRD7137,4.698
CAOV3,BRD7137,4.718
MDST8,BRD7137,4.729
EPLC272H,BRD7137,4.738
NCIH2172,BRD7137,4.747
NCIH1792,BRD7137,4.752
COV318,BRD7137,4.754
CFPAC1,BRD7137,4.755
HCC2108,BRD7137,4.815
MCF7,BRD7137,4.827
SW403,BRD7137,4.855
NCIH2126,BRD7137,4.867
SCC9,BRD7137,4.889
GAMG,BRD7137,4.91
NCIH2052,BRD7137,4.936
PANC1005,BRD7137,4.955
HUPT4,BRD7137,4.973
NCIH1755,BRD7137,4.976
UMUC3,BRD7137,4.99
CORL23,BRD7137,4.99
CL40,BRD7137,5.006
HCC44,BRD7137,5.009
NUGC4,BRD7137,5.032
NCIH1437,BRD7137,5.056
HPAC,BRD7137,5.087
SNUC2A,BRD7137,5.108
HS944T,BRD7137,5.111
HEC59,BRD7137,5.122
HT115,BRD7137,5.141
EFO21,BRD7137,5.145
NCIH441,BRD7137,5.145
NCIH2023,BRD7137,5.168
EFO27,BRD7137,5.216
SKOV3,BRD7137,5.252
BEN,BRD7137,5.28
HCC1195,BRD7137,5.293
OV7,BRD7137,5.375
NCIH2030,BRD7137,5.397
HCC2935,BRD7137,5.432
HCC827,BRD7137,5.442
RCC10RGB,BRD7137,5.496
AMO1,BRD7137,5.497
NCIH1793,BRD7137,5.504
HEPG2,BRD7137,5.516
HCC1359,BRD7137,5.524
NCIH1573,BRD7137,5.568
MKN7,BRD7137,5.58
VMRCRCW,BRD7137,5.63
OAW42,BRD7137,5.707
COV362,BRD7137,6.019
OVMANA,BRD7137,6.055
NCIH650,BRD7137,6.16
SQ1,BRD7137,6.163
JHOM1,BRD7137,6.254
NCIH1915,BRD7137,6.517
DV90,BRD7137,6.64
JHH6,BRD7137,7.175
OCIAML3,BRD8958,3.133
GDM1,BRD8958,3.134
SUDHL5,BRD8958,3.489
LP1,BRD8958,3.494
KMS11,BRD8958,3.72
SW480,BRD8958,3.771
OVCAR8,BRD8958,4.118
NCIH1105,BRD8958,4.168
COLO320,BRD8958,4.181
WSUDLCL2,BRD8958,4.352
HEC151,BRD8958,4.357
OVK18,BRD8958,4.521
HCC4006,BRD8958,4.537
OVCAR4,BRD8958,4.544
NCIH1963,BRD8958,4.594
COV434,BRD8958,4.605
RPMI8226,BRD8958,4.641
NCIH1694,BRD8958,4.692
SNU398,BRD8958,4.708
SKM1,BRD8958,4.717
NCIH2122,BRD8958,4.74
JHOM1,BRD8958,4.751
THP1,BRD8958,4.914
A2780,BRD8958,5.003
OVKATE,BRD8958,5.021
JHOC5,BRD8958,5.055
NUDUL1,BRD8958,5.061
NCIH1781,BRD8958,5.099
JHUEM2,BRD8958,5.151
HCC1359,BRD8958,5.155
A375,BRD8958,5.244
NCIH2081,BRD8958,5.246
OCILY10,BRD8958,5.249
EJM,BRD8958,5.274
SNU81,BRD8958,5.291
PL21,BRD8958,5.372
NCIH1876,BRD8958,5.401
SW620,BRD8958,5.409
HCC1833,BRD8958,5.422
RMGI,BRD8958,5.429
RMUGS,BRD8958,5.459
SNU175,BRD8958,5.469
RKN,BRD8958,5.595
OV90,BRD8958,5.613
SQ1,BRD8958,5.625
NCIH841,BRD8958,5.649
IGROV1,BRD8958,5.712
SKLU1,BRD8958,5.771
COLO678,BRD8958,5.793
NCIH2030,BRD8958,5.824
LS180,BRD8958,5.851
NCIH2141,BRD8958,5.87
NCIH1836,BRD8958,5.891
SNU840,BRD8958,5.896
HCC827,BRD8958,5.899
CW2,BRD8958,5.911
HCC1195,BRD8958,5.951
NCIH460,BRD8958,5.965
LN229,BRD8958,5.976
NCIH2110,BRD8958,5.995
T3M10,BRD8958,6.013
MCF7,BRD8958,6.116
SNUC5,BRD8958,6.137
SNUC4,BRD8958,6.151
NCIH596,BRD8958,6.168
AMO1,BRD8958,6.185
NCIH2342,BRD8958,6.204
SNU61,BRD8958,6.206
NOMO1,BRD8958,6.214
HCC2108,BRD8958,6.234
HEPG2,BRD8958,6.261
TYKNU,BRD8958,6.287
KM12,BRD8958,6.302
NCIH441,BRD8958,6.306
OAW42,BRD8958,6.319
CORL51,BRD8958,6.326
HT1080,BRD8958,6.35
EFO27,BRD8958,6.352
HCC2935,BRD8958,6.357
SKMEL5,BRD8958,6.4
HCT116,BRD8958,6.418
SKMEL1,BRD8958,6.457
CAOV3,BRD8958,6.461
MDST8,BRD8958,6.466
SCC9,BRD8958,6.499
LS123,BRD8958,6.546
NCIH2023,BRD8958,6.583
HT115,BRD8958,6.637
COV362,BRD8958,6.66
CL34,BRD8958,6.662
NCIH2172,BRD8958,6.68
SW948,BRD8958,6.691
CL40,BRD8958,6.719
MOLM16,BRD8958,6.802
SUDHL4,BRD8958,6.812
CAL12T,BRD8958,6.817
HCC15,BRD8958,6.822
SCLC21H,BRD8958,6.84
CORL23,BRD8958,6.923
NCIH508,BRD8958,6.925
HT29,BRD8958,6.961
LOVO,BRD8958,6.98
RCM1,BRD8958,6.988
SKMEL28,BRD8958,6.992
OV7,BRD8958,7.068
HCT8,BRD8958,7.07
COV644,BRD8958,7.148
RKO,BRD8958,7.255
NCIH3255,BRD8958,7.258
NCIH1755,BRD8958,7.292
AGS,BRD8958,7.362
SNU1040,BRD8958,7.444
HT55,BRD8958,7.628
U937,BRD8958,8.071
WSUDLCL2,BRD9876,0.702
SKM1,BRD9876,1.857
OCIAML3,BRD9876,2.063
SNU175,BRD9876,2.301
NUDUL1,BRD9876,2.322
SUDHL5,BRD9876,2.696
GDM1,BRD9876,2.716
SNU81,BRD9876,2.876
RPMI8226,BRD9876,3.181
OVK18,BRD9876,3.262
HT1080,BRD9876,3.28
NCIH2122,BRD9876,3.29
HCC15,BRD9876,3.333
SUDHL4,BRD9876,3.449
A375,BRD9876,3.508
KM12,BRD9876,3.547
SNUC4,BRD9876,3.612
JHUEM2,BRD9876,3.641
HCC4006,BRD9876,3.723
NCIH1876,BRD9876,3.763
PL21,BRD9876,3.802
THP1,BRD9876,3.871
NCIH596,BRD9876,3.872
SW948,BRD9876,3.902
SNUC5,BRD9876,3.914
CAL12T,BRD9876,4.04
RMUGS,BRD9876,4.049
U937,BRD9876,4.248
MCF7,BRD9876,4.274
NOMO1,BRD9876,4.324
HCT116,BRD9876,4.339
NCIH1836,BRD9876,4.432
NCIH841,BRD9876,4.473
COLO320,BRD9876,4.503
SNU61,BRD9876,4.541
NCIH3255,BRD9876,4.569
NCIH2081,BRD9876,4.603
MOLM16,BRD9876,4.646
LOVO,BRD9876,4.651
SW620,BRD9876,4.729
JHOM1,BRD9876,4.832
SNU840,BRD9876,4.834
NCIH1694,BRD9876,4.926
SW480,BRD9876,4.936
NCIH1781,BRD9876,4.948
SNU1040,BRD9876,4.962
RMGI,BRD9876,4.978
COV434,BRD9876,5.04
JHOC5,BRD9876,5.048
CORL23,BRD9876,5.109
NCIH1755,BRD9876,5.174
SKMEL5,BRD9876,5.183
CW2,BRD9876,5.206
HCT8,BRD9876,5.228
HT55,BRD9876,5.286
CL34,BRD9876,5.29
OAW42,BRD9876,5.293
HT115,BRD9876,5.306
SKMEL1,BRD9876,5.34
NCIH1105,BRD9876,5.456
NCIH460,BRD9876,5.466
CL40,BRD9876,5.546
COV362,BRD9876,5.586
T3M10,BRD9876,5.587
NCIH441,BRD9876,5.6
NCIH2172,BRD9876,5.629
CAOV3,BRD9876,5.668
EJM,BRD9876,5.706
NCIH2030,BRD9876,5.723
OV90,BRD9876,5.725
HCC2108,BRD9876,5.737
NCIH2110,BRD9876,5.752
RKO,BRD9876,5.796
HCC1359,BRD9876,5.809
LN229,BRD9876,5.821
HCC1833,BRD9876,5.86
HCC1195,BRD9876,5.906
EFO27,BRD9876,5.93
NCIH2342,BRD9876,5.971
HCC2935,BRD9876,6.027
RCM1,BRD9876,6.059
TYKNU,BRD9876,6.102
LS123,BRD9876,6.206
SKLU1,BRD9876,6.224
COV644,BRD9876,6.232
OV7,BRD9876,6.235
MDST8,BRD9876,6.308
SQ1,BRD9876,6.327
HCC827,BRD9876,6.341
NCIH508,BRD9876,6.367
COLO678,BRD9876,6.411
HEPG2,BRD9876,6.435
NCIH2023,BRD9876,6.53
HT29,BRD9876,6.58
SKMEL28,BRD9876,7.22
SW948,brefeldin A,2.135
SKMEL5,brefeldin A,2.83
NCIH508,brefeldin A,2.88
NCIH1105,brefeldin A,2.884
NOMO1,brefeldin A,3.068
AGS,brefeldin A,3.116
CL34,brefeldin A,3.367
SCC9,brefeldin A,3.396
SNU175,brefeldin A,3.417
RKN,brefeldin A,3.534
RCC10RGB,brefeldin A,3.544
HEC151,brefeldin A,3.612
NCIH1836,brefeldin A,3.637
SNUC5,brefeldin A,3.679
LS180,brefeldin A,3.769
HCC1833,brefeldin A,3.785
CW2,brefeldin A,3.8
HS852T,brefeldin A,3.802
COLO668,brefeldin A,3.811
RMGI,brefeldin A,3.813
OVCAR8,brefeldin A,3.877
AMO1,brefeldin A,3.979
SNU81,brefeldin A,4.061
LOVO,brefeldin A,4.09
HT55,brefeldin A,4.164
COV644,brefeldin A,4.197
NCIH1930,brefeldin A,4.257
PC3,brefeldin A,4.273
CL40,brefeldin A,4.293
LXF289,brefeldin A,4.31
SNUC4,brefeldin A,4.328
NUDUL1,brefeldin A,4.329
OV90,brefeldin A,4.343
NCIH2122,brefeldin A,4.354
HEPG2,brefeldin A,4.397
KM12,brefeldin A,4.401
SKLU1,brefeldin A,4.415
NCIH441,brefeldin A,4.461
MDST8,brefeldin A,4.476
HT115,brefeldin A,4.478
U2OS,brefeldin A,4.512
PL21,brefeldin A,4.527
JHOC5,brefeldin A,4.543
JHUEM2,brefeldin A,4.544
JHOM1,brefeldin A,4.554
A2780,brefeldin A,4.558
LS123,brefeldin A,4.579
HCT8,brefeldin A,4.607
PATU8902,brefeldin A,4.62
COLO320,brefeldin A,4.623
NCIH2141,brefeldin A,4.641
RKO,brefeldin A,4.642
TYKNU,brefeldin A,4.654
SNGM,brefeldin A,4.685
RCM1,brefeldin A,4.689
SNU449,brefeldin A,4.73
OV7,brefeldin A,4.747
OCILY10,brefeldin A,4.753
CAL12T,brefeldin A,4.79
HT1080,brefeldin A,4.797
CAOV3,brefeldin A,4.827
OCIAML3,brefeldin A,4.834
SKMEL1,brefeldin A,4.987
NCIH1781,brefeldin A,5.012
A375,brefeldin A,5.036
NCIH841,brefeldin A,5.052
NCIH1435,brefeldin A,5.069
COLO678,brefeldin A,5.071
COV434,brefeldin A,5.177
KLE,brefeldin A,5.187
MCF7,brefeldin A,5.211
NCIH1963,brefeldin A,5.212
LN229,brefeldin A,5.225
HT29,brefeldin A,5.236
HCC1359,brefeldin A,5.25
RPMI8226,brefeldin A,5.273
EJM,brefeldin A,5.305
SNU1040,brefeldin A,5.308
ISHIKAWAHERAKLIO02ER,brefeldin A,5.312
GDM1,brefeldin A,5.313
SCLC21H,brefeldin A,5.342
T3M10,brefeldin A,5.365
OVK18,brefeldin A,5.387
NCIH2286,brefeldin A,5.4
HCC2108,brefeldin A,5.401
GAMG,brefeldin A,5.42
RMUGS,brefeldin A,5.434
CORL23,brefeldin A,5.482
OVCAR4,brefeldin A,5.486
HEC59,brefeldin A,5.505
KMS11,brefeldin A,5.511
HCC1195,brefeldin A,5.524
SUDHL4,brefeldin A,5.585
NCIH1755,brefeldin A,5.593
HCT116,brefeldin A,5.596
OVMANA,brefeldin A,5.61
SW480,brefeldin A,5.641
NCIH2342,brefeldin A,5.646
RERFLCKJ,brefeldin A,5.683
SNU61,brefeldin A,5.69
HCC4006,brefeldin A,5.708
HCC827,brefeldin A,5.714
JHOS4,brefeldin A,5.739
SNU840,brefeldin A,5.795
LP1,brefeldin A,5.83
SUDHL5,brefeldin A,5.859
NCIH3255,brefeldin A,5.871
NCIH1876,brefeldin A,5.872
HEC108,brefeldin A,5.915
SQ1,brefeldin A,5.918
HCC15,brefeldin A,5.961
NCIH2030,brefeldin A,6
NCIH596,brefeldin A,6.015
COV362,brefeldin A,6.025
IGROV1,brefeldin A,6.027
HCC2935,brefeldin A,6.031
EFO27,brefeldin A,6.061
THP1,brefeldin A,6.077
NCIH2110,brefeldin A,6.08
SW620,brefeldin A,6.084
NCIH2172,brefeldin A,6.086
NCIH1915,brefeldin A,6.109
OVKATE,brefeldin A,6.116
NCIH2023,brefeldin A,6.153
MOLM16,brefeldin A,6.183
MKN74,brefeldin A,6.273
CORL51,brefeldin A,6.279
COV318,brefeldin A,6.28
SKM1,brefeldin A,6.323
WSUDLCL2,brefeldin A,6.325
NCIH2081,brefeldin A,6.42
NCIH460,brefeldin A,6.426
NCIH1694,brefeldin A,6.463
BL70,brefeldin A,6.533
OAW42,brefeldin A,6.566
SNU398,brefeldin A,6.591
JHH6,brefeldin A,6.725
U937,brefeldin A,6.996
SKMEL28,brefeldin A,7.112
BL70,BX-795,2.356
NCIH2081,BX-795,2.51
NCIH1755,BX-795,2.901
LXF289,BX-795,3.062
GDM1,BX-795,3.075
SKM1,BX-795,3.23
NUDUL1,BX-795,3.252
SUDHL5,BX-795,3.376
OVCAR4,BX-795,3.406
NOMO1,BX-795,3.407
JHUEM2,BX-795,3.462
MOLM16,BX-795,3.473
OCIAML3,BX-795,3.482
HCC15,BX-795,3.653
EJM,BX-795,3.66
CAOV3,BX-795,3.714
OVKATE,BX-795,3.729
SNU175,BX-795,3.841
NCIH596,BX-795,3.865
NCIH1963,BX-795,3.917
U937,BX-795,4.011
WSUDLCL2,BX-795,4.024
SCLC21H,BX-795,4.035
CORL51,BX-795,4.04
KM12,BX-795,4.106
KMS11,BX-795,4.108
NCIH1836,BX-795,4.119
NCIH1435,BX-795,4.148
U2OS,BX-795,4.153
AMO1,BX-795,4.199
HT1080,BX-795,4.212
SW948,BX-795,4.231
PL21,BX-795,4.251
COLO668,BX-795,4.253
NCIH1694,BX-795,4.292
AGS,BX-795,4.306
NCIH1876,BX-795,4.343
HCC2108,BX-795,4.351
HS852T,BX-795,4.354
LP1,BX-795,4.369
SNU1040,BX-795,4.375
NCIH2122,BX-795,4.378
NCIH2286,BX-795,4.381
OV90,BX-795,4.401
KLE,BX-795,4.522
SW620,BX-795,4.529
JHOS4,BX-795,4.535
NCIH3255,BX-795,4.538
OVCAR8,BX-795,4.54
SW480,BX-795,4.562
A375,BX-795,4.594
PC3,BX-795,4.606
CL34,BX-795,4.616
HCT116,BX-795,4.62
SUDHL4,BX-795,4.655
NCIH841,BX-795,4.701
A2780,BX-795,4.77
HEC151,BX-795,4.797
GAMG,BX-795,4.836
COLO320,BX-795,4.841
NCIH2110,BX-795,4.912
SNU398,BX-795,4.928
JHOM1,BX-795,5.011
LN229,BX-795,5.026
ISHIKAWAHERAKLIO02ER,BX-795,5.077
SKLU1,BX-795,5.079
CAL12T,BX-795,5.096
LS180,BX-795,5.139
RKN,BX-795,5.168
SCC9,BX-795,5.178
COV644,BX-795,5.208
NCIH441,BX-795,5.212
NCIH1105,BX-795,5.218
MCF7,BX-795,5.221
RMGI,BX-795,5.252
OVMANA,BX-795,5.263
NCIH1781,BX-795,5.266
RMUGS,BX-795,5.281
SNGM,BX-795,5.308
SNU840,BX-795,5.327
NCIH1930,BX-795,5.33
NCIH1915,BX-795,5.38
HT115,BX-795,5.381
RERFLCKJ,BX-795,5.383
TYKNU,BX-795,5.393
MKN74,BX-795,5.445
SKMEL5,BX-795,5.473
T3M10,BX-795,5.474
HCT8,BX-795,5.482
HEC108,BX-795,5.501
LOVO,BX-795,5.518
PATU8902,BX-795,5.553
MDST8,BX-795,5.607
HCC1833,BX-795,5.618
COV434,BX-795,5.632
SNU449,BX-795,5.643
NCIH2172,BX-795,5.644
RPMI8226,BX-795,5.665
NCIH2342,BX-795,5.668
OCILY10,BX-795,5.691
OV7,BX-795,5.7
IGROV1,BX-795,5.739
HCC4006,BX-795,5.74
NCIH2030,BX-795,5.757
JHOC5,BX-795,5.775
SNUC4,BX-795,5.78
SNUC5,BX-795,5.82
SQ1,BX-795,5.84
HT29,BX-795,5.866
SNU81,BX-795,5.908
NCIH508,BX-795,5.915
COV318,BX-795,6.026
HEC59,BX-795,6.043
LS123,BX-795,6.064
HEPG2,BX-795,6.09
RKO,BX-795,6.12
HT55,BX-795,6.126
HCC2935,BX-795,6.166
CORL23,BX-795,6.173
OVK18,BX-795,6.2
NCIH460,BX-795,6.2
COLO678,BX-795,6.222
OAW42,BX-795,6.254
HCC827,BX-795,6.29
COV362,BX-795,6.32
NCIH2023,BX-795,6.399
HCC1195,BX-795,6.435
SKMEL1,BX-795,6.445
THP1,BX-795,6.484
SNU61,BX-795,6.533
CL40,BX-795,6.54
RCM1,BX-795,6.603
EFO27,BX-795,6.611
RCC10RGB,BX-795,6.659
NCIH2141,BX-795,6.675
SKMEL28,BX-795,6.737
CW2,BX-795,6.983
JHH6,BX-795,7.015
HCC1359,BX-795,8.235
NUDUL1,capsaicin,2.745
NCIH1963,capsaicin,3.045
RKN,capsaicin,3.328
SCLC21H,capsaicin,3.328
GDM1,capsaicin,3.433
PL21,capsaicin,3.562
OCIAML3,capsaicin,3.6
OVCAR4,capsaicin,4.003
NCIH1694,capsaicin,4.113
OVCAR8,capsaicin,4.121
NCIH1876,capsaicin,4.22
RCC10RGB,capsaicin,4.241
COV434,capsaicin,4.265
KMS11,capsaicin,4.321
MCF7,capsaicin,4.356
RMGI,capsaicin,4.372
COLO320,capsaicin,4.46
HCC4006,capsaicin,4.462
A2780,capsaicin,4.505
OVK18,capsaicin,4.526
NCIH1836,capsaicin,4.625
HEC151,capsaicin,4.67
SKM1,capsaicin,4.727
RMUGS,capsaicin,4.735
THP1,capsaicin,4.785
OVKATE,capsaicin,4.8
NCIH2342,capsaicin,4.813
HCC1359,capsaicin,4.814
AGS,capsaicin,4.871
EJM,capsaicin,4.899
HCC2935,capsaicin,4.923
LP1,capsaicin,4.951
CORL51,capsaicin,4.98
CAL12T,capsaicin,4.981
NCIH841,capsaicin,4.991
U937,capsaicin,5.065
LS180,capsaicin,5.079
WSUDLCL2,capsaicin,5.089
JHUEM2,capsaicin,5.089
CW2,capsaicin,5.132
RPMI8226,capsaicin,5.173
NCIH2081,capsaicin,5.179
SNUC5,capsaicin,5.184
IGROV1,capsaicin,5.267
HCC1833,capsaicin,5.291
MOLM16,capsaicin,5.316
HCC2108,capsaicin,5.337
SUDHL4,capsaicin,5.363
TYKNU,capsaicin,5.378
SUDHL5,capsaicin,5.404
NCIH2141,capsaicin,5.414
NOMO1,capsaicin,5.472
SNU61,capsaicin,5.51
COLO678,capsaicin,5.525
NCIH3255,capsaicin,5.526
KM12,capsaicin,5.53
SNUC4,capsaicin,5.571
OCILY10,capsaicin,5.594
COV644,capsaicin,5.638
SCC9,capsaicin,5.654
NCIH2030,capsaicin,5.661
U2OS,capsaicin,5.668
A375,capsaicin,5.727
HCT116,capsaicin,5.729
HCC15,capsaicin,5.748
NCIH1781,capsaicin,5.756
HT115,capsaicin,5.757
OV90,capsaicin,5.776
NCIH441,capsaicin,5.776
LN229,capsaicin,5.777
NCIH2110,capsaicin,5.795
SNU398,capsaicin,5.807
NCIH596,capsaicin,5.81
RCM1,capsaicin,5.83
NCIH2023,capsaicin,5.841
SNU175,capsaicin,5.844
NCIH1755,capsaicin,5.85
CAOV3,capsaicin,5.86
HCC827,capsaicin,5.873
SNU1040,capsaicin,5.89
SW480,capsaicin,5.903
RKO,capsaicin,5.922
MDST8,capsaicin,5.979
SNU840,capsaicin,5.998
LS123,capsaicin,6.011
SW948,capsaicin,6.031
LOVO,capsaicin,6.053
T3M10,capsaicin,6.062
NCIH2172,capsaicin,6.069
NCIH1105,capsaicin,6.079
SQ1,capsaicin,6.087
NCIH2122,capsaicin,6.088
HT29,capsaicin,6.1
SKMEL5,capsaicin,6.103
NCIH508,capsaicin,6.107
JHOM1,capsaicin,6.108
HT1080,capsaicin,6.14
SKLU1,capsaicin,6.158
CORL23,capsaicin,6.163
SW620,capsaicin,6.167
SNU81,capsaicin,6.207
HT55,capsaicin,6.238
CL40,capsaicin,6.268
CL34,capsaicin,6.276
OV7,capsaicin,6.467
EFO27,capsaicin,6.47
HCT8,capsaicin,6.484
JHOC5,capsaicin,6.496
COV362,capsaicin,6.537
SKMEL1,capsaicin,6.551
HCC1195,capsaicin,6.575
HEPG2,capsaicin,6.735
SKMEL28,capsaicin,6.823
NCIH460,capsaicin,6.823
OAW42,capsaicin,7.251
AMO1,capsaicin,7.475
SKM1,CAY10618,0.076
WSUDLCL2,CAY10618,0.083
OCIAML3,CAY10618,0.092
SUDHL4,CAY10618,0.11
NOMO1,CAY10618,0.121
MOLM16,CAY10618,0.124
RPMI8226,CAY10618,0.128
SUDHL5,CAY10618,0.17
NCIH596,CAY10618,0.171
JHUEM2,CAY10618,0.285
NUDUL1,CAY10618,0.295
GDM1,CAY10618,0.311
U937,CAY10618,0.311
THP1,CAY10618,0.312
LOVO,CAY10618,0.321
HCT8,CAY10618,0.332
NCIH508,CAY10618,0.386
HT115,CAY10618,0.42
HT1080,CAY10618,0.442
TYKNU,CAY10618,0.517
NCIH1755,CAY10618,0.525
NCIH460,CAY10618,0.599
RCM1,CAY10618,0.6
COV644,CAY10618,0.606
LS123,CAY10618,0.608
SNU840,CAY10618,0.617
HT55,CAY10618,0.624
MDST8,CAY10618,0.666
A375,CAY10618,0.739
SNU1040,CAY10618,0.767
CL34,CAY10618,0.803
RKO,CAY10618,0.82
NCIH1781,CAY10618,0.895
SW620,CAY10618,0.999
HCC15,CAY10618,1.097
PL21,CAY10618,1.128
LN229,CAY10618,1.132
SKMEL5,CAY10618,1.364
OV7,CAY10618,1.415
NCIH2122,CAY10618,1.463
SW480,CAY10618,1.762
RMUGS,CAY10618,1.97
T3M10,CAY10618,2.089
NCIH441,CAY10618,2.303
OV90,CAY10618,2.379
CAOV3,CAY10618,2.534
SKLU1,CAY10618,2.576
SKMEL28,CAY10618,2.646
COLO678,CAY10618,4.012
HCT116,CAY10618,4.817
SKMEL1,CAY10618,5.572
CL40,CAY10618,6.188
HT29,CAY10618,6.704
OCIAML3,CD-1530,1.623
NCIH1105,CD-1530,2.594
NCIH1694,CD-1530,2.638
COV434,CD-1530,2.64
SW620,CD-1530,2.658
OVKATE,CD-1530,2.704
HEC151,CD-1530,2.805
SNU175,CD-1530,2.849
SW480,CD-1530,2.93
SKM1,CD-1530,2.944
OVCAR4,CD-1530,2.975
A2780,CD-1530,3.017
RPMI8226,CD-1530,3.077
NCIH841,CD-1530,3.174
SW948,CD-1530,3.18
NCIH1836,CD-1530,3.242
NCIH1876,CD-1530,3.243
NCIH2342,CD-1530,3.324
NCIH2023,CD-1530,3.335
PL21,CD-1530,3.357
THP1,CD-1530,3.408
RMUGS,CD-1530,3.436
OV90,CD-1530,3.443
LS180,CD-1530,3.447
SNU398,CD-1530,3.455
OVCAR8,CD-1530,3.47
GDM1,CD-1530,3.472
WSUDLCL2,CD-1530,3.505
NUDUL1,CD-1530,3.506
SNUC4,CD-1530,3.539
NCIH2141,CD-1530,3.625
OVK18,CD-1530,3.649
LP1,CD-1530,3.703
NCIH2081,CD-1530,3.791
SNU81,CD-1530,3.794
KMS11,CD-1530,3.836
CW2,CD-1530,3.84
RMGI,CD-1530,3.845
SNU840,CD-1530,3.868
SNU61,CD-1530,3.895
NOMO1,CD-1530,3.919
HCC2108,CD-1530,3.961
NCIH2122,CD-1530,3.968
HCT116,CD-1530,3.984
SNUC5,CD-1530,4.151
TYKNU,CD-1530,4.182
JHUEM2,CD-1530,4.183
T3M10,CD-1530,4.23
NCIH596,CD-1530,4.247
HCC1195,CD-1530,4.267
JHOM1,CD-1530,4.283
NCIH1781,CD-1530,4.301
IGROV1,CD-1530,4.329
SUDHL5,CD-1530,4.35
NCIH1963,CD-1530,4.404
OV7,CD-1530,4.448
RKN,CD-1530,4.453
NCIH2030,CD-1530,4.455
COLO320,CD-1530,4.49
HT1080,CD-1530,4.536
LOVO,CD-1530,4.565
NCIH460,CD-1530,4.59
U937,CD-1530,4.649
HCC4006,CD-1530,4.665
SUDHL4,CD-1530,4.744
HCC15,CD-1530,4.771
SKLU1,CD-1530,4.774
LN229,CD-1530,4.784
SKMEL5,CD-1530,4.785
HCC1833,CD-1530,4.867
KM12,CD-1530,4.878
HCT8,CD-1530,4.898
SNU1040,CD-1530,4.9
SKMEL1,CD-1530,4.938
MCF7,CD-1530,4.938
OAW42,CD-1530,4.959
AGS,CD-1530,4.973
HCC2935,CD-1530,4.992
NCIH1755,CD-1530,5.125
NCIH2110,CD-1530,5.145
HCC827,CD-1530,5.158
SKMEL28,CD-1530,5.183
A375,CD-1530,5.23
LS123,CD-1530,5.231
HCC1359,CD-1530,5.237
CAL12T,CD-1530,5.24
COV644,CD-1530,5.271
SCLC21H,CD-1530,5.287
JHOC5,CD-1530,5.301
HT115,CD-1530,5.306
RCC10RGB,CD-1530,5.308
NCIH441,CD-1530,5.362
RCM1,CD-1530,5.394
NCIH2172,CD-1530,5.454
HT55,CD-1530,5.473
COLO678,CD-1530,5.542
EJM,CD-1530,5.551
CAOV3,CD-1530,5.62
CORL51,CD-1530,5.727
SQ1,CD-1530,5.749
NCIH508,CD-1530,5.816
MOLM16,CD-1530,5.816
SCC9,CD-1530,5.845
MDST8,CD-1530,5.905
HT29,CD-1530,5.911
CORL23,CD-1530,5.958
U2OS,CD-1530,6.101
EFO27,CD-1530,6.141
RKO,CD-1530,6.243
AMO1,CD-1530,6.263
OCILY10,CD-1530,6.435
CL34,CD-1530,6.504
NCIH3255,CD-1530,6.712
CL40,CD-1530,6.932
COV362,CD-1530,7.351
HEPG2,CD-1530,8.278
THP1,CD-437,0.085
SKM1,CD-437,0.089
SUDHL5,CD-437,0.097
NUDUL1,CD-437,0.327
MSTO211H,CD-437,0.413
OCIAML3,CD-437,0.42
KU812,CD-437,0.442
GDM1,CD-437,0.529
WSUDLCL2,CD-437,0.599
NOMO1,CD-437,0.602
JHUEM2,CD-437,0.63
LS180,CD-437,0.653
KE97,CD-437,0.658
OVKATE,CD-437,0.683
HEC151,CD-437,0.727
NCIH1963,CD-437,0.754
PL21,CD-437,0.757
SNUC4,CD-437,0.881
LU99,CD-437,0.911
NCIH1048,CD-437,0.928
NCIH1876,CD-437,0.974
HCT116,CD-437,0.977
CORL279,CD-437,1.012
NCIH1568,CD-437,1.02
SNUC5,CD-437,1.046
CAOV3,CD-437,1.059
NCIH596,CD-437,1.064
NCIH1694,CD-437,1.067
SKCO1,CD-437,1.067
AGS,CD-437,1.085
TYKNU,CD-437,1.15
RPMI8226,CD-437,1.217
LOVO,CD-437,1.293
HEYA8,CD-437,1.294
SCLC21H,CD-437,1.339
SW48,CD-437,1.349
OVK18,CD-437,1.36
U937,CD-437,1.36
NCIH2122,CD-437,1.384
SKLU1,CD-437,1.481
KYSE140,CD-437,1.499
KM12,CD-437,1.51
RCM1,CD-437,1.542
NCIH2286,CD-437,1.561
OVCAR8,CD-437,1.598
SNU398,CD-437,1.599
NCIH460,CD-437,1.604
SW620,CD-437,1.613
RKO,CD-437,1.625
LS513,CD-437,1.642
RMGI,CD-437,1.644
SNU175,CD-437,1.687
LN229,CD-437,1.69
NCIH1105,CD-437,1.736
CORL23,CD-437,1.744
RT4,CD-437,1.756
MOLM16,CD-437,1.759
EJM,CD-437,1.77
HARA,CD-437,1.812
COLO668,CD-437,1.863
IGROV1,CD-437,1.878
NCIH1781,CD-437,1.895
GP2D,CD-437,1.907
A2780,CD-437,1.922
G401,CD-437,2.056
NCIH1944,CD-437,2.139
SUDHL4,CD-437,2.143
NCIH23,CD-437,2.151
CW2,CD-437,2.156
A375,CD-437,2.166
HCC78,CD-437,2.167
RMUGS,CD-437,2.214
JHOC5,CD-437,2.249
HS944T,CD-437,2.256
5637,CD-437,2.265
CORL51,CD-437,2.279
SNU81,CD-437,2.281
HT,CD-437,2.301
UMUC3,CD-437,2.309
KMS11,CD-437,2.31
EBC1,CD-437,2.318
HT1080,CD-437,2.34
NCIH2081,CD-437,2.36
NCIH1930,CD-437,2.379
MCF7,CD-437,2.406
NCIH1836,CD-437,2.414
NCIH1373,CD-437,2.422
HEC108,CD-437,2.476
HCC1359,CD-437,2.504
BL70,CD-437,2.511
OV90,CD-437,2.517
HCC44,CD-437,2.53
LCLC97TM1,CD-437,2.541
DLD1,CD-437,2.549
SNU1040,CD-437,2.563
HT55,CD-437,2.615
RKN,CD-437,2.649
HEC6,CD-437,2.689
OVCAR4,CD-437,2.692
NCIH82,CD-437,2.698
NCIH441,CD-437,2.753
ISHIKAWAHERAKLIO02ER,CD-437,2.762
PC3,CD-437,2.792
HCT8,CD-437,2.804
KLE,CD-437,2.809
NCIH1755,CD-437,2.81
COV434,CD-437,2.817
HSC2,CD-437,2.842
NCIH2141,CD-437,2.843
NCIH28,CD-437,2.848
HCC827,CD-437,2.873
NCIH810,CD-437,2.899
OV7,CD-437,2.908
NCIH1975,CD-437,2.946
T3M10,CD-437,2.953
SW948,CD-437,2.966
HCC15,CD-437,2.985
CL34,CD-437,2.993
NCIH2009,CD-437,3.012
NCIH2023,CD-437,3.022
NCIH1573,CD-437,3.023
MC116,CD-437,3.032
PANC0327,CD-437,3.035
HCC2108,CD-437,3.036
A549,CD-437,3.046
LS411N,CD-437,3.052
DMS273,CD-437,3.061
EPLC272H,CD-437,3.08
CL40,CD-437,3.091
SKMEL5,CD-437,3.127
MDST8,CD-437,3.13
LXF289,CD-437,3.152
SKOV3,CD-437,3.156
COLO320,CD-437,3.164
KMBC2,CD-437,3.17
NCIH1793,CD-437,3.218
HCC1833,CD-437,3.244
SF295,CD-437,3.245
HT1376,CD-437,3.316
VMRCLCD,CD-437,3.324
NCIH2030,CD-437,3.326
SQ1,CD-437,3.33
NCIH1299,CD-437,3.352
SW480,CD-437,3.355
NCIH1437,CD-437,3.374
NCIH358,CD-437,3.424
SCC9,CD-437,3.473
SHP77,CD-437,3.513
SNU840,CD-437,3.515
NCIH1792,CD-437,3.524
NCIH1666,CD-437,3.555
SNGM,CD-437,3.558
LU65,CD-437,3.573
PANC1005,CD-437,3.579
COV362,CD-437,3.586
COLO741,CD-437,3.611
SNU61,CD-437,3.627
P3HR1,CD-437,3.63
SKMEL1,CD-437,3.635
HCC33,CD-437,3.659
NCIH2029,CD-437,3.679
HEC265,CD-437,3.693
NCIH522,CD-437,3.693
NCIH841,CD-437,3.694
NCIH2405,CD-437,3.731
SNUC2A,CD-437,3.734
CALU6,CD-437,3.741
LCLC103H,CD-437,3.752
HCC1195,CD-437,3.784
KNS62,CD-437,3.808
EFO27,CD-437,3.809
JHOM1,CD-437,3.826
KP3,CD-437,3.894
JHOS4,CD-437,3.978
CAL12T,CD-437,3.986
CAPAN2,CD-437,4.011
NCIH727,CD-437,4.045
KYSE450,CD-437,4.076
DV90,CD-437,4.104
G361,CD-437,4.106
CFPAC1,CD-437,4.156
BEN,CD-437,4.176
OAW42,CD-437,4.187
U2OS,CD-437,4.205
AMO1,CD-437,4.229
QGP1,CD-437,4.237
LC1SQSF,CD-437,4.252
LS123,CD-437,4.28
MFE319,CD-437,4.309
HEC251,CD-437,4.312
HCC2935,CD-437,4.314
CALU3,CD-437,4.325
SNU449,CD-437,4.34
NCIH2126,CD-437,4.392
HS936T,CD-437,4.416
NCIH661,CD-437,4.474
NCIH2110,CD-437,4.482
HT115,CD-437,4.506
COLO205,CD-437,4.533
NCIH1435,CD-437,4.569
NCIH650,CD-437,4.574
HUPT4,CD-437,4.601
HCC4006,CD-437,4.615
RERFLCKJ,CD-437,4.644
NCIH508,CD-437,4.651
OCILY10,CD-437,4.662
C2BBE1,CD-437,4.676
NCIH3255,CD-437,4.808
KYSE410,CD-437,4.827
SUIT2,CD-437,4.847
CHAGOK1,CD-437,4.951
VMRCRCW,CD-437,4.982
RCC10RGB,CD-437,4.996
HPAC,CD-437,5.05
MKN7,CD-437,5.062
NCIH1915,CD-437,5.177
NCIH1355,CD-437,5.198
NCIH2052,CD-437,5.256
COLO678,CD-437,5.274
GAMG,CD-437,5.284
HEC59,CD-437,5.315
CORL88,CD-437,5.368
MKN74,CD-437,5.372
COV318,CD-437,5.385
HS852T,CD-437,5.423
HT29,CD-437,5.476
NCIH2342,CD-437,5.478
SW403,CD-437,5.481
COV644,CD-437,5.651
SKMEL28,CD-437,5.681
NCIH2172,CD-437,5.682
OVMANA,CD-437,5.755
NUGC4,CD-437,5.864
PATU8902,CD-437,6.033
EFO21,CD-437,6.246
HEPG2,CD-437,6.354
LP1,CD-437,6.506
FU97,CD-437,6.511
SH10TC,CD-437,6.818
JHH6,CD-437,7.822
NCIH1963,cerulenin,1.107
SNUC5,cerulenin,2.954
NCIH1694,cerulenin,2.99
OVCAR4,cerulenin,2.999
NUDUL1,cerulenin,3.065
KMS11,cerulenin,3.225
OVK18,cerulenin,3.252
HEC151,cerulenin,3.318
SKM1,cerulenin,3.324
SUDHL5,cerulenin,3.365
COV434,cerulenin,3.469
NCIH1781,cerulenin,3.528
NCIH1876,cerulenin,3.561
RCC10RGB,cerulenin,3.575
PL21,cerulenin,3.656
OVCAR8,cerulenin,3.674
OCIAML3,cerulenin,3.795
CW2,cerulenin,3.821
SNU81,cerulenin,3.886
OVKATE,cerulenin,3.925
NCIH3255,cerulenin,3.972
NCIH1836,cerulenin,4.044
SNU398,cerulenin,4.067
HCT116,cerulenin,4.146
SCLC21H,cerulenin,4.227
THP1,cerulenin,4.259
JHOC5,cerulenin,4.266
RPMI8226,cerulenin,4.275
GDM1,cerulenin,4.306
AGS,cerulenin,4.364
SW948,cerulenin,4.487
NCIH2081,cerulenin,4.556
SNU175,cerulenin,4.558
COLO320,cerulenin,4.596
JHOM1,cerulenin,4.696
RMGI,cerulenin,4.712
KM12,cerulenin,4.729
RMUGS,cerulenin,4.752
EFO27,cerulenin,4.753
MCF7,cerulenin,4.801
HCC15,cerulenin,4.804
WSUDLCL2,cerulenin,4.81
HCC4006,cerulenin,4.824
NCIH2342,cerulenin,4.888
SNUC4,cerulenin,4.911
LS123,cerulenin,4.921
EJM,cerulenin,4.956
U937,cerulenin,4.966
NCIH2141,cerulenin,4.999
COLO678,cerulenin,4.999
HCC1359,cerulenin,5.018
NCIH2110,cerulenin,5.021
CORL23,cerulenin,5.022
TYKNU,cerulenin,5.053
NCIH1105,cerulenin,5.078
HCC1195,cerulenin,5.096
SKMEL1,cerulenin,5.112
JHUEM2,cerulenin,5.157
LP1,cerulenin,5.169
SUDHL4,cerulenin,5.172
LS180,cerulenin,5.207
NCIH508,cerulenin,5.243
A375,cerulenin,5.267
LOVO,cerulenin,5.28
HCC2935,cerulenin,5.307
NCIH841,cerulenin,5.331
CORL51,cerulenin,5.351
RKO,cerulenin,5.366
HT55,cerulenin,5.368
IGROV1,cerulenin,5.42
SNU61,cerulenin,5.425
NOMO1,cerulenin,5.446
OV90,cerulenin,5.483
HT115,cerulenin,5.506
CL40,cerulenin,5.546
RCM1,cerulenin,5.547
RKN,cerulenin,5.552
SNU840,cerulenin,5.565
NCIH596,cerulenin,5.593
HCT8,cerulenin,5.616
CAL12T,cerulenin,5.636
SW480,cerulenin,5.667
NCIH441,cerulenin,5.691
SW620,cerulenin,5.723
A2780,cerulenin,5.732
U2OS,cerulenin,5.757
CL34,cerulenin,5.798
CAOV3,cerulenin,5.83
OCILY10,cerulenin,5.88
SQ1,cerulenin,5.883
SKMEL5,cerulenin,5.885
HCC1833,cerulenin,5.931
T3M10,cerulenin,5.953
COV644,cerulenin,5.975
NCIH2122,cerulenin,6.012
SKLU1,cerulenin,6.179
HCC2108,cerulenin,6.222
HCC827,cerulenin,6.234
MDST8,cerulenin,6.269
COV362,cerulenin,6.3
LN229,cerulenin,6.303
HT29,cerulenin,6.308
NCIH1755,cerulenin,6.311
HEPG2,cerulenin,6.338
NCIH2030,cerulenin,6.344
SCC9,cerulenin,6.348
NCIH2172,cerulenin,6.364
SNU1040,cerulenin,6.413
SKMEL28,cerulenin,6.515
HT1080,cerulenin,6.545
MOLM16,cerulenin,6.633
NCIH2023,cerulenin,6.692
NCIH460,cerulenin,6.767
OV7,cerulenin,6.785
OAW42,cerulenin,6.966
AMO1,cerulenin,7.561
NUDUL1,chaetocin,1.185
GDM1,chaetocin,1.352
NCIH1963,chaetocin,1.407
OCIAML3,chaetocin,1.652
OVCAR8,chaetocin,1.655
PL21,chaetocin,1.947
SNU175,chaetocin,2.163
OVCAR4,chaetocin,2.25
SNUC5,chaetocin,2.336
SNUC4,chaetocin,2.389
NOMO1,chaetocin,2.478
COV434,chaetocin,2.635
CW2,chaetocin,2.67
SKM1,chaetocin,2.707
SKMEL1,chaetocin,2.721
LS180,chaetocin,2.773
SCLC21H,chaetocin,2.837
AGS,chaetocin,2.842
KM12,chaetocin,2.906
SUDHL5,chaetocin,2.93
NCIH1836,chaetocin,2.961
U937,chaetocin,3.025
HCT116,chaetocin,3.073
WSUDLCL2,chaetocin,3.11
THP1,chaetocin,3.129
SW480,chaetocin,3.154
COLO320,chaetocin,3.164
SNU840,chaetocin,3.175
COLO678,chaetocin,3.176
NCIH1781,chaetocin,3.228
HEC151,chaetocin,3.298
RKO,chaetocin,3.31
SUDHL4,chaetocin,3.317
NCIH2342,chaetocin,3.352
NCIH3255,chaetocin,3.356
CORL51,chaetocin,3.382
SNU398,chaetocin,3.399
HCC1359,chaetocin,3.436
RMGI,chaetocin,3.451
OVKATE,chaetocin,3.494
NCIH596,chaetocin,3.508
OV90,chaetocin,3.515
SNU81,chaetocin,3.57
RCM1,chaetocin,3.617
KMS11,chaetocin,3.618
TYKNU,chaetocin,3.878
LOVO,chaetocin,3.926
A375,chaetocin,3.931
CORL23,chaetocin,3.965
T3M10,chaetocin,3.974
HT115,chaetocin,4.096
LS123,chaetocin,4.097
EFO27,chaetocin,4.181
RKN,chaetocin,4.219
COV644,chaetocin,4.257
RPMI8226,chaetocin,4.321
HCC1833,chaetocin,4.333
SW620,chaetocin,4.361
SW948,chaetocin,4.381
SKLU1,chaetocin,4.382
JHUEM2,chaetocin,4.386
LP1,chaetocin,4.423
NCIH441,chaetocin,4.513
CL34,chaetocin,4.524
JHOC5,chaetocin,4.599
SKMEL5,chaetocin,4.64
MOLM16,chaetocin,4.683
NCIH2110,chaetocin,4.695
OVK18,chaetocin,4.709
MDST8,chaetocin,4.72
LN229,chaetocin,4.733
A2780,chaetocin,4.772
HCC1195,chaetocin,4.772
U2OS,chaetocin,4.777
HT55,chaetocin,4.825
HCT8,chaetocin,4.965
RMUGS,chaetocin,4.984
NCIH2122,chaetocin,4.998
SCC9,chaetocin,5.061
CAOV3,chaetocin,5.097
AMO1,chaetocin,5.101
CL40,chaetocin,5.107
NCIH508,chaetocin,5.156
HCC15,chaetocin,5.254
SNU1040,chaetocin,5.274
IGROV1,chaetocin,5.33
NCIH1755,chaetocin,5.338
HT1080,chaetocin,5.397
NCIH2141,chaetocin,5.408
JHOM1,chaetocin,5.479
HCC2108,chaetocin,5.507
HCC4006,chaetocin,5.675
NCIH1876,chaetocin,5.736
NCIH2081,chaetocin,5.774
HT29,chaetocin,5.78
HCC827,chaetocin,5.806
EJM,chaetocin,5.806
NCIH841,chaetocin,5.808
HCC2935,chaetocin,5.82
SQ1,chaetocin,5.85
OCILY10,chaetocin,5.99
NCIH1694,chaetocin,6.045
MCF7,chaetocin,6.07
NCIH2172,chaetocin,6.105
COV362,chaetocin,6.138
CAL12T,chaetocin,6.235
OV7,chaetocin,6.238
RCC10RGB,chaetocin,6.31
NCIH460,chaetocin,6.372
SNU61,chaetocin,6.383
NCIH2030,chaetocin,6.597
SKMEL28,chaetocin,6.603
HEPG2,chaetocin,6.781
OAW42,chaetocin,7.074
NCIH1105,chaetocin,7.096
NCIH2023,chaetocin,7.255
KMS11,CHEMBL1222381,1.134
EJM,CHEMBL1222381,1.147
NCIH1963,CHEMBL1222381,1.24
LS180,CHEMBL1222381,1.418
NCIH1105,CHEMBL1222381,1.431
SCLC21H,CHEMBL1222381,1.508
RPMI8226,CHEMBL1222381,1.744
SNUC4,CHEMBL1222381,1.827
NUDUL1,CHEMBL1222381,1.83
OVCAR4,CHEMBL1222381,1.838
A2780,CHEMBL1222381,1.875
NOMO1,CHEMBL1222381,1.928
OCIAML3,CHEMBL1222381,2.176
SKM1,CHEMBL1222381,2.326
AGS,CHEMBL1222381,2.428
OVCAR8,CHEMBL1222381,2.508
SW948,CHEMBL1222381,2.537
HEC151,CHEMBL1222381,2.565
NCIH508,CHEMBL1222381,2.609
JHOM1,CHEMBL1222381,2.671
SUDHL4,CHEMBL1222381,2.721
GDM1,CHEMBL1222381,2.728
SUDHL5,CHEMBL1222381,2.749
SNU175,CHEMBL1222381,2.802
MCF7,CHEMBL1222381,2.9
NCIH1694,CHEMBL1222381,2.941
WSUDLCL2,CHEMBL1222381,2.963
NCIH3255,CHEMBL1222381,3.023
RCM1,CHEMBL1222381,3.035
NCIH1876,CHEMBL1222381,3.082
THP1,CHEMBL1222381,3.087
PL21,CHEMBL1222381,3.166
U2OS,CHEMBL1222381,3.211
LP1,CHEMBL1222381,3.22
NCIH1836,CHEMBL1222381,3.223
OVK18,CHEMBL1222381,3.257
HT115,CHEMBL1222381,3.357
HCC4006,CHEMBL1222381,3.401
RMGI,CHEMBL1222381,3.418
EFO27,CHEMBL1222381,3.492
COLO320,CHEMBL1222381,3.494
COV434,CHEMBL1222381,3.577
CW2,CHEMBL1222381,3.602
LOVO,CHEMBL1222381,3.636
OVKATE,CHEMBL1222381,3.669
MOLM16,CHEMBL1222381,3.694
HT55,CHEMBL1222381,3.709
NCIH2342,CHEMBL1222381,3.754
OCILY10,CHEMBL1222381,3.765
SNU61,CHEMBL1222381,3.915
NCIH2081,CHEMBL1222381,3.926
HCC1195,CHEMBL1222381,3.946
NCIH2172,CHEMBL1222381,3.958
CL40,CHEMBL1222381,3.961
JHOC5,CHEMBL1222381,3.976
JHUEM2,CHEMBL1222381,4.011
SKMEL5,CHEMBL1222381,4.027
OV90,CHEMBL1222381,4.042
CORL51,CHEMBL1222381,4.053
RMUGS,CHEMBL1222381,4.111
HCT116,CHEMBL1222381,4.117
HCT8,CHEMBL1222381,4.185
HCC2108,CHEMBL1222381,4.333
SNU81,CHEMBL1222381,4.338
HCC15,CHEMBL1222381,4.408
CAL12T,CHEMBL1222381,4.422
A375,CHEMBL1222381,4.464
NCIH596,CHEMBL1222381,4.478
HT1080,CHEMBL1222381,4.484
HT29,CHEMBL1222381,4.52
AMO1,CHEMBL1222381,4.552
TYKNU,CHEMBL1222381,4.573
SQ1,CHEMBL1222381,4.644
CL34,CHEMBL1222381,4.651
NCIH2110,CHEMBL1222381,4.695
SNUC5,CHEMBL1222381,4.71
IGROV1,CHEMBL1222381,4.713
SNU840,CHEMBL1222381,4.713
MDST8,CHEMBL1222381,4.715
SNU398,CHEMBL1222381,4.809
NCIH441,CHEMBL1222381,4.81
HCC827,CHEMBL1222381,4.812
KM12,CHEMBL1222381,4.824
RKO,CHEMBL1222381,4.873
T3M10,CHEMBL1222381,4.897
SCC9,CHEMBL1222381,4.934
HEPG2,CHEMBL1222381,4.974
LS123,CHEMBL1222381,4.997
CORL23,CHEMBL1222381,5.015
SW480,CHEMBL1222381,5.063
HCC1833,CHEMBL1222381,5.139
NCIH2122,CHEMBL1222381,5.142
NCIH1781,CHEMBL1222381,5.293
NCIH1755,CHEMBL1222381,5.364
U937,CHEMBL1222381,5.37
COLO678,CHEMBL1222381,5.414
NCIH841,CHEMBL1222381,5.427
RKN,CHEMBL1222381,5.461
HCC2935,CHEMBL1222381,5.492
SKMEL1,CHEMBL1222381,5.554
CAOV3,CHEMBL1222381,5.6
RCC10RGB,CHEMBL1222381,5.671
COV362,CHEMBL1222381,5.685
NCIH2023,CHEMBL1222381,5.742
COV644,CHEMBL1222381,5.781
OAW42,CHEMBL1222381,5.844
NCIH460,CHEMBL1222381,5.853
NCIH2030,CHEMBL1222381,5.854
NCIH2141,CHEMBL1222381,5.903
SNU1040,CHEMBL1222381,5.984
LN229,CHEMBL1222381,6.053
SW620,CHEMBL1222381,6.061
SKLU1,CHEMBL1222381,6.303
OV7,CHEMBL1222381,6.648
SKMEL28,CHEMBL1222381,7.744
HCC1359,CHEMBL1222381,10.028
COV434,CHEMBL399379,2.403
NCIH1836,CHEMBL399379,2.949
NCIH2342,CHEMBL399379,3.041
HCC1833,CHEMBL399379,3.481
CW2,CHEMBL399379,3.584
HEC151,CHEMBL399379,3.798
RCC10RGB,CHEMBL399379,4.117
NCIH1876,CHEMBL399379,4.234
OVK18,CHEMBL399379,4.359
HCC1195,CHEMBL399379,4.386
COLO320,CHEMBL399379,4.463
AGS,CHEMBL399379,4.492
EJM,CHEMBL399379,4.521
NCIH2081,CHEMBL399379,4.553
NCIH596,CHEMBL399379,4.622
SNU175,CHEMBL399379,4.686
NCIH2023,CHEMBL399379,4.706
OCIAML3,CHEMBL399379,4.708
NCIH841,CHEMBL399379,4.733
SNUC5,CHEMBL399379,4.781
OVCAR8,CHEMBL399379,4.824
MCF7,CHEMBL399379,4.857
HT115,CHEMBL399379,4.912
WSUDLCL2,CHEMBL399379,4.968
HCC2108,CHEMBL399379,4.972
NCIH1694,CHEMBL399379,4.974
COLO678,CHEMBL399379,5.022
KMS11,CHEMBL399379,5.038
SNU398,CHEMBL399379,5.088
JHOM1,CHEMBL399379,5.123
RMUGS,CHEMBL399379,5.149
NCIH2141,CHEMBL399379,5.158
NCIH3255,CHEMBL399379,5.163
NCIH1105,CHEMBL399379,5.164
JHOC5,CHEMBL399379,5.184
SCLC21H,CHEMBL399379,5.199
SNU61,CHEMBL399379,5.226
NCIH2110,CHEMBL399379,5.229
SNU81,CHEMBL399379,5.234
CAOV3,CHEMBL399379,5.261
OCILY10,CHEMBL399379,5.266
OVCAR4,CHEMBL399379,5.286
A375,CHEMBL399379,5.319
HCC1359,CHEMBL399379,5.329
RMGI,CHEMBL399379,5.347
LS180,CHEMBL399379,5.354
OVKATE,CHEMBL399379,5.397
JHUEM2,CHEMBL399379,5.42
SKM1,CHEMBL399379,5.475
GDM1,CHEMBL399379,5.508
NCIH1963,CHEMBL399379,5.582
PL21,CHEMBL399379,5.584
CAL12T,CHEMBL399379,5.588
HCC15,CHEMBL399379,5.612
AMO1,CHEMBL399379,5.654
LN229,CHEMBL399379,5.676
HEPG2,CHEMBL399379,5.682
SKLU1,CHEMBL399379,5.683
SW480,CHEMBL399379,5.702
NCIH2030,CHEMBL399379,5.761
HCC2935,CHEMBL399379,5.773
NUDUL1,CHEMBL399379,5.901
COV362,CHEMBL399379,5.931
NCIH1781,CHEMBL399379,5.933
SKMEL5,CHEMBL399379,5.96
CORL51,CHEMBL399379,5.994
RPMI8226,CHEMBL399379,6.003
HCC827,CHEMBL399379,6.023
CORL23,CHEMBL399379,6.031
OAW42,CHEMBL399379,6.039
NCIH2122,CHEMBL399379,6.04
HT1080,CHEMBL399379,6.041
HCC4006,CHEMBL399379,6.05
SUDHL4,CHEMBL399379,6.058
SW620,CHEMBL399379,6.087
SNUC4,CHEMBL399379,6.097
HCT116,CHEMBL399379,6.112
NCIH441,CHEMBL399379,6.147
RKN,CHEMBL399379,6.157
OV90,CHEMBL399379,6.169
NOMO1,CHEMBL399379,6.179
SKMEL1,CHEMBL399379,6.188
KM12,CHEMBL399379,6.2
SCC9,CHEMBL399379,6.213
U937,CHEMBL399379,6.226
SNU840,CHEMBL399379,6.272
A2780,CHEMBL399379,6.29
NCIH1755,CHEMBL399379,6.294
HCT8,CHEMBL399379,6.302
HT55,CHEMBL399379,6.346
CL34,CHEMBL399379,6.349
SUDHL5,CHEMBL399379,6.395
LS123,CHEMBL399379,6.403
THP1,CHEMBL399379,6.433
SNU1040,CHEMBL399379,6.435
RKO,CHEMBL399379,6.448
NCIH2172,CHEMBL399379,6.45
LOVO,CHEMBL399379,6.451
IGROV1,CHEMBL399379,6.489
NCIH460,CHEMBL399379,6.495
OV7,CHEMBL399379,6.496
COV644,CHEMBL399379,6.509
CL40,CHEMBL399379,6.521
SW948,CHEMBL399379,6.537
T3M10,CHEMBL399379,6.554
TYKNU,CHEMBL399379,6.562
SQ1,CHEMBL399379,6.568
EFO27,CHEMBL399379,6.643
MDST8,CHEMBL399379,6.651
RCM1,CHEMBL399379,6.682
MOLM16,CHEMBL399379,6.699
NCIH508,CHEMBL399379,6.708
LP1,CHEMBL399379,6.714
HT29,CHEMBL399379,7.007
SKMEL28,CHEMBL399379,7.037
KMS11,CHIR-99021,2.136
WSUDLCL2,CHIR-99021,2.363
SUDHL4,CHIR-99021,2.537
HT115,CHIR-99021,2.861
MOLM16,CHIR-99021,3.001
SUDHL5,CHIR-99021,3.123
A375,CHIR-99021,3.534
CL40,CHIR-99021,3.542
NCIH1963,CHIR-99021,3.553
NUDUL1,CHIR-99021,3.628
LN229,CHIR-99021,3.691
SW948,CHIR-99021,3.742
SKM1,CHIR-99021,3.805
HEC151,CHIR-99021,3.849
JHOC5,CHIR-99021,3.854
SNUC4,CHIR-99021,3.854
COV362,CHIR-99021,4.063
U937,CHIR-99021,4.168
AMO1,CHIR-99021,4.192
LP1,CHIR-99021,4.225
NCIH508,CHIR-99021,4.479
EJM,CHIR-99021,4.556
RCM1,CHIR-99021,4.583
MCF7,CHIR-99021,4.598
CAL12T,CHIR-99021,4.61
RCC10RGB,CHIR-99021,4.616
CL34,CHIR-99021,4.678
NCIH2122,CHIR-99021,4.69
GDM1,CHIR-99021,4.76
SNUC5,CHIR-99021,4.765
TYKNU,CHIR-99021,4.799
NCIH2342,CHIR-99021,4.875
HCC2108,CHIR-99021,4.902
LS123,CHIR-99021,4.96
LS180,CHIR-99021,5.112
NCIH1755,CHIR-99021,5.125
MDST8,CHIR-99021,5.229
SCLC21H,CHIR-99021,5.247
NCIH3255,CHIR-99021,5.294
RKN,CHIR-99021,5.3
RKO,CHIR-99021,5.307
COLO320,CHIR-99021,5.327
JHOM1,CHIR-99021,5.38
NCIH596,CHIR-99021,5.403
COV434,CHIR-99021,5.418
CW2,CHIR-99021,5.434
HCT116,CHIR-99021,5.443
RPMI8226,CHIR-99021,5.472
JHUEM2,CHIR-99021,5.539
RMGI,CHIR-99021,5.545
NCIH441,CHIR-99021,5.583
OVCAR8,CHIR-99021,5.585
HT55,CHIR-99021,5.617
SNU398,CHIR-99021,5.636
A2780,CHIR-99021,5.652
SKMEL5,CHIR-99021,5.662
OVCAR4,CHIR-99021,5.723
SW480,CHIR-99021,5.756
OCIAML3,CHIR-99021,5.776
SNU840,CHIR-99021,5.789
HCC827,CHIR-99021,5.804
NCIH2110,CHIR-99021,5.835
HCC2935,CHIR-99021,5.852
T3M10,CHIR-99021,5.894
SNU1040,CHIR-99021,5.897
HT1080,CHIR-99021,5.937
OAW42,CHIR-99021,5.978
SNU61,CHIR-99021,5.98
KM12,CHIR-99021,5.999
SKMEL28,CHIR-99021,6.063
HCC15,CHIR-99021,6.1
OV7,CHIR-99021,6.11
CAOV3,CHIR-99021,6.21
SNU175,CHIR-99021,6.221
COLO678,CHIR-99021,6.25
OVKATE,CHIR-99021,6.253
NCIH2141,CHIR-99021,6.377
HCT8,CHIR-99021,6.381
HCC1833,CHIR-99021,6.43
LOVO,CHIR-99021,6.507
NCIH1836,CHIR-99021,6.507
PL21,CHIR-99021,6.51
OCILY10,CHIR-99021,6.524
EFO27,CHIR-99021,6.535
NCIH2030,CHIR-99021,6.549
HCC4006,CHIR-99021,6.551
NOMO1,CHIR-99021,6.572
CORL23,CHIR-99021,6.635
OV90,CHIR-99021,6.645
SW620,CHIR-99021,6.647
NCIH841,CHIR-99021,6.672
AGS,CHIR-99021,6.679
IGROV1,CHIR-99021,6.724
COV644,CHIR-99021,6.73
SQ1,CHIR-99021,6.758
SNU81,CHIR-99021,6.777
THP1,CHIR-99021,6.785
HEPG2,CHIR-99021,6.809
NCIH1694,CHIR-99021,6.848
NCIH2172,CHIR-99021,6.901
SCC9,CHIR-99021,6.905
RMUGS,CHIR-99021,6.913
NCIH1781,CHIR-99021,7.011
HCC1195,CHIR-99021,7.037
NCIH460,CHIR-99021,7.304
HCC1359,CHIR-99021,7.325
HT29,CHIR-99021,7.357
NCIH2081,CHIR-99021,7.492
NCIH1105,CHIR-99021,7.617
NCIH2023,CHIR-99021,7.674
SKLU1,CHIR-99021,7.73
OVK18,CHIR-99021,8.073
NCIH1876,CHIR-99021,8.25
SKMEL1,CHIR-99021,9.243
CORL51,CHIR-99021,9.441
PL21,CHM-1,0.443
WSUDLCL2,CHM-1,0.59
SKM1,CHM-1,0.61
SUDHL5,CHM-1,0.667
KMS11,CHM-1,0.72
NUDUL1,CHM-1,0.722
MOLM16,CHM-1,0.853
NOMO1,CHM-1,0.866
U937,CHM-1,0.964
SNU175,CHM-1,1.038
OCIAML3,CHM-1,1.052
AMO1,CHM-1,1.127
GDM1,CHM-1,1.276
HEC151,CHM-1,1.287
RKO,CHM-1,1.296
RPMI8226,CHM-1,1.489
OVCAR8,CHM-1,1.498
EJM,CHM-1,1.55
NCIH841,CHM-1,1.552
LS180,CHM-1,1.558
NCIH1876,CHM-1,1.596
HT115,CHM-1,1.609
SNUC4,CHM-1,1.65
HCT116,CHM-1,1.69
SNU81,CHM-1,1.731
SUDHL4,CHM-1,1.733
JHUEM2,CHM-1,1.759
KM12,CHM-1,1.825
NCIH1963,CHM-1,1.872
NCIH596,CHM-1,1.89
LOVO,CHM-1,1.942
NCIH2122,CHM-1,1.957
A375,CHM-1,2.001
OVK18,CHM-1,2.051
THP1,CHM-1,2.119
HT1080,CHM-1,2.152
AGS,CHM-1,2.243
OVCAR4,CHM-1,2.257
SNUC5,CHM-1,2.264
CL34,CHM-1,2.307
A2780,CHM-1,2.355
SW948,CHM-1,2.395
HCC4006,CHM-1,2.523
SCLC21H,CHM-1,2.542
NCIH508,CHM-1,2.608
OVKATE,CHM-1,2.652
RKN,CHM-1,2.669
NCIH1836,CHM-1,2.676
NCIH2081,CHM-1,2.963
SKMEL5,CHM-1,2.975
JHOM1,CHM-1,2.989
MDST8,CHM-1,3.059
RMUGS,CHM-1,3.063
HCC15,CHM-1,3.08
OV90,CHM-1,3.098
CW2,CHM-1,3.104
LP1,CHM-1,3.148
HCC2108,CHM-1,3.15
TYKNU,CHM-1,3.21
HCC1359,CHM-1,3.243
SNU398,CHM-1,3.255
SNU1040,CHM-1,3.26
NCIH1781,CHM-1,3.281
COLO320,CHM-1,3.355
LN229,CHM-1,3.388
OCILY10,CHM-1,3.396
CAL12T,CHM-1,3.405
RMGI,CHM-1,3.417
MCF7,CHM-1,3.427
SNU61,CHM-1,3.445
NCIH1694,CHM-1,3.53
HCT8,CHM-1,3.563
CORL23,CHM-1,3.574
NCIH2141,CHM-1,3.648
SCC9,CHM-1,3.793
COV644,CHM-1,3.811
NCIH1105,CHM-1,3.851
JHOC5,CHM-1,3.936
CL40,CHM-1,4.138
NCIH1755,CHM-1,4.184
SQ1,CHM-1,4.202
HT55,CHM-1,4.281
SKMEL1,CHM-1,4.295
NCIH460,CHM-1,4.341
OAW42,CHM-1,4.353
COV434,CHM-1,4.379
HCC1833,CHM-1,4.388
T3M10,CHM-1,4.406
HCC827,CHM-1,4.457
SNU840,CHM-1,4.541
RCC10RGB,CHM-1,4.635
COV362,CHM-1,4.666
LS123,CHM-1,4.67
SW620,CHM-1,4.685
IGROV1,CHM-1,4.704
NCIH2030,CHM-1,4.707
SKLU1,CHM-1,4.895
EFO27,CHM-1,4.91
SW480,CHM-1,4.911
NCIH2110,CHM-1,4.919
CAOV3,CHM-1,4.973
HCC2935,CHM-1,5.001
NCIH2342,CHM-1,5.062
CORL51,CHM-1,5.09
NCIH3255,CHM-1,5.261
RCM1,CHM-1,5.534
NCIH2172,CHM-1,5.562
NCIH441,CHM-1,5.628
HT29,CHM-1,5.807
OV7,CHM-1,5.832
NCIH2023,CHM-1,5.974
HCC1195,CHM-1,6.073
COLO678,CHM-1,6.113
HEPG2,CHM-1,6.669
SKMEL28,CHM-1,8.566
MSTO211H,ciclosporin,2.346
SW48,ciclosporin,2.552
HEC151,ciclosporin,3.059
BL70,ciclosporin,3.116
T3M10,ciclosporin,3.19
COLO320,ciclosporin,3.526
NCIH1573,ciclosporin,3.558
SNUC4,ciclosporin,3.588
VMRCLCD,ciclosporin,3.668
SHP77,ciclosporin,3.723
LCLC97TM1,ciclosporin,3.761
RT4,ciclosporin,3.834
LP1,ciclosporin,3.875
NCIH1963,ciclosporin,3.912
HCT8,ciclosporin,3.919
LXF289,ciclosporin,3.924
CORL279,ciclosporin,3.927
GDM1,ciclosporin,3.996
NCIH1792,ciclosporin,3.997
NCIH1373,ciclosporin,4.042
HEC265,ciclosporin,4.049
SW948,ciclosporin,4.107
C2BBE1,ciclosporin,4.114
NCIH358,ciclosporin,4.15
OVCAR4,ciclosporin,4.168
SCLC21H,ciclosporin,4.185
MFE319,ciclosporin,4.197
HCC78,ciclosporin,4.252
RPMI8226,ciclosporin,4.356
LC1SQSF,ciclosporin,4.358
CAPAN2,ciclosporin,4.36
SNU175,ciclosporin,4.377
NCIH1048,ciclosporin,4.399
GP2D,ciclosporin,4.425
HT115,ciclosporin,4.426
PL21,ciclosporin,4.434
NCIH82,ciclosporin,4.441
NCIH1435,ciclosporin,4.457
NCIH1568,ciclosporin,4.468
NCIH2029,ciclosporin,4.47
COLO668,ciclosporin,4.473
COLO741,ciclosporin,4.479
U937,ciclosporin,4.487
KP3,ciclosporin,4.512
NOMO1,ciclosporin,4.549
MOLM16,ciclosporin,4.551
CHAGOK1,ciclosporin,4.569
LS513,ciclosporin,4.585
EBC1,ciclosporin,4.585
NUGC4,ciclosporin,4.615
SNUC2A,ciclosporin,4.681
SKM1,ciclosporin,4.715
NCIH1930,ciclosporin,4.72
OCIAML3,ciclosporin,4.726
KYSE410,ciclosporin,4.736
NCIH1944,ciclosporin,4.763
KMS11,ciclosporin,4.763
NCIH1299,ciclosporin,4.779
KYSE140,ciclosporin,4.779
NCIH2122,ciclosporin,4.788
KNS62,ciclosporin,4.794
NCIH2110,ciclosporin,4.808
KU812,ciclosporin,4.815
NCIH508,ciclosporin,4.818
RMUGS,ciclosporin,4.865
HS852T,ciclosporin,4.891
NCIH3255,ciclosporin,4.92
HSC2,ciclosporin,4.92
COV434,ciclosporin,4.945
NCIH1975,ciclosporin,4.946
MCF7,ciclosporin,4.95
NCIH1355,ciclosporin,4.964
KE97,ciclosporin,4.965
NCIH2126,ciclosporin,4.983
G361,ciclosporin,4.993
KM12,ciclosporin,4.998
NCIH2342,ciclosporin,5.007
PC3,ciclosporin,5.023
SKCO1,ciclosporin,5.051
NCIH810,ciclosporin,5.053
NCIH441,ciclosporin,5.067
JHOS4,ciclosporin,5.074
G401,ciclosporin,5.1
HCC33,ciclosporin,5.145
HEC108,ciclosporin,5.163
EPLC272H,ciclosporin,5.17
HT,ciclosporin,5.184
CFPAC1,ciclosporin,5.186
NCIH2009,ciclosporin,5.199
VMRCRCW,ciclosporin,5.208
A549,ciclosporin,5.218
LS180,ciclosporin,5.238
CW2,ciclosporin,5.238
NCIH23,ciclosporin,5.241
NCIH1666,ciclosporin,5.246
HARA,ciclosporin,5.283
QGP1,ciclosporin,5.289
NCIH596,ciclosporin,5.319
NCIH28,ciclosporin,5.333
PATU8902,ciclosporin,5.334
HEC6,ciclosporin,5.351
FU97,ciclosporin,5.361
NCIH1694,ciclosporin,5.396
PANC1005,ciclosporin,5.405
HCC44,ciclosporin,5.407
HUPT4,ciclosporin,5.431
CAL12T,ciclosporin,5.437
OV90,ciclosporin,5.45
HCC4006,ciclosporin,5.466
RMGI,ciclosporin,5.469
HS936T,ciclosporin,5.479
PANC0327,ciclosporin,5.49
HCC15,ciclosporin,5.5
KMBC2,ciclosporin,5.521
5637,ciclosporin,5.533
COLO678,ciclosporin,5.539
NCIH2023,ciclosporin,5.555
ISHIKAWAHERAKLIO02ER,ciclosporin,5.556
DMS273,ciclosporin,5.561
WSUDLCL2,ciclosporin,5.561
MKN74,ciclosporin,5.567
SNU449,ciclosporin,5.618
HCC1833,ciclosporin,5.636
SUDHL5,ciclosporin,5.644
OVMANA,ciclosporin,5.653
HCT116,ciclosporin,5.681
THP1,ciclosporin,5.685
LU99,ciclosporin,5.701
KYSE450,ciclosporin,5.705
BEN,ciclosporin,5.742
CALU3,ciclosporin,5.753
NCIH2081,ciclosporin,5.769
KLE,ciclosporin,5.77
SNU1040,ciclosporin,5.781
CALU6,ciclosporin,5.783
HCC1195,ciclosporin,5.81
NCIH2405,ciclosporin,5.817
JHUEM2,ciclosporin,5.828
COV362,ciclosporin,5.831
NCIH2286,ciclosporin,5.838
SNU81,ciclosporin,5.855
HT1376,ciclosporin,5.855
NCIH1836,ciclosporin,5.861
SNUC5,ciclosporin,5.869
LOVO,ciclosporin,5.883
OVKATE,ciclosporin,5.889
NCIH1793,ciclosporin,5.889
NCIH2052,ciclosporin,5.921
NCIH522,ciclosporin,5.937
COLO205,ciclosporin,5.941
COV644,ciclosporin,5.946
SKLU1,ciclosporin,5.951
HEC251,ciclosporin,5.962
NCIH1437,ciclosporin,5.969
SNU840,ciclosporin,5.971
HCC2935,ciclosporin,5.975
SH10TC,ciclosporin,5.983
OVCAR8,ciclosporin,5.998
OVK18,ciclosporin,6
CORL88,ciclosporin,6.004
SNU398,ciclosporin,6.005
NCIH661,ciclosporin,6.008
IGROV1,ciclosporin,6.011
LN229,ciclosporin,6.013
DLD1,ciclosporin,6.015
A2780,ciclosporin,6.025
HPAC,ciclosporin,6.061
LU65,ciclosporin,6.07
NCIH727,ciclosporin,6.075
NCIH2141,ciclosporin,6.085
HEYA8,ciclosporin,6.088
NCIH1755,ciclosporin,6.096
NCIH1915,ciclosporin,6.102
HS944T,ciclosporin,6.112
TYKNU,ciclosporin,6.12
OCILY10,ciclosporin,6.129
CAOV3,ciclosporin,6.137
SW480,ciclosporin,6.142
MC116,ciclosporin,6.145
RCM1,ciclosporin,6.158
SW403,ciclosporin,6.168
JHOC5,ciclosporin,6.207
CL40,ciclosporin,6.221
AGS,ciclosporin,6.23
EJM,ciclosporin,6.268
MKN7,ciclosporin,6.321
NCIH1876,ciclosporin,6.325
LCLC103H,ciclosporin,6.357
NCIH2172,ciclosporin,6.367
SUIT2,ciclosporin,6.455
HCC2108,ciclosporin,6.461
A375,ciclosporin,6.471
UMUC3,ciclosporin,6.497
SQ1,ciclosporin,6.499
U2OS,ciclosporin,6.507
NCIH841,ciclosporin,6.51
SNGM,ciclosporin,6.514
NCIH2030,ciclosporin,6.523
SCC9,ciclosporin,6.529
HCC827,ciclosporin,6.578
SF295,ciclosporin,6.579
P3HR1,ciclosporin,6.599
SUDHL4,ciclosporin,6.603
NCIH460,ciclosporin,6.653
HT55,ciclosporin,6.667
SW620,ciclosporin,6.671
GAMG,ciclosporin,6.691
SNU61,ciclosporin,6.711
NCIH650,ciclosporin,6.726
OV7,ciclosporin,6.733
RERFLCKJ,ciclosporin,6.742
EFO21,ciclosporin,6.747
SKMEL1,ciclosporin,6.783
EFO27,ciclosporin,6.864
HT29,ciclosporin,6.871
LS123,ciclosporin,6.875
SKOV3,ciclosporin,6.889
OAW42,ciclosporin,6.904
JHOM1,ciclosporin,6.913
RKN,ciclosporin,6.916
NCIH1781,ciclosporin,6.93
MDST8,ciclosporin,6.936
HEC59,ciclosporin,6.951
AMO1,ciclosporin,6.955
HT1080,ciclosporin,7.044
CL34,ciclosporin,7.06
COV318,ciclosporin,7.074
SKMEL5,ciclosporin,7.089
LS411N,ciclosporin,7.31
DV90,ciclosporin,7.317
RCC10RGB,ciclosporin,7.334
JHH6,ciclosporin,7.41
RKO,ciclosporin,7.418
SKMEL28,ciclosporin,7.449
CORL23,ciclosporin,7.54
NCIH1105,ciclosporin,7.618
HEPG2,ciclosporin,8.154
CORL51,ciclosporin,8.377
HCC1359,ciclosporin,8.71
NUDUL1,ciclosporin,8.955
RKN,CIL41,2.068
OVK18,CIL41,2.506
OVCAR4,CIL41,2.736
IGROV1,CIL41,2.787
OVKATE,CIL41,2.82
NCIH2342,CIL41,3.486
SNU398,CIL41,3.802
HEC151,CIL41,3.829
SCLC21H,CIL41,3.863
GDM1,CIL41,3.916
KMS11,CIL41,3.944
NCIH2141,CIL41,4.112
COV434,CIL41,4.138
OVCAR8,CIL41,4.138
NCIH1876,CIL41,4.143
HCC1359,CIL41,4.245
MCF7,CIL41,4.289
RMUGS,CIL41,4.341
CORL51,CIL41,4.347
LP1,CIL41,4.4
A2780,CIL41,4.412
NCIH1694,CIL41,4.553
SW480,CIL41,4.614
NCIH1963,CIL41,4.62
PL21,CIL41,4.632
NCIH841,CIL41,4.659
SUDHL5,CIL41,4.714
JHUEM2,CIL41,4.771
OCIAML3,CIL41,4.786
NUDUL1,CIL41,4.856
WSUDLCL2,CIL41,4.892
KM12,CIL41,4.962
NCIH1836,CIL41,5.035
HCC4006,CIL41,5.036
HCC1833,CIL41,5.039
LN229,CIL41,5.061
SNUC5,CIL41,5.103
JHOC5,CIL41,5.182
NCIH2081,CIL41,5.193
LS180,CIL41,5.304
OCILY10,CIL41,5.313
AGS,CIL41,5.33
SNU840,CIL41,5.345
TYKNU,CIL41,5.409
SNU61,CIL41,5.536
SW620,CIL41,5.54
RPMI8226,CIL41,5.6
EJM,CIL41,5.601
CW2,CIL41,5.61
CAOV3,CIL41,5.623
NCIH1105,CIL41,5.626
NOMO1,CIL41,5.663
NCIH508,CIL41,5.681
HCC827,CIL41,5.751
COLO320,CIL41,5.752
RMGI,CIL41,5.781
HCC2108,CIL41,5.814
OV90,CIL41,5.839
NCIH2122,CIL41,5.84
RCM1,CIL41,5.841
SKM1,CIL41,5.888
SNU175,CIL41,5.913
HCC2935,CIL41,5.921
COLO678,CIL41,5.948
HCC1195,CIL41,5.973
LS123,CIL41,5.973
NCIH1781,CIL41,6.011
CAL12T,CIL41,6.016
HT115,CIL41,6.031
U937,CIL41,6.078
NCIH596,CIL41,6.088
HCC15,CIL41,6.094
A375,CIL41,6.099
SQ1,CIL41,6.119
RKO,CIL41,6.122
T3M10,CIL41,6.126
NCIH441,CIL41,6.147
AMO1,CIL41,6.152
SNUC4,CIL41,6.169
NCIH2030,CIL41,6.178
CORL23,CIL41,6.192
SNU81,CIL41,6.206
LOVO,CIL41,6.206
NCIH2172,CIL41,6.247
NCIH1755,CIL41,6.289
SKLU1,CIL41,6.316
SNU1040,CIL41,6.339
THP1,CIL41,6.339
OV7,CIL41,6.373
COV644,CIL41,6.406
COV362,CIL41,6.415
SKMEL5,CIL41,6.543
HCT116,CIL41,6.561
NCIH2110,CIL41,6.584
HT29,CIL41,6.596
MOLM16,CIL41,6.598
RCC10RGB,CIL41,6.617
EFO27,CIL41,6.732
SUDHL4,CIL41,6.828
NCIH2023,CIL41,6.837
HT55,CIL41,6.841
SCC9,CIL41,6.868
MDST8,CIL41,6.878
SKMEL28,CIL41,6.91
NCIH3255,CIL41,6.929
HCT8,CIL41,6.94
SKMEL1,CIL41,6.946
HT1080,CIL41,6.947
NCIH460,CIL41,6.953
CL34,CIL41,7.002
JHOM1,CIL41,7.025
SW948,CIL41,7.111
OAW42,CIL41,7.117
HEPG2,CIL41,7.181
CL40,CIL41,7.2
SCLC21H,CIL55A,0.309
COV434,CIL55A,0.871
AGS,CIL55A,1
OVK18,CIL55A,1.162
NUDUL1,CIL55A,1.182
RKN,CIL55A,1.341
OCIAML3,CIL55A,1.427
NCIH2342,CIL55A,1.449
LS180,CIL55A,1.485
KMS11,CIL55A,1.557
HEC151,CIL55A,1.635
WSUDLCL2,CIL55A,1.72
OVCAR4,CIL55A,1.919
CORL51,CIL55A,2.003
OVKATE,CIL55A,2.048
TYKNU,CIL55A,2.09
SKM1,CIL55A,2.15
NCIH1963,CIL55A,2.159
RMGI,CIL55A,2.194
KM12,CIL55A,2.233
NCIH508,CIL55A,2.244
SNUC4,CIL55A,2.265
OVCAR8,CIL55A,2.28
PL21,CIL55A,2.282
IGROV1,CIL55A,2.312
NOMO1,CIL55A,2.323
SUDHL5,CIL55A,2.475
CAL12T,CIL55A,2.502
THP1,CIL55A,2.509
HCC1359,CIL55A,2.525
SNU398,CIL55A,2.557
SNUC5,CIL55A,2.594
NCIH2081,CIL55A,2.607
NCIH596,CIL55A,2.629
RKO,CIL55A,2.696
GDM1,CIL55A,2.696
NCIH441,CIL55A,2.705
SKLU1,CIL55A,2.716
SCC9,CIL55A,2.761
MOLM16,CIL55A,2.774
NCIH1105,CIL55A,2.787
HCC2108,CIL55A,2.828
T3M10,CIL55A,2.832
HCC1833,CIL55A,2.857
SKMEL5,CIL55A,2.89
RMUGS,CIL55A,2.891
A375,CIL55A,2.898
NCIH3255,CIL55A,2.905
A2780,CIL55A,2.937
AMO1,CIL55A,2.945
SNU175,CIL55A,2.977
SUDHL4,CIL55A,2.978
SW948,CIL55A,2.994
CORL23,CIL55A,2.999
LOVO,CIL55A,3.012
MCF7,CIL55A,3.099
HT115,CIL55A,3.108
CL34,CIL55A,3.123
RCM1,CIL55A,3.127
LN229,CIL55A,3.128
COV644,CIL55A,3.133
U937,CIL55A,3.145
JHUEM2,CIL55A,3.147
NCIH2122,CIL55A,3.155
SNU61,CIL55A,3.265
SNU81,CIL55A,3.268
RPMI8226,CIL55A,3.278
HCC15,CIL55A,3.285
COLO678,CIL55A,3.286
NCIH1876,CIL55A,3.301
CW2,CIL55A,3.327
HT1080,CIL55A,3.341
HCT116,CIL55A,3.343
HT29,CIL55A,3.386
COLO320,CIL55A,3.393
NCIH1836,CIL55A,3.44
NCIH1755,CIL55A,3.445
CL40,CIL55A,3.497
SNU840,CIL55A,3.543
RCC10RGB,CIL55A,3.564
NCIH460,CIL55A,3.573
NCIH1694,CIL55A,3.621
CAOV3,CIL55A,3.643
MDST8,CIL55A,3.663
OV7,CIL55A,3.665
LS123,CIL55A,3.666
SNU1040,CIL55A,3.673
HCC2935,CIL55A,3.683
LP1,CIL55A,3.713
OV90,CIL55A,3.727
SQ1,CIL55A,3.777
HCT8,CIL55A,3.781
HEPG2,CIL55A,3.904
COV362,CIL55A,3.952
OCILY10,CIL55A,3.958
EJM,CIL55A,3.999
NCIH841,CIL55A,4.064
HCC827,CIL55A,4.237
SW620,CIL55A,4.269
HCC4006,CIL55A,4.284
SW480,CIL55A,4.503
HT55,CIL55A,4.512
NCIH2110,CIL55A,4.584
NCIH2141,CIL55A,4.668
NCIH2030,CIL55A,4.712
JHOM1,CIL55A,4.806
NCIH2172,CIL55A,4.94
SKMEL1,CIL55A,4.969
NCIH1781,CIL55A,5.215
HCC1195,CIL55A,5.552
JHOC5,CIL55A,5.575
SKMEL28,CIL55A,5.592
EFO27,CIL55A,5.593
NCIH2023,CIL55A,5.841
OAW42,CIL55A,6.119
NUDUL1,CIL56,1.624
NCIH508,CIL56,1.977
LS123,CIL56,2.452
GDM1,CIL56,2.732
NOMO1,CIL56,2.765
SKM1,CIL56,3.037
WSUDLCL2,CIL56,3.169
RMUGS,CIL56,3.368
OCIAML3,CIL56,3.543
HCC1359,CIL56,3.682
RPMI8226,CIL56,3.889
OVK18,CIL56,4.005
NCIH1781,CIL56,4.014
COV434,CIL56,4.214
SNU840,CIL56,4.249
PL21,CIL56,4.343
NCIH2342,CIL56,4.359
U937,CIL56,4.466
THP1,CIL56,4.599
TYKNU,CIL56,4.668
RMGI,CIL56,4.723
NCIH1694,CIL56,4.731
COLO320,CIL56,4.835
CW2,CIL56,4.839
SNUC5,CIL56,4.845
MOLM16,CIL56,4.848
SNU81,CIL56,4.868
EJM,CIL56,4.919
SW620,CIL56,4.979
SW480,CIL56,5.022
JHOC5,CIL56,5.06
RCC10RGB,CIL56,5.098
SUDHL5,CIL56,5.098
KM12,CIL56,5.118
SNUC4,CIL56,5.192
NCIH3255,CIL56,5.25
SNU175,CIL56,5.304
SNU61,CIL56,5.307
JHUEM2,CIL56,5.363
NCIH2122,CIL56,5.431
T3M10,CIL56,5.451
HCC15,CIL56,5.454
SUDHL4,CIL56,5.497
LN229,CIL56,5.501
JHOM1,CIL56,5.504
HT29,CIL56,5.521
HCC2108,CIL56,5.533
NCIH441,CIL56,5.549
NCIH1836,CIL56,5.571
RCM1,CIL56,5.608
SW948,CIL56,5.65
HCC827,CIL56,5.66
HCT116,CIL56,5.676
CL40,CIL56,5.686
NCIH2110,CIL56,5.705
CAOV3,CIL56,5.723
SNU1040,CIL56,5.753
SKMEL1,CIL56,5.757
A375,CIL56,5.768
COLO678,CIL56,5.783
COV362,CIL56,5.83
CORL23,CIL56,5.831
COV644,CIL56,5.854
CL34,CIL56,5.875
OV90,CIL56,5.876
NCIH1755,CIL56,5.879
HT1080,CIL56,5.884
MDST8,CIL56,5.932
RKO,CIL56,5.935
CAL12T,CIL56,5.958
SKMEL28,CIL56,5.999
NCIH1105,CIL56,6.049
NCIH841,CIL56,6.056
NCIH596,CIL56,6.063
SQ1,CIL56,6.081
HT55,CIL56,6.102
HT115,CIL56,6.127
HEPG2,CIL56,6.141
HCT8,CIL56,6.174
MCF7,CIL56,6.188
NCIH460,CIL56,6.193
OV7,CIL56,6.253
HCC1195,CIL56,6.26
NCIH1876,CIL56,6.309
HCC1833,CIL56,6.359
LOVO,CIL56,6.369
NCIH2030,CIL56,6.392
HCC4006,CIL56,6.411
NCIH2081,CIL56,6.434
SKMEL5,CIL56,6.439
HCC2935,CIL56,6.447
OAW42,CIL56,6.472
SKLU1,CIL56,6.477
NCIH2023,CIL56,6.575
EFO27,CIL56,6.611
NCIH2172,CIL56,6.7
OVK18,CIL70,2.572
SW480,CIL70,3.031
NCIH1963,CIL70,3.132
RKN,CIL70,3.247
NUDUL1,CIL70,3.398
OVCAR4,CIL70,3.5
SUDHL5,CIL70,3.526
SW620,CIL70,3.536
GDM1,CIL70,3.607
NCIH1876,CIL70,3.649
COV434,CIL70,3.706
NCIH1694,CIL70,3.916
OCIAML3,CIL70,3.947
OVKATE,CIL70,4.13
SNU398,CIL70,4.161
RMUGS,CIL70,4.196
JHUEM2,CIL70,4.285
WSUDLCL2,CIL70,4.362
IGROV1,CIL70,4.461
COLO320,CIL70,4.562
KMS11,CIL70,4.563
NCIH2141,CIL70,4.589
SUDHL4,CIL70,4.651
NCIH2342,CIL70,4.726
HEC151,CIL70,4.743
NCIH1836,CIL70,4.749
SCLC21H,CIL70,4.803
LP1,CIL70,4.891
MCF7,CIL70,4.944
RMGI,CIL70,5.015
PL21,CIL70,5.097
NCIH841,CIL70,5.114
A2780,CIL70,5.19
OVCAR8,CIL70,5.44
LOVO,CIL70,5.533
NCIH596,CIL70,5.706
CORL51,CIL70,5.715
HCC15,CIL70,5.745
NCIH2110,CIL70,5.759
THP1,CIL70,5.763
HCC1833,CIL70,5.795
LS123,CIL70,5.823
MOLM16,CIL70,5.862
CW2,CIL70,5.906
NCIH2081,CIL70,5.908
NCIH1105,CIL70,5.933
TYKNU,CIL70,5.953
NCIH1755,CIL70,5.959
SKM1,CIL70,5.96
NOMO1,CIL70,5.985
KM12,CIL70,5.992
OV90,CIL70,5.995
SKMEL1,CIL70,5.999
SNU1040,CIL70,6.001
A375,CIL70,6.048
SKMEL5,CIL70,6.075
EJM,CIL70,6.119
HCT116,CIL70,6.126
HT1080,CIL70,6.128
RKO,CIL70,6.167
NCIH1781,CIL70,6.18
LN229,CIL70,6.23
HCC1359,CIL70,6.261
SNUC5,CIL70,6.273
U937,CIL70,6.302
SKLU1,CIL70,6.305
T3M10,CIL70,6.336
HCC1195,CIL70,6.346
SNU61,CIL70,6.35
NCIH2122,CIL70,6.353
SNU840,CIL70,6.385
EFO27,CIL70,6.431
NCIH441,CIL70,6.457
NCIH508,CIL70,6.48
HCT8,CIL70,6.487
HT115,CIL70,6.501
HCC2108,CIL70,6.502
HT55,CIL70,6.503
OAW42,CIL70,6.55
SNUC4,CIL70,6.556
COLO678,CIL70,6.562
NCIH2172,CIL70,6.643
CORL23,CIL70,6.661
COV644,CIL70,6.668
HCC4006,CIL70,6.674
CAL12T,CIL70,6.682
HCC827,CIL70,6.721
SW948,CIL70,6.745
NCIH3255,CIL70,6.787
OV7,CIL70,6.792
CL40,CIL70,6.794
JHOC5,CIL70,6.807
RCM1,CIL70,6.813
RPMI8226,CIL70,6.876
NCIH2030,CIL70,6.907
CL34,CIL70,6.919
JHOM1,CIL70,6.935
CAOV3,CIL70,6.946
HEPG2,CIL70,6.961
MDST8,CIL70,6.965
COV362,CIL70,6.969
HCC2935,CIL70,7.038
NCIH460,CIL70,7.049
SNU175,CIL70,7.055
AGS,CIL70,7.072
OCILY10,CIL70,7.123
SQ1,CIL70,7.125
LS180,CIL70,7.178
SNU81,CIL70,7.215
HT29,CIL70,7.271
SCC9,CIL70,7.272
NCIH2023,CIL70,7.391
SKMEL28,CIL70,7.481
AMO1,CIL70,7.519
COV434,Compound 10b,0.409
GDM1,Compound 10b,1.571
LS180,Compound 10b,1.886
OVKATE,Compound 10b,1.956
WSUDLCL2,Compound 10b,2.125
SUDHL5,Compound 10b,2.128
PL21,Compound 10b,2.378
KMS11,Compound 10b,2.414
JHOC5,Compound 10b,2.423
SNUC4,Compound 10b,2.462
SNUC5,Compound 10b,2.828
OCIAML3,Compound 10b,2.831
HT115,Compound 10b,2.875
HEPG2,Compound 10b,2.924
SNU398,Compound 10b,2.975
JHUEM2,Compound 10b,3.062
NCIH2122,Compound 10b,3.182
HEC151,Compound 10b,3.271
A2780,Compound 10b,3.277
NCIH1963,Compound 10b,3.361
SUDHL4,Compound 10b,3.391
LP1,Compound 10b,3.411
CL34,Compound 10b,3.428
NCIH2081,Compound 10b,3.478
SW620,Compound 10b,3.512
OV90,Compound 10b,3.531
HCC827,Compound 10b,3.551
SKM1,Compound 10b,3.566
OVCAR8,Compound 10b,3.614
SW948,Compound 10b,3.702
U937,Compound 10b,3.749
TYKNU,Compound 10b,3.767
NCIH1105,Compound 10b,3.769
SKMEL5,Compound 10b,3.817
IGROV1,Compound 10b,3.826
RPMI8226,Compound 10b,3.911
CAL12T,Compound 10b,3.926
HCC2108,Compound 10b,3.95
THP1,Compound 10b,3.962
JHOM1,Compound 10b,3.964
NOMO1,Compound 10b,3.976
HCC4006,Compound 10b,4.049
NCIH596,Compound 10b,4.055
NCIH1694,Compound 10b,4.061
SW480,Compound 10b,4.063
HCT116,Compound 10b,4.106
HCT8,Compound 10b,4.15
NCIH508,Compound 10b,4.174
HT29,Compound 10b,4.181
NCIH841,Compound 10b,4.225
RKO,Compound 10b,4.246
A375,Compound 10b,4.303
SNU61,Compound 10b,4.308
NCIH2342,Compound 10b,4.318
SNU175,Compound 10b,4.336
NCIH1836,Compound 10b,4.427
RMGI,Compound 10b,4.442
AGS,Compound 10b,4.483
COLO320,Compound 10b,4.491
RCM1,Compound 10b,4.526
NCIH2030,Compound 10b,4.585
NCIH1876,Compound 10b,4.588
SCLC21H,Compound 10b,4.616
NCIH2110,Compound 10b,4.699
KM12,Compound 10b,4.699
SNU1040,Compound 10b,4.707
NCIH460,Compound 10b,4.728
RKN,Compound 10b,4.736
SNU81,Compound 10b,4.754
MDST8,Compound 10b,4.786
OVCAR4,Compound 10b,4.812
SQ1,Compound 10b,4.84
NCIH2023,Compound 10b,4.894
OVK18,Compound 10b,4.953
CW2,Compound 10b,4.969
LN229,Compound 10b,4.982
HT55,Compound 10b,5.004
NCIH3255,Compound 10b,5.009
MOLM16,Compound 10b,5.042
CORL51,Compound 10b,5.051
LOVO,Compound 10b,5.089
SKLU1,Compound 10b,5.093
HCC1195,Compound 10b,5.105
HCC15,Compound 10b,5.109
T3M10,Compound 10b,5.138
LS123,Compound 10b,5.15
COV644,Compound 10b,5.154
SNU840,Compound 10b,5.16
CL40,Compound 10b,5.193
HCC2935,Compound 10b,5.267
AMO1,Compound 10b,5.278
SCC9,Compound 10b,5.33
SKMEL1,Compound 10b,5.335
NCIH2172,Compound 10b,5.339
HT1080,Compound 10b,5.353
MCF7,Compound 10b,5.417
COLO678,Compound 10b,5.466
NCIH1755,Compound 10b,5.611
RCC10RGB,Compound 10b,5.654
EJM,Compound 10b,5.68
NCIH441,Compound 10b,5.751
CAOV3,Compound 10b,5.855
SKMEL28,Compound 10b,6.004
COV362,Compound 10b,6.102
U2OS,Compound 10b,6.15
RMUGS,Compound 10b,6.171
EFO27,Compound 10b,6.319
CORL23,Compound 10b,6.43
NCIH2141,Compound 10b,6.447
OV7,Compound 10b,6.497
HCC1833,Compound 10b,6.647
OAW42,Compound 10b,6.656
HCC1359,Compound 10b,6.798
NCIH1781,Compound 10b,7.858
OCILY10,Compound 10b,7.994
NUDUL1,Compound 10b,9.255
OVKATE,Compound 110,1.801
IGROV1,Compound 110,2.308
SKLU1,Compound 110,2.846
NCIH3255,Compound 110,2.89
OVK18,Compound 110,2.995
OCILY10,Compound 110,3.07
SUDHL4,Compound 110,3.111
WSUDLCL2,Compound 110,3.18
KM12,Compound 110,3.269
NCIH596,Compound 110,3.337
LS180,Compound 110,3.349
NUDUL1,Compound 110,3.356
JHOM1,Compound 110,3.362
SUDHL5,Compound 110,3.43
SNU840,Compound 110,3.47
MCF7,Compound 110,3.516
EFO27,Compound 110,3.524
OVCAR8,Compound 110,3.537
OCIAML3,Compound 110,3.567
RMUGS,Compound 110,3.579
PL21,Compound 110,3.609
OVCAR4,Compound 110,3.636
KMS11,Compound 110,3.652
RMGI,Compound 110,3.668
THP1,Compound 110,3.704
LOVO,Compound 110,3.745
COLO320,Compound 110,3.822
HCC15,Compound 110,3.851
SCC9,Compound 110,3.856
GDM1,Compound 110,3.923
JHOC5,Compound 110,3.959
A375,Compound 110,3.973
OV7,Compound 110,3.999
SNUC4,Compound 110,4.013
HEC151,Compound 110,4.024
HCC1833,Compound 110,4.033
HCC827,Compound 110,4.049
OV90,Compound 110,4.111
CL34,Compound 110,4.192
AGS,Compound 110,4.223
NCIH1755,Compound 110,4.245
CAL12T,Compound 110,4.251
SQ1,Compound 110,4.296
LN229,Compound 110,4.303
JHUEM2,Compound 110,4.321
LP1,Compound 110,4.333
HCC2108,Compound 110,4.426
SW620,Compound 110,4.451
SNUC5,Compound 110,4.452
NCIH2030,Compound 110,4.458
HCC2935,Compound 110,4.459
RKN,Compound 110,4.474
NOMO1,Compound 110,4.476
SNU1040,Compound 110,4.498
MOLM16,Compound 110,4.615
COV362,Compound 110,4.631
HT1080,Compound 110,4.652
TYKNU,Compound 110,4.661
NCIH1105,Compound 110,4.684
SNU175,Compound 110,4.694
EJM,Compound 110,4.718
MDST8,Compound 110,4.724
CAOV3,Compound 110,4.739
NCIH1876,Compound 110,4.749
HT115,Compound 110,4.779
SW480,Compound 110,4.787
NCIH2342,Compound 110,4.834
SW948,Compound 110,4.835
RCM1,Compound 110,4.838
HCC4006,Compound 110,4.868
NCIH441,Compound 110,4.907
T3M10,Compound 110,4.932
SNU398,Compound 110,4.95
A2780,Compound 110,4.953
HEPG2,Compound 110,5.018
SKMEL1,Compound 110,5.046
SNU81,Compound 110,5.049
U2OS,Compound 110,5.05
NCIH2081,Compound 110,5.068
NCIH508,Compound 110,5.075
NCIH841,Compound 110,5.104
NCIH2110,Compound 110,5.106
RCC10RGB,Compound 110,5.133
NCIH1836,Compound 110,5.141
CW2,Compound 110,5.156
NCIH1781,Compound 110,5.175
NCIH2122,Compound 110,5.186
HCC1195,Compound 110,5.242
LS123,Compound 110,5.28
HCT8,Compound 110,5.303
COLO678,Compound 110,5.304
RKO,Compound 110,5.316
HCT116,Compound 110,5.333
COV434,Compound 110,5.366
SKMEL28,Compound 110,5.4
COV644,Compound 110,5.432
OAW42,Compound 110,5.436
HT29,Compound 110,5.508
SKMEL5,Compound 110,5.584
CORL23,Compound 110,5.598
SKM1,Compound 110,5.631
CORL51,Compound 110,5.664
NCIH2172,Compound 110,5.68
NCIH2023,Compound 110,5.688
CL40,Compound 110,5.703
NCIH460,Compound 110,5.713
SNU61,Compound 110,5.791
HT55,Compound 110,5.952
NCIH1963,Compound 110,5.964
RPMI8226,Compound 110,6.065
SCLC21H,Compound 110,6.532
NCIH1694,Compound 110,6.598
U937,Compound 110,6.853
NCIH2141,Compound 110,6.956
AMO1,Compound 110,7.106
HCC1359,Compound 110,7.352
RT4,Compound 1541A,2.128
NCIH1048,Compound 1541A,2.536
NCIH2029,Compound 1541A,2.791
SW48,Compound 1541A,2.962
G401,Compound 1541A,3.061
HT1376,Compound 1541A,3.154
LS513,Compound 1541A,3.187
MSTO211H,Compound 1541A,3.24
NCIH810,Compound 1541A,3.282
SHP77,Compound 1541A,3.317
VMRCLCD,Compound 1541A,3.335
HEC265,Compound 1541A,3.34
KNS62,Compound 1541A,3.348
KMS11,Compound 1541A,3.458
NCIH358,Compound 1541A,3.461
HEYA8,Compound 1541A,3.505
NCIH1568,Compound 1541A,3.525
NCIH1373,Compound 1541A,3.61
HEC251,Compound 1541A,3.629
NCIH1573,Compound 1541A,3.632
BL70,Compound 1541A,3.651
NCIH23,Compound 1541A,3.7
HSC2,Compound 1541A,3.704
NCIH522,Compound 1541A,3.742
KU812,Compound 1541A,3.746
CORL88,Compound 1541A,3.748
OCIAML3,Compound 1541A,3.755
MFE319,Compound 1541A,3.769
HEC6,Compound 1541A,3.788
SW480,Compound 1541A,3.836
COLO741,Compound 1541A,3.84
NCIH727,Compound 1541A,3.849
DMS273,Compound 1541A,3.886
NCIH1666,Compound 1541A,3.894
JHH6,Compound 1541A,3.913
CHAGOK1,Compound 1541A,3.942
KMBC2,Compound 1541A,3.997
NCIH2009,Compound 1541A,4.015
OVCAR8,Compound 1541A,4.016
GP2D,Compound 1541A,4.09
OVCAR4,Compound 1541A,4.096
KYSE140,Compound 1541A,4.106
NCIH82,Compound 1541A,4.198
HT,Compound 1541A,4.206
RMUGS,Compound 1541A,4.207
KE97,Compound 1541A,4.274
CALU6,Compound 1541A,4.278
HARA,Compound 1541A,4.306
SKOV3,Compound 1541A,4.313
NCIH1975,Compound 1541A,4.317
COLO668,Compound 1541A,4.324
RMGI,Compound 1541A,4.325
SW620,Compound 1541A,4.343
NCIH1435,Compound 1541A,4.374
QGP1,Compound 1541A,4.396
CORL279,Compound 1541A,4.401
SKM1,Compound 1541A,4.409
SNU398,Compound 1541A,4.427
NCIH1930,Compound 1541A,4.434
EBC1,Compound 1541A,4.455
THP1,Compound 1541A,4.457
SNUC2A,Compound 1541A,4.463
AMO1,Compound 1541A,4.467
BEN,Compound 1541A,4.473
T3M10,Compound 1541A,4.478
JHUEM2,Compound 1541A,4.483
COLO205,Compound 1541A,4.488
NCIH650,Compound 1541A,4.503
OVK18,Compound 1541A,4.518
NCIH28,Compound 1541A,4.526
LCLC103H,Compound 1541A,4.532
VMRCRCW,Compound 1541A,4.546
HEC151,Compound 1541A,4.55
CORL51,Compound 1541A,4.562
SKCO1,Compound 1541A,4.564
NCIH1792,Compound 1541A,4.57
HS936T,Compound 1541A,4.572
ISHIKAWAHERAKLIO02ER,Compound 1541A,4.575
HCC78,Compound 1541A,4.577
PC3,Compound 1541A,4.579
LS180,Compound 1541A,4.586
LC1SQSF,Compound 1541A,4.589
HCC1833,Compound 1541A,4.597
HCC33,Compound 1541A,4.609
WSUDLCL2,Compound 1541A,4.617
COV434,Compound 1541A,4.631
G361,Compound 1541A,4.645
NCIH1299,Compound 1541A,4.658
HUPT4,Compound 1541A,4.675
NCIH1944,Compound 1541A,4.683
MKN74,Compound 1541A,4.69
PL21,Compound 1541A,4.701
HCC44,Compound 1541A,4.705
DLD1,Compound 1541A,4.706
SUDHL4,Compound 1541A,4.716
GDM1,Compound 1541A,4.719
NCIH1793,Compound 1541A,4.724
MKN7,Compound 1541A,4.739
NCIH1836,Compound 1541A,4.749
C2BBE1,Compound 1541A,4.756
SF295,Compound 1541A,4.772
5637,Compound 1541A,4.783
NCIH1694,Compound 1541A,4.808
LU99,Compound 1541A,4.813
KYSE450,Compound 1541A,4.816
RPMI8226,Compound 1541A,4.831
SNU449,Compound 1541A,4.841
HS852T,Compound 1541A,4.863
HS944T,Compound 1541A,4.884
LS411N,Compound 1541A,4.896
NCIH508,Compound 1541A,4.897
CAPAN2,Compound 1541A,4.902
HT29,Compound 1541A,4.944
KP3,Compound 1541A,4.961
A549,Compound 1541A,4.983
NCIH2286,Compound 1541A,5.043
NCIH2081,Compound 1541A,5.05
TYKNU,Compound 1541A,5.051
HCT116,Compound 1541A,5.074
NOMO1,Compound 1541A,5.095
OCILY10,Compound 1541A,5.107
COLO678,Compound 1541A,5.116
AGS,Compound 1541A,5.127
EPLC272H,Compound 1541A,5.129
CL34,Compound 1541A,5.132
EJM,Compound 1541A,5.134
HEC108,Compound 1541A,5.141
SNGM,Compound 1541A,5.142
NCIH2122,Compound 1541A,5.144
MCF7,Compound 1541A,5.148
SW948,Compound 1541A,5.171
SKMEL5,Compound 1541A,5.173
HCC2935,Compound 1541A,5.187
OAW42,Compound 1541A,5.207
NCIH2405,Compound 1541A,5.217
RCM1,Compound 1541A,5.226
OVKATE,Compound 1541A,5.235
A375,Compound 1541A,5.275
NCIH1355,Compound 1541A,5.276
LXF289,Compound 1541A,5.282
SKMEL28,Compound 1541A,5.285
SNU175,Compound 1541A,5.293
NCIH441,Compound 1541A,5.294
NCIH596,Compound 1541A,5.297
KYSE410,Compound 1541A,5.299
NCIH1915,Compound 1541A,5.316
NCIH1437,Compound 1541A,5.321
NUGC4,Compound 1541A,5.333
CALU3,Compound 1541A,5.337
NCIH460,Compound 1541A,5.341
PANC0327,Compound 1541A,5.343
COV318,Compound 1541A,5.376
NCIH2342,Compound 1541A,5.391
P3HR1,Compound 1541A,5.398
HCC2108,Compound 1541A,5.41
LOVO,Compound 1541A,5.415
NCIH841,Compound 1541A,5.415
NCIH2110,Compound 1541A,5.415
HT115,Compound 1541A,5.418
IGROV1,Compound 1541A,5.421
NCIH1963,Compound 1541A,5.428
KM12,Compound 1541A,5.473
NCIH1876,Compound 1541A,5.492
NCIH1755,Compound 1541A,5.505
HT1080,Compound 1541A,5.519
PANC1005,Compound 1541A,5.524
HCC1359,Compound 1541A,5.529
SCC9,Compound 1541A,5.544
RKN,Compound 1541A,5.548
HEPG2,Compound 1541A,5.555
SUIT2,Compound 1541A,5.568
LS123,Compound 1541A,5.586
NCIH661,Compound 1541A,5.591
HPAC,Compound 1541A,5.602
EFO27,Compound 1541A,5.653
RERFLCKJ,Compound 1541A,5.655
JHOC5,Compound 1541A,5.668
SCLC21H,Compound 1541A,5.674
SUDHL5,Compound 1541A,5.683
NCIH2030,Compound 1541A,5.685
RCC10RGB,Compound 1541A,5.687
LP1,Compound 1541A,5.691
RKO,Compound 1541A,5.703
HT55,Compound 1541A,5.704
SNU61,Compound 1541A,5.714
HCC827,Compound 1541A,5.736
HCC15,Compound 1541A,5.748
SKLU1,Compound 1541A,5.754
HCC1195,Compound 1541A,5.761
MC116,Compound 1541A,5.768
LCLC97TM1,Compound 1541A,5.779
HCC4006,Compound 1541A,5.781
CAOV3,Compound 1541A,5.807
JHOS4,Compound 1541A,5.808
SNU840,Compound 1541A,5.81
OV90,Compound 1541A,5.816
MOLM16,Compound 1541A,5.832
SNU1040,Compound 1541A,5.835
A2780,Compound 1541A,5.843
COV644,Compound 1541A,5.85
UMUC3,Compound 1541A,5.864
NCIH1105,Compound 1541A,5.881
MDST8,Compound 1541A,5.893
HCT8,Compound 1541A,5.899
OV7,Compound 1541A,5.905
U2OS,Compound 1541A,5.91
SNUC5,Compound 1541A,5.92
COLO320,Compound 1541A,5.935
CAL12T,Compound 1541A,5.97
CFPAC1,Compound 1541A,5.974
SW403,Compound 1541A,5.992
JHOM1,Compound 1541A,6.013
SNUC4,Compound 1541A,6.024
LN229,Compound 1541A,6.036
NCIH2126,Compound 1541A,6.045
NCIH2172,Compound 1541A,6.047
CORL23,Compound 1541A,6.079
CW2,Compound 1541A,6.088
EFO21,Compound 1541A,6.19
NCIH2023,Compound 1541A,6.206
FU97,Compound 1541A,6.221
SKMEL1,Compound 1541A,6.25
LU65,Compound 1541A,6.34
SNU81,Compound 1541A,6.375
DV90,Compound 1541A,6.408
NUDUL1,Compound 1541A,6.454
NCIH2141,Compound 1541A,6.489
HEC59,Compound 1541A,6.506
KLE,Compound 1541A,6.512
OVMANA,Compound 1541A,6.517
GAMG,Compound 1541A,6.556
NCIH1781,Compound 1541A,6.575
SQ1,Compound 1541A,6.58
PATU8902,Compound 1541A,6.675
COV362,Compound 1541A,6.767
NCIH2052,Compound 1541A,6.786
CL40,Compound 1541A,6.906
SH10TC,Compound 1541A,6.983
U937,Compound 1541A,7.272
NCIH3255,Compound 1541A,7.929
SCLC21H,Compound 23 citrate,1.807
AGS,Compound 23 citrate,2.638
SW48,Compound 23 citrate,2.64
LS180,Compound 23 citrate,2.709
COV434,Compound 23 citrate,2.847
HEC151,Compound 23 citrate,3.101
SNU175,Compound 23 citrate,3.249
OVK18,Compound 23 citrate,3.266
LS513,Compound 23 citrate,3.3
OCIAML3,Compound 23 citrate,3.323
SNUC4,Compound 23 citrate,3.466
CW2,Compound 23 citrate,3.47
OVCAR8,Compound 23 citrate,3.56
NOMO1,Compound 23 citrate,3.855
CORL51,Compound 23 citrate,3.9
NCIH2081,Compound 23 citrate,3.941
SNU81,Compound 23 citrate,3.945
JHUEM2,Compound 23 citrate,3.951
GP2D,Compound 23 citrate,3.965
MCF7,Compound 23 citrate,3.999
SNUC5,Compound 23 citrate,4.008
NCIH810,Compound 23 citrate,4.024
NCIH1568,Compound 23 citrate,4.044
BEN,Compound 23 citrate,4.097
OVKATE,Compound 23 citrate,4.126
SHP77,Compound 23 citrate,4.154
CAPAN2,Compound 23 citrate,4.229
GDM1,Compound 23 citrate,4.255
OVCAR4,Compound 23 citrate,4.272
RMGI,Compound 23 citrate,4.314
NCIH1975,Compound 23 citrate,4.326
NCIH727,Compound 23 citrate,4.331
PL21,Compound 23 citrate,4.335
CL34,Compound 23 citrate,4.365
DLD1,Compound 23 citrate,4.368
KMS11,Compound 23 citrate,4.374
CL40,Compound 23 citrate,4.387
BL70,Compound 23 citrate,4.389
HCC1833,Compound 23 citrate,4.393
NCIH1755,Compound 23 citrate,4.411
NCIH1573,Compound 23 citrate,4.425
A549,Compound 23 citrate,4.441
LS411N,Compound 23 citrate,4.466
LXF289,Compound 23 citrate,4.471
G401,Compound 23 citrate,4.481
COLO668,Compound 23 citrate,4.493
NCIH1963,Compound 23 citrate,4.501
HT115,Compound 23 citrate,4.507
NCIH1299,Compound 23 citrate,4.521
RMUGS,Compound 23 citrate,4.545
COLO205,Compound 23 citrate,4.546
DMS273,Compound 23 citrate,4.556
NCIH2009,Compound 23 citrate,4.593
MSTO211H,Compound 23 citrate,4.621
NCIH82,Compound 23 citrate,4.629
NCIH508,Compound 23 citrate,4.634
NCIH1836,Compound 23 citrate,4.645
NCIH1944,Compound 23 citrate,4.645
KU812,Compound 23 citrate,4.654
CALU6,Compound 23 citrate,4.66
NCIH1792,Compound 23 citrate,4.663
NCIH1373,Compound 23 citrate,4.676
NCIH2029,Compound 23 citrate,4.679
VMRCLCD,Compound 23 citrate,4.685
THP1,Compound 23 citrate,4.688
G361,Compound 23 citrate,4.696
WSUDLCL2,Compound 23 citrate,4.698
HEC108,Compound 23 citrate,4.704
SNU398,Compound 23 citrate,4.739
AMO1,Compound 23 citrate,4.74
HEYA8,Compound 23 citrate,4.741
NCIH3255,Compound 23 citrate,4.745
COV644,Compound 23 citrate,4.752
HARA,Compound 23 citrate,4.761
SKM1,Compound 23 citrate,4.763
KP3,Compound 23 citrate,4.766
KM12,Compound 23 citrate,4.769
PATU8902,Compound 23 citrate,4.77
SNU61,Compound 23 citrate,4.777
A375,Compound 23 citrate,4.79
HT1376,Compound 23 citrate,4.805
SKCO1,Compound 23 citrate,4.811
CHAGOK1,Compound 23 citrate,4.815
COLO320,Compound 23 citrate,4.825
HCC78,Compound 23 citrate,4.847
A2780,Compound 23 citrate,4.852
KNS62,Compound 23 citrate,4.859
NCIH1048,Compound 23 citrate,4.873
NCIH596,Compound 23 citrate,4.878
NCIH28,Compound 23 citrate,4.879
NCIH2122,Compound 23 citrate,4.882
EBC1,Compound 23 citrate,4.887
HCC33,Compound 23 citrate,4.889
NCIH23,Compound 23 citrate,4.9
LU99,Compound 23 citrate,4.903
HCT116,Compound 23 citrate,4.907
C2BBE1,Compound 23 citrate,4.934
LCLC103H,Compound 23 citrate,4.944
RKN,Compound 23 citrate,4.978
NCIH1930,Compound 23 citrate,4.985
SUIT2,Compound 23 citrate,4.991
LC1SQSF,Compound 23 citrate,5.003
CAL12T,Compound 23 citrate,5.008
HS852T,Compound 23 citrate,5.019
GAMG,Compound 23 citrate,5.027
QGP1,Compound 23 citrate,5.06
KYSE140,Compound 23 citrate,5.063
NCIH1666,Compound 23 citrate,5.064
NCIH2342,Compound 23 citrate,5.082
SNUC2A,Compound 23 citrate,5.093
P3HR1,Compound 23 citrate,5.103
KMBC2,Compound 23 citrate,5.117
PC3,Compound 23 citrate,5.127
RT4,Compound 23 citrate,5.15
LOVO,Compound 23 citrate,5.157
5637,Compound 23 citrate,5.166
NCIH1694,Compound 23 citrate,5.17
NCIH1876,Compound 23 citrate,5.18
MFE319,Compound 23 citrate,5.187
NCIH358,Compound 23 citrate,5.192
LCLC97TM1,Compound 23 citrate,5.193
SUDHL4,Compound 23 citrate,5.2
NCIH1437,Compound 23 citrate,5.203
DV90,Compound 23 citrate,5.205
NCIH661,Compound 23 citrate,5.205
KE97,Compound 23 citrate,5.224
CORL88,Compound 23 citrate,5.242
T3M10,Compound 23 citrate,5.269
JHOS4,Compound 23 citrate,5.285
KLE,Compound 23 citrate,5.291
MKN74,Compound 23 citrate,5.292
NCIH2405,Compound 23 citrate,5.296
SW948,Compound 23 citrate,5.298
RKO,Compound 23 citrate,5.302
ISHIKAWAHERAKLIO02ER,Compound 23 citrate,5.307
LN229,Compound 23 citrate,5.314
HCC44,Compound 23 citrate,5.317
KYSE410,Compound 23 citrate,5.321
HCC15,Compound 23 citrate,5.324
VMRCRCW,Compound 23 citrate,5.332
CORL279,Compound 23 citrate,5.339
FU97,Compound 23 citrate,5.339
HSC2,Compound 23 citrate,5.348
CORL23,Compound 23 citrate,5.348
SUDHL5,Compound 23 citrate,5.354
CFPAC1,Compound 23 citrate,5.358
HCC4006,Compound 23 citrate,5.366
NCIH1915,Compound 23 citrate,5.38
U2OS,Compound 23 citrate,5.401
NCIH522,Compound 23 citrate,5.402
NCIH1793,Compound 23 citrate,5.407
U937,Compound 23 citrate,5.414
COLO741,Compound 23 citrate,5.418
HEC265,Compound 23 citrate,5.43
TYKNU,Compound 23 citrate,5.432
SNU449,Compound 23 citrate,5.445
NCIH841,Compound 23 citrate,5.449
KYSE450,Compound 23 citrate,5.46
HCT8,Compound 23 citrate,5.461
HUPT4,Compound 23 citrate,5.482
NCIH1435,Compound 23 citrate,5.492
HT,Compound 23 citrate,5.494
NCIH2286,Compound 23 citrate,5.499
OVMANA,Compound 23 citrate,5.506
NCIH441,Compound 23 citrate,5.51
HCC2935,Compound 23 citrate,5.524
HPAC,Compound 23 citrate,5.526
OV90,Compound 23 citrate,5.535
PANC1005,Compound 23 citrate,5.538
HEC251,Compound 23 citrate,5.542
PANC0327,Compound 23 citrate,5.543
COV362,Compound 23 citrate,5.565
LP1,Compound 23 citrate,5.577
NCIH1355,Compound 23 citrate,5.586
HS936T,Compound 23 citrate,5.624
CALU3,Compound 23 citrate,5.63
HEC6,Compound 23 citrate,5.632
NCIH2110,Compound 23 citrate,5.633
SKOV3,Compound 23 citrate,5.66
RERFLCKJ,Compound 23 citrate,5.718
EPLC272H,Compound 23 citrate,5.761
NCIH1781,Compound 23 citrate,5.774
SQ1,Compound 23 citrate,5.784
SW620,Compound 23 citrate,5.788
MKN7,Compound 23 citrate,5.79
NUDUL1,Compound 23 citrate,5.798
SW480,Compound 23 citrate,5.809
HS944T,Compound 23 citrate,5.812
IGROV1,Compound 23 citrate,5.816
NCIH650,Compound 23 citrate,5.835
HCC2108,Compound 23 citrate,5.848
HT55,Compound 23 citrate,5.85
SNU1040,Compound 23 citrate,5.859
SKMEL5,Compound 23 citrate,5.892
EJM,Compound 23 citrate,5.896
NUGC4,Compound 23 citrate,5.908
NCIH1105,Compound 23 citrate,5.908
OCILY10,Compound 23 citrate,5.911
COLO678,Compound 23 citrate,5.917
COV318,Compound 23 citrate,5.951
SKLU1,Compound 23 citrate,5.963
SNU840,Compound 23 citrate,5.966
JHH6,Compound 23 citrate,5.987
SCC9,Compound 23 citrate,6.003
CAOV3,Compound 23 citrate,6.012
LU65,Compound 23 citrate,6.018
NCIH2030,Compound 23 citrate,6.036
HCC1359,Compound 23 citrate,6.072
NCIH2052,Compound 23 citrate,6.076
HCC827,Compound 23 citrate,6.08
RPMI8226,Compound 23 citrate,6.085
MOLM16,Compound 23 citrate,6.097
MC116,Compound 23 citrate,6.104
SNGM,Compound 23 citrate,6.117
HEPG2,Compound 23 citrate,6.138
RCM1,Compound 23 citrate,6.147
HT1080,Compound 23 citrate,6.188
HEC59,Compound 23 citrate,6.194
HT29,Compound 23 citrate,6.198
JHOC5,Compound 23 citrate,6.215
SKMEL1,Compound 23 citrate,6.263
LS123,Compound 23 citrate,6.27
RCC10RGB,Compound 23 citrate,6.297
SW403,Compound 23 citrate,6.388
UMUC3,Compound 23 citrate,6.401
OV7,Compound 23 citrate,6.425
OAW42,Compound 23 citrate,6.43
SF295,Compound 23 citrate,6.431
NCIH2141,Compound 23 citrate,6.447
MDST8,Compound 23 citrate,6.454
NCIH2023,Compound 23 citrate,6.514
NCIH2172,Compound 23 citrate,6.534
EFO27,Compound 23 citrate,6.6
NCIH460,Compound 23 citrate,6.618
JHOM1,Compound 23 citrate,6.689
HCC1195,Compound 23 citrate,6.981
EFO21,Compound 23 citrate,7.063
SH10TC,Compound 23 citrate,7.064
SKMEL28,Compound 23 citrate,7.288
NCIH2126,Compound 23 citrate,8.01
COV434,Compound 44,1.232
SW480,Compound 44,1.801
HEC151,Compound 44,2.369
NCIH841,Compound 44,2.403
NCIH1963,Compound 44,2.469
SUDHL5,Compound 44,2.591
SW620,Compound 44,2.689
OVCAR8,Compound 44,2.692
NCIH2342,Compound 44,2.836
NCIH2030,Compound 44,2.898
RPMI8226,Compound 44,2.91
HCC2108,Compound 44,2.976
SNUC5,Compound 44,3.033
KMS11,Compound 44,3.047
OVK18,Compound 44,3.1
SNU81,Compound 44,3.122
OVKATE,Compound 44,3.126
LP1,Compound 44,3.143
WSUDLCL2,Compound 44,3.159
OVCAR4,Compound 44,3.359
NCIH2081,Compound 44,3.36
NCIH1694,Compound 44,3.418
COLO320,Compound 44,3.429
SNU398,Compound 44,3.444
JHOM1,Compound 44,3.494
SKM1,Compound 44,3.507
MOLM16,Compound 44,3.607
NCIH2172,Compound 44,3.651
NCIH2023,Compound 44,3.7
RMGI,Compound 44,3.713
AGS,Compound 44,3.755
PL21,Compound 44,3.774
GDM1,Compound 44,3.777
JHUEM2,Compound 44,3.783
A2780,Compound 44,3.803
NOMO1,Compound 44,3.987
NCIH1876,Compound 44,4.038
CW2,Compound 44,4.094
MCF7,Compound 44,4.112
HCC1833,Compound 44,4.141
SW948,Compound 44,4.239
HCC1195,Compound 44,4.245
NCIH1836,Compound 44,4.307
JHOC5,Compound 44,4.365
NCIH1781,Compound 44,4.394
THP1,Compound 44,4.409
SNU840,Compound 44,4.411
NCIH1105,Compound 44,4.415
SUDHL4,Compound 44,4.416
NUDUL1,Compound 44,4.425
RKN,Compound 44,4.47
CAL12T,Compound 44,4.494
TYKNU,Compound 44,4.506
NCIH2141,Compound 44,4.642
HT1080,Compound 44,4.651
U937,Compound 44,4.676
SCC9,Compound 44,4.678
NCIH2110,Compound 44,4.69
NCIH3255,Compound 44,4.693
RMUGS,Compound 44,4.694
OV90,Compound 44,4.72
SNU61,Compound 44,4.755
HCC827,Compound 44,4.787
EFO27,Compound 44,4.834
IGROV1,Compound 44,4.881
SNU175,Compound 44,4.9
SNUC4,Compound 44,4.908
SCLC21H,Compound 44,4.912
RCC10RGB,Compound 44,4.944
RCM1,Compound 44,4.945
KM12,Compound 44,4.977
LS180,Compound 44,4.977
EJM,Compound 44,4.995
HCC2935,Compound 44,5.053
HCC4006,Compound 44,5.067
CORL23,Compound 44,5.075
HEPG2,Compound 44,5.112
HCT116,Compound 44,5.137
LS123,Compound 44,5.177
SKMEL5,Compound 44,5.209
T3M10,Compound 44,5.256
NCIH1755,Compound 44,5.296
SNU1040,Compound 44,5.307
LN229,Compound 44,5.349
NCIH596,Compound 44,5.383
NCIH441,Compound 44,5.473
SKLU1,Compound 44,5.507
HCC15,Compound 44,5.579
U2OS,Compound 44,5.64
OAW42,Compound 44,5.65
OCILY10,Compound 44,5.656
LOVO,Compound 44,5.676
COV362,Compound 44,5.687
OCIAML3,Compound 44,5.732
HCC1359,Compound 44,5.775
NCIH2122,Compound 44,5.786
OV7,Compound 44,5.836
CAOV3,Compound 44,5.89
HT55,Compound 44,5.909
MDST8,Compound 44,5.923
COLO678,Compound 44,5.934
HT115,Compound 44,6.025
HT29,Compound 44,6.043
A375,Compound 44,6.069
NCIH460,Compound 44,6.111
COV644,Compound 44,6.206
CORL51,Compound 44,6.206
SQ1,Compound 44,6.255
CL34,Compound 44,6.275
AMO1,Compound 44,6.278
HCT8,Compound 44,6.403
NCIH508,Compound 44,6.503
CL40,Compound 44,6.642
SKMEL28,Compound 44,6.686
RKO,Compound 44,6.759
SKMEL1,Compound 44,6.785
KMS11,Compound 7d-cis,0.464
NCIH1694,Compound 7d-cis,0.995
BL70,Compound 7d-cis,1.199
GDM1,Compound 7d-cis,1.323
NCIH1105,Compound 7d-cis,1.879
NCIH1048,Compound 7d-cis,2.038
OCIAML3,Compound 7d-cis,2.314
KYSE140,Compound 7d-cis,2.33
SUDHL5,Compound 7d-cis,2.409
NCIH810,Compound 7d-cis,2.518
G401,Compound 7d-cis,2.543
KE97,Compound 7d-cis,2.804
SW48,Compound 7d-cis,2.824
MSTO211H,Compound 7d-cis,2.878
LS513,Compound 7d-cis,2.961
COLO320,Compound 7d-cis,3.117
OVCAR4,Compound 7d-cis,3.15
OVK18,Compound 7d-cis,3.162
5637,Compound 7d-cis,3.194
KU812,Compound 7d-cis,3.306
NCIH1963,Compound 7d-cis,3.31
NCIH2141,Compound 7d-cis,3.333
NCIH1876,Compound 7d-cis,3.4
NCIH23,Compound 7d-cis,3.472
COV434,Compound 7d-cis,3.49
HEC265,Compound 7d-cis,3.579
P3HR1,Compound 7d-cis,3.605
WSUDLCL2,Compound 7d-cis,3.612
NCIH2029,Compound 7d-cis,3.613
RT4,Compound 7d-cis,3.617
EJM,Compound 7d-cis,3.623
OVCAR8,Compound 7d-cis,3.651
PC3,Compound 7d-cis,3.66
NCIH1836,Compound 7d-cis,3.683
SCLC21H,Compound 7d-cis,3.692
HEC151,Compound 7d-cis,3.703
CORL279,Compound 7d-cis,3.703
NCIH2081,Compound 7d-cis,3.741
NCIH1666,Compound 7d-cis,3.755
RMUGS,Compound 7d-cis,3.789
NCIH1930,Compound 7d-cis,3.808
EPLC272H,Compound 7d-cis,3.862
RMGI,Compound 7d-cis,3.867
SUDHL4,Compound 7d-cis,3.887
AGS,Compound 7d-cis,3.913
NCIH522,Compound 7d-cis,3.95
SHP77,Compound 7d-cis,3.972
AMO1,Compound 7d-cis,4.023
SKM1,Compound 7d-cis,4.035
SNUC5,Compound 7d-cis,4.061
NCIH82,Compound 7d-cis,4.069
MFE319,Compound 7d-cis,4.153
HUPT4,Compound 7d-cis,4.154
CW2,Compound 7d-cis,4.162
CHAGOK1,Compound 7d-cis,4.178
NCIH1568,Compound 7d-cis,4.243
COLO205,Compound 7d-cis,4.248
CORL51,Compound 7d-cis,4.288
PL21,Compound 7d-cis,4.297
HEC6,Compound 7d-cis,4.299
LU99,Compound 7d-cis,4.311
DMS273,Compound 7d-cis,4.328
PANC0327,Compound 7d-cis,4.33
NCIH28,Compound 7d-cis,4.333
HCT116,Compound 7d-cis,4.338
SNU81,Compound 7d-cis,4.353
RPMI8226,Compound 7d-cis,4.367
COLO678,Compound 7d-cis,4.381
CALU6,Compound 7d-cis,4.398
SNUC4,Compound 7d-cis,4.416
MCF7,Compound 7d-cis,4.464
HCC33,Compound 7d-cis,4.473
NCIH1299,Compound 7d-cis,4.479
HCC15,Compound 7d-cis,4.508
OVKATE,Compound 7d-cis,4.552
NCIH358,Compound 7d-cis,4.561
LS180,Compound 7d-cis,4.566
SKCO1,Compound 7d-cis,4.573
HEC251,Compound 7d-cis,4.593
NCIH727,Compound 7d-cis,4.65
NCIH1781,Compound 7d-cis,4.67
LCLC97TM1,Compound 7d-cis,4.687
SW948,Compound 7d-cis,4.698
NCIH2342,Compound 7d-cis,4.705
NCIH2110,Compound 7d-cis,4.711
HT,Compound 7d-cis,4.762
HSC2,Compound 7d-cis,4.771
VMRCLCD,Compound 7d-cis,4.78
HCC4006,Compound 7d-cis,4.792
HS852T,Compound 7d-cis,4.799
COLO741,Compound 7d-cis,4.81
CL34,Compound 7d-cis,4.816
KYSE410,Compound 7d-cis,4.851
NUGC4,Compound 7d-cis,4.856
A375,Compound 7d-cis,4.858
THP1,Compound 7d-cis,4.888
NCIH1944,Compound 7d-cis,4.897
GP2D,Compound 7d-cis,4.902
HCC78,Compound 7d-cis,4.918
NCIH841,Compound 7d-cis,4.922
HT1376,Compound 7d-cis,4.982
U937,Compound 7d-cis,4.997
NCIH1373,Compound 7d-cis,5.001
JHOS4,Compound 7d-cis,5.016
NCIH508,Compound 7d-cis,5.048
LXF289,Compound 7d-cis,5.069
LP1,Compound 7d-cis,5.071
G361,Compound 7d-cis,5.073
COLO668,Compound 7d-cis,5.109
SNUC2A,Compound 7d-cis,5.117
KNS62,Compound 7d-cis,5.14
SKMEL1,Compound 7d-cis,5.156
CL40,Compound 7d-cis,5.163
NCIH596,Compound 7d-cis,5.164
NCIH441,Compound 7d-cis,5.192
DLD1,Compound 7d-cis,5.197
NCIH650,Compound 7d-cis,5.219
VMRCRCW,Compound 7d-cis,5.224
NCIH3255,Compound 7d-cis,5.237
HS936T,Compound 7d-cis,5.239
MDST8,Compound 7d-cis,5.245
SCC9,Compound 7d-cis,5.262
SNU398,Compound 7d-cis,5.27
SKLU1,Compound 7d-cis,5.275
MOLM16,Compound 7d-cis,5.308
NCIH1975,Compound 7d-cis,5.309
QGP1,Compound 7d-cis,5.319
HCC2935,Compound 7d-cis,5.319
C2BBE1,Compound 7d-cis,5.329
KM12,Compound 7d-cis,5.332
RCC10RGB,Compound 7d-cis,5.336
ISHIKAWAHERAKLIO02ER,Compound 7d-cis,5.351
SNU175,Compound 7d-cis,5.352
LOVO,Compound 7d-cis,5.357
HEYA8,Compound 7d-cis,5.367
CAL12T,Compound 7d-cis,5.404
EBC1,Compound 7d-cis,5.412
KMBC2,Compound 7d-cis,5.415
HT115,Compound 7d-cis,5.417
KLE,Compound 7d-cis,5.432
NCIH2286,Compound 7d-cis,5.45
LN229,Compound 7d-cis,5.478
OV90,Compound 7d-cis,5.485
LS123,Compound 7d-cis,5.514
JHUEM2,Compound 7d-cis,5.525
RKN,Compound 7d-cis,5.526
EFO27,Compound 7d-cis,5.533
T3M10,Compound 7d-cis,5.534
NCIH2009,Compound 7d-cis,5.54
HCT8,Compound 7d-cis,5.547
NOMO1,Compound 7d-cis,5.553
U2OS,Compound 7d-cis,5.558
HT55,Compound 7d-cis,5.582
LS411N,Compound 7d-cis,5.582
NCIH2122,Compound 7d-cis,5.592
NCIH1355,Compound 7d-cis,5.601
CORL88,Compound 7d-cis,5.624
PANC1005,Compound 7d-cis,5.636
NCIH1755,Compound 7d-cis,5.645
SNU840,Compound 7d-cis,5.671
NCIH2126,Compound 7d-cis,5.673
UMUC3,Compound 7d-cis,5.694
HCC1359,Compound 7d-cis,5.697
SKMEL5,Compound 7d-cis,5.698
MKN7,Compound 7d-cis,5.743
SW403,Compound 7d-cis,5.747
KYSE450,Compound 7d-cis,5.748
HEC108,Compound 7d-cis,5.782
A2780,Compound 7d-cis,5.787
TYKNU,Compound 7d-cis,5.826
NCIH1573,Compound 7d-cis,5.835
CORL23,Compound 7d-cis,5.839
JHOM1,Compound 7d-cis,5.84
FU97,Compound 7d-cis,5.885
PATU8902,Compound 7d-cis,5.885
HARA,Compound 7d-cis,5.913
SNU61,Compound 7d-cis,5.914
HS944T,Compound 7d-cis,5.919
NCIH2405,Compound 7d-cis,5.97
RKO,Compound 7d-cis,5.987
GAMG,Compound 7d-cis,5.99
HCC1833,Compound 7d-cis,5.999
NCIH661,Compound 7d-cis,6.067
COV644,Compound 7d-cis,6.081
NCIH1435,Compound 7d-cis,6.082
MC116,Compound 7d-cis,6.086
NCIH2052,Compound 7d-cis,6.099
OCILY10,Compound 7d-cis,6.104
CAPAN2,Compound 7d-cis,6.106
SW480,Compound 7d-cis,6.106
JHOC5,Compound 7d-cis,6.125
RCM1,Compound 7d-cis,6.146
HCC44,Compound 7d-cis,6.148
RERFLCKJ,Compound 7d-cis,6.174
KP3,Compound 7d-cis,6.181
HCC1195,Compound 7d-cis,6.196
LCLC103H,Compound 7d-cis,6.2
SUIT2,Compound 7d-cis,6.205
CALU3,Compound 7d-cis,6.226
LC1SQSF,Compound 7d-cis,6.226
COV362,Compound 7d-cis,6.238
NCIH1915,Compound 7d-cis,6.283
HEC59,Compound 7d-cis,6.297
HCC827,Compound 7d-cis,6.316
CFPAC1,Compound 7d-cis,6.326
SKOV3,Compound 7d-cis,6.336
HT1080,Compound 7d-cis,6.343
COV318,Compound 7d-cis,6.362
OAW42,Compound 7d-cis,6.363
A549,Compound 7d-cis,6.384
MKN74,Compound 7d-cis,6.422
OVMANA,Compound 7d-cis,6.423
NUDUL1,Compound 7d-cis,6.426
NCIH1792,Compound 7d-cis,6.44
IGROV1,Compound 7d-cis,6.448
SQ1,Compound 7d-cis,6.45
SNU1040,Compound 7d-cis,6.504
NCIH1793,Compound 7d-cis,6.534
HPAC,Compound 7d-cis,6.535
OV7,Compound 7d-cis,6.554
SW620,Compound 7d-cis,6.564
JHH6,Compound 7d-cis,6.584
HT29,Compound 7d-cis,6.59
NCIH2030,Compound 7d-cis,6.707
EFO21,Compound 7d-cis,6.713
CAOV3,Compound 7d-cis,6.735
SH10TC,Compound 7d-cis,6.741
NCIH2172,Compound 7d-cis,6.828
HEPG2,Compound 7d-cis,6.907
SKMEL28,Compound 7d-cis,6.945
SNGM,Compound 7d-cis,6.945
SNU449,Compound 7d-cis,6.963
LU65,Compound 7d-cis,6.991
DV90,Compound 7d-cis,7.05
HCC2108,Compound 7d-cis,7.056
BEN,Compound 7d-cis,7.064
NCIH1437,Compound 7d-cis,7.133
NCIH2023,Compound 7d-cis,7.135
NCIH460,Compound 7d-cis,7.17
SF295,Compound 7d-cis,7.342
OCIAML3,curcumin,1.215
NUDUL1,curcumin,1.746
NCIH1105,curcumin,2.024
OVK18,curcumin,2.125
HT115,curcumin,2.303
WSUDLCL2,curcumin,2.451
COV434,curcumin,2.502
RPMI8226,curcumin,2.603
NCIH1694,curcumin,2.617
HCT116,curcumin,2.663
A375,curcumin,2.696
NOMO1,curcumin,2.746
EJM,curcumin,2.93
NCIH596,curcumin,2.969
SKM1,curcumin,2.987
SNU81,curcumin,3.095
SW948,curcumin,3.125
TYKNU,curcumin,3.146
SW480,curcumin,3.153
NCIH2342,curcumin,3.154
LOVO,curcumin,3.156
HCC1359,curcumin,3.202
SNU840,curcumin,3.224
HT1080,curcumin,3.256
U937,curcumin,3.311
NCIH1876,curcumin,3.381
THP1,curcumin,3.452
SW620,curcumin,3.462
SNU175,curcumin,3.523
OV90,curcumin,3.614
SUDHL4,curcumin,3.639
SKMEL5,curcumin,3.662
HT55,curcumin,3.826
MOLM16,curcumin,3.833
NCIH1836,curcumin,3.855
SNU61,curcumin,3.893
JHUEM2,curcumin,3.893
CL34,curcumin,3.895
NCIH441,curcumin,3.898
HCC15,curcumin,3.899
CW2,curcumin,3.908
LN229,curcumin,3.93
MDST8,curcumin,3.958
SNUC5,curcumin,3.983
COLO320,curcumin,4.076
RMUGS,curcumin,4.086
NCIH1781,curcumin,4.092
GDM1,curcumin,4.142
HCC2108,curcumin,4.146
LS123,curcumin,4.157
NCIH841,curcumin,4.235
HCC1833,curcumin,4.329
NCIH2081,curcumin,4.366
SUDHL5,curcumin,4.383
SKMEL1,curcumin,4.398
PL21,curcumin,4.44
HCC4006,curcumin,4.465
NCIH1755,curcumin,4.61
CAL12T,curcumin,4.613
HCC827,curcumin,4.619
RKO,curcumin,4.641
NCIH2122,curcumin,4.707
MCF7,curcumin,4.712
SNUC4,curcumin,4.745
SNU1040,curcumin,4.761
CL40,curcumin,4.898
NCIH508,curcumin,4.899
RMGI,curcumin,4.917
EFO27,curcumin,4.922
T3M10,curcumin,4.928
RCM1,curcumin,4.936
CORL23,curcumin,4.944
NCIH2030,curcumin,4.987
COLO678,curcumin,4.997
KM12,curcumin,5
HCC2935,curcumin,5.078
CAOV3,curcumin,5.12
SKLU1,curcumin,5.189
NCIH3255,curcumin,5.363
SQ1,curcumin,5.429
NCIH2110,curcumin,5.56
NCIH2172,curcumin,5.568
COV644,curcumin,5.601
JHOM1,curcumin,5.608
JHOC5,curcumin,5.635
NCIH2023,curcumin,5.824
HCT8,curcumin,5.851
HEPG2,curcumin,5.963
OV7,curcumin,5.987
HCC1195,curcumin,6.108
OAW42,curcumin,6.269
SKMEL28,curcumin,6.273
HT29,curcumin,6.297
COV362,curcumin,6.3
NCIH460,curcumin,6.629
NCIH3255,cyanoquinoline 11,1.309
HCC827,cyanoquinoline 11,1.834
HCC2935,cyanoquinoline 11,2.014
SW948,cyanoquinoline 11,2.129
HCC4006,cyanoquinoline 11,2.493
SNUC5,cyanoquinoline 11,2.8
NCIH1963,cyanoquinoline 11,2.802
OVCAR4,cyanoquinoline 11,2.851
NCIH1836,cyanoquinoline 11,3.015
OVCAR8,cyanoquinoline 11,3.167
HEC151,cyanoquinoline 11,3.18
COV434,cyanoquinoline 11,3.293
NCIH1876,cyanoquinoline 11,3.41
RMGI,cyanoquinoline 11,3.425
THP1,cyanoquinoline 11,3.438
RCM1,cyanoquinoline 11,3.504
CW2,cyanoquinoline 11,3.553
SKM1,cyanoquinoline 11,3.758
SW480,cyanoquinoline 11,3.776
NCIH2081,cyanoquinoline 11,3.797
PL21,cyanoquinoline 11,3.805
NCIH1105,cyanoquinoline 11,3.809
COLO320,cyanoquinoline 11,3.811
HT55,cyanoquinoline 11,3.818
CAL12T,cyanoquinoline 11,3.823
RMUGS,cyanoquinoline 11,3.837
AGS,cyanoquinoline 11,3.871
SCC9,cyanoquinoline 11,3.877
SNU81,cyanoquinoline 11,3.893
SW620,cyanoquinoline 11,3.894
SNU175,cyanoquinoline 11,3.937
GDM1,cyanoquinoline 11,3.967
LS180,cyanoquinoline 11,3.992
LP1,cyanoquinoline 11,4.006
WSUDLCL2,cyanoquinoline 11,4.079
SCLC21H,cyanoquinoline 11,4.083
HT115,cyanoquinoline 11,4.101
T3M10,cyanoquinoline 11,4.113
OVK18,cyanoquinoline 11,4.185
NOMO1,cyanoquinoline 11,4.216
OCIAML3,cyanoquinoline 11,4.286
LOVO,cyanoquinoline 11,4.306
NCIH841,cyanoquinoline 11,4.332
NCIH1694,cyanoquinoline 11,4.341
SKMEL5,cyanoquinoline 11,4.373
MCF7,cyanoquinoline 11,4.377
COLO678,cyanoquinoline 11,4.378
U937,cyanoquinoline 11,4.41
HCT116,cyanoquinoline 11,4.425
HCC15,cyanoquinoline 11,4.472
SNU840,cyanoquinoline 11,4.514
TYKNU,cyanoquinoline 11,4.54
RKN,cyanoquinoline 11,4.556
KM12,cyanoquinoline 11,4.59
OVKATE,cyanoquinoline 11,4.603
RPMI8226,cyanoquinoline 11,4.607
KMS11,cyanoquinoline 11,4.61
COV644,cyanoquinoline 11,4.623
EJM,cyanoquinoline 11,4.638
NCIH2122,cyanoquinoline 11,4.674
AMO1,cyanoquinoline 11,4.699
HCC1833,cyanoquinoline 11,4.73
SKMEL1,cyanoquinoline 11,4.735
NCIH2110,cyanoquinoline 11,4.786
LS123,cyanoquinoline 11,4.806
NCIH596,cyanoquinoline 11,4.811
A375,cyanoquinoline 11,4.89
COV362,cyanoquinoline 11,4.913
IGROV1,cyanoquinoline 11,4.938
SNUC4,cyanoquinoline 11,4.962
CORL51,cyanoquinoline 11,4.984
RKO,cyanoquinoline 11,4.989
HT1080,cyanoquinoline 11,5.014
NCIH2023,cyanoquinoline 11,5.059
NCIH2141,cyanoquinoline 11,5.089
SKLU1,cyanoquinoline 11,5.122
SNU398,cyanoquinoline 11,5.125
HT29,cyanoquinoline 11,5.184
SNU1040,cyanoquinoline 11,5.206
NCIH508,cyanoquinoline 11,5.239
NCIH1755,cyanoquinoline 11,5.243
OCILY10,cyanoquinoline 11,5.258
NCIH2030,cyanoquinoline 11,5.314
NCIH1781,cyanoquinoline 11,5.322
CAOV3,cyanoquinoline 11,5.377
A2780,cyanoquinoline 11,5.415
SUDHL4,cyanoquinoline 11,5.418
NCIH441,cyanoquinoline 11,5.442
HCC2108,cyanoquinoline 11,5.453
JHUEM2,cyanoquinoline 11,5.463
EFO27,cyanoquinoline 11,5.497
NCIH2342,cyanoquinoline 11,5.554
CORL23,cyanoquinoline 11,5.566
NCIH460,cyanoquinoline 11,5.671
NUDUL1,cyanoquinoline 11,5.703
NCIH2172,cyanoquinoline 11,5.802
OV90,cyanoquinoline 11,5.864
SNU61,cyanoquinoline 11,5.869
HCC1195,cyanoquinoline 11,5.921
SQ1,cyanoquinoline 11,6.021
JHOC5,cyanoquinoline 11,6.032
LN229,cyanoquinoline 11,6.056
MOLM16,cyanoquinoline 11,6.109
SUDHL5,cyanoquinoline 11,6.165
OV7,cyanoquinoline 11,6.175
MDST8,cyanoquinoline 11,6.182
JHOM1,cyanoquinoline 11,6.36
CL34,cyanoquinoline 11,6.617
CL40,cyanoquinoline 11,6.629
HCT8,cyanoquinoline 11,6.668
HEPG2,cyanoquinoline 11,6.724
SKMEL28,cyanoquinoline 11,7.127
OAW42,cyanoquinoline 11,7.242
HCC1359,cyanoquinoline 11,7.428
RCC10RGB,cyanoquinoline 11,7.474
SKM1,CYT-997,1.255
WSUDLCL2,CYT-997,1.417
PL21,CYT-997,1.488
SUDHL5,CYT-997,1.587
SNU175,CYT-997,1.655
NUDUL1,CYT-997,1.71
GDM1,CYT-997,1.721
OCIAML3,CYT-997,1.745
U937,CYT-997,1.801
RKO,CYT-997,1.908
NCIH1836,CYT-997,1.932
MOLM16,CYT-997,1.976
HCT116,CYT-997,1.993
NOMO1,CYT-997,2.049
RPMI8226,CYT-997,2.112
SNU81,CYT-997,2.112
KM12,CYT-997,2.148
THP1,CYT-997,2.183
SUDHL4,CYT-997,2.373
NCIH2122,CYT-997,2.446
JHUEM2,CYT-997,2.499
SNUC5,CYT-997,2.556
SNUC4,CYT-997,2.569
A375,CYT-997,2.695
NCIH508,CYT-997,2.699
NCIH596,CYT-997,2.801
MDST8,CYT-997,2.877
HT1080,CYT-997,2.944
HT115,CYT-997,3.015
LOVO,CYT-997,3.053
NCIH1781,CYT-997,3.174
OV90,CYT-997,3.188
SW948,CYT-997,3.253
RMUGS,CYT-997,3.255
TYKNU,CYT-997,3.378
CL34,CYT-997,3.381
CORL23,CYT-997,3.527
SNU1040,CYT-997,3.542
SKMEL5,CYT-997,3.575
RMGI,CYT-997,3.588
SNU61,CYT-997,3.596
LN229,CYT-997,3.719
HCC15,CYT-997,4.063
CW2,CYT-997,4.16
NCIH460,CYT-997,4.202
SKMEL1,CYT-997,4.217
COV644,CYT-997,4.25
COLO320,CYT-997,4.257
SNU840,CYT-997,4.582
HCT8,CYT-997,4.594
T3M10,CYT-997,4.604
HT55,CYT-997,4.783
NCIH1755,CYT-997,4.837
CL40,CYT-997,4.864
SKLU1,CYT-997,4.98
COV362,CYT-997,5.176
LS123,CYT-997,5.231
CAOV3,CYT-997,5.276
SW620,CYT-997,5.375
SW480,CYT-997,5.407
NCIH2110,CYT-997,5.547
HT29,CYT-997,5.601
NCIH441,CYT-997,5.713
RCM1,CYT-997,5.749
OV7,CYT-997,5.809
NCIH3255,CYT-997,6.652
COLO678,CYT-997,6.662
SKMEL28,CYT-997,8.715
MSTO211H,cytochalasin B,1.66
SKM1,cytochalasin B,1.948
5637,cytochalasin B,2.143
OVCAR8,cytochalasin B,2.145
AGS,cytochalasin B,2.158
LS180,cytochalasin B,2.294
SNU175,cytochalasin B,2.372
SW948,cytochalasin B,2.423
SUDHL5,cytochalasin B,2.443
HT1080,cytochalasin B,2.468
NCIH3255,cytochalasin B,2.493
JHUEM2,cytochalasin B,2.569
KMS11,cytochalasin B,2.6
CORL51,cytochalasin B,2.718
MDST8,cytochalasin B,2.74
NCIH1048,cytochalasin B,2.826
NCIH841,cytochalasin B,2.915
NCIH2286,cytochalasin B,2.935
RMGI,cytochalasin B,3.001
NCIH1963,cytochalasin B,3.005
VMRCLCD,cytochalasin B,3.005
LXF289,cytochalasin B,3.027
SNUC4,cytochalasin B,3.029
TYKNU,cytochalasin B,3.116
NCIH1755,cytochalasin B,3.147
PANC0327,cytochalasin B,3.187
OCIAML3,cytochalasin B,3.199
HT115,cytochalasin B,3.277
RKN,cytochalasin B,3.302
RMUGS,cytochalasin B,3.317
SNU81,cytochalasin B,3.392
OVCAR4,cytochalasin B,3.455
CORL279,cytochalasin B,3.532
GP2D,cytochalasin B,3.534
HCC44,cytochalasin B,3.544
PL21,cytochalasin B,3.551
GDM1,cytochalasin B,3.57
HUPT4,cytochalasin B,3.571
CL34,cytochalasin B,3.672
SNU449,cytochalasin B,3.702
EBC1,cytochalasin B,3.707
SUDHL4,cytochalasin B,3.732
MOLM16,cytochalasin B,3.762
HCC15,cytochalasin B,3.773
MC116,cytochalasin B,3.815
SNU398,cytochalasin B,3.815
JHOM1,cytochalasin B,3.819
NCIH508,cytochalasin B,3.856
U937,cytochalasin B,3.869
LU99,cytochalasin B,3.893
NCIH1299,cytochalasin B,3.898
NCIH2081,cytochalasin B,3.91
NCIH2009,cytochalasin B,3.923
HS852T,cytochalasin B,3.977
NCIH1930,cytochalasin B,4.019
NCIH1944,cytochalasin B,4.082
HCC4006,cytochalasin B,4.084
HCC78,cytochalasin B,4.117
DLD1,cytochalasin B,4.12
HCC2108,cytochalasin B,4.12
SHP77,cytochalasin B,4.144
BL70,cytochalasin B,4.151
NCIH596,cytochalasin B,4.159
NCIH28,cytochalasin B,4.182
HEC151,cytochalasin B,4.19
UMUC3,cytochalasin B,4.212
SW48,cytochalasin B,4.213
OV90,cytochalasin B,4.213
HEYA8,cytochalasin B,4.216
A549,cytochalasin B,4.246
NOMO1,cytochalasin B,4.255
THP1,cytochalasin B,4.262
NCIH23,cytochalasin B,4.269
OV7,cytochalasin B,4.279
U2OS,cytochalasin B,4.282
DMS273,cytochalasin B,4.295
LS513,cytochalasin B,4.301
OVK18,cytochalasin B,4.305
NCIH2122,cytochalasin B,4.309
NCIH1568,cytochalasin B,4.32
SNGM,cytochalasin B,4.329
SW403,cytochalasin B,4.333
HPAC,cytochalasin B,4.336
JHOC5,cytochalasin B,4.359
SNU1040,cytochalasin B,4.359
KYSE410,cytochalasin B,4.365
NCIH810,cytochalasin B,4.367
MCF7,cytochalasin B,4.378
KU812,cytochalasin B,4.392
SF295,cytochalasin B,4.442
NCIH1666,cytochalasin B,4.444
COLO205,cytochalasin B,4.455
G401,cytochalasin B,4.457
OVKATE,cytochalasin B,4.469
NCIH1355,cytochalasin B,4.532
NCIH522,cytochalasin B,4.535
NCIH1836,cytochalasin B,4.545
RPMI8226,cytochalasin B,4.556
NCIH1876,cytochalasin B,4.558
LOVO,cytochalasin B,4.56
NCIH82,cytochalasin B,4.599
PC3,cytochalasin B,4.605
LCLC97TM1,cytochalasin B,4.607
NCIH1975,cytochalasin B,4.619
RCM1,cytochalasin B,4.62
CORL23,cytochalasin B,4.633
HCC2935,cytochalasin B,4.666
OCILY10,cytochalasin B,4.666
COV362,cytochalasin B,4.674
CAOV3,cytochalasin B,4.693
LN229,cytochalasin B,4.746
KM12,cytochalasin B,4.752
KLE,cytochalasin B,4.767
HS936T,cytochalasin B,4.79
RCC10RGB,cytochalasin B,4.81
HEC6,cytochalasin B,4.811
NCIH2030,cytochalasin B,4.838
SKLU1,cytochalasin B,4.838
T3M10,cytochalasin B,4.854
NCIH661,cytochalasin B,4.863
SKCO1,cytochalasin B,4.866
CL40,cytochalasin B,4.906
WSUDLCL2,cytochalasin B,4.925
KYSE140,cytochalasin B,4.927
HARA,cytochalasin B,4.929
A2780,cytochalasin B,4.942
AMO1,cytochalasin B,4.962
SNUC5,cytochalasin B,4.989
NCIH1792,cytochalasin B,5.003
SW620,cytochalasin B,5.006
HCT116,cytochalasin B,5.018
NCIH2052,cytochalasin B,5.024
GAMG,cytochalasin B,5.026
NCIH2110,cytochalasin B,5.029
COV644,cytochalasin B,5.034
PANC1005,cytochalasin B,5.099
HSC2,cytochalasin B,5.12
SKMEL28,cytochalasin B,5.145
COV434,cytochalasin B,5.16
SCLC21H,cytochalasin B,5.163
HT,cytochalasin B,5.17
A375,cytochalasin B,5.176
C2BBE1,cytochalasin B,5.184
EFO27,cytochalasin B,5.19
HCT8,cytochalasin B,5.199
IGROV1,cytochalasin B,5.209
KMBC2,cytochalasin B,5.224
COLO678,cytochalasin B,5.236
HEC265,cytochalasin B,5.239
ISHIKAWAHERAKLIO02ER,cytochalasin B,5.255
HT55,cytochalasin B,5.262
EPLC272H,cytochalasin B,5.29
EJM,cytochalasin B,5.307
NCIH358,cytochalasin B,5.308
NCIH1373,cytochalasin B,5.311
LC1SQSF,cytochalasin B,5.32
VMRCRCW,cytochalasin B,5.321
SCC9,cytochalasin B,5.323
KP3,cytochalasin B,5.342
NCIH727,cytochalasin B,5.344
BEN,cytochalasin B,5.362
CAL12T,cytochalasin B,5.371
NCIH1793,cytochalasin B,5.378
NCIH1781,cytochalasin B,5.382
NCIH1694,cytochalasin B,5.391
SKMEL1,cytochalasin B,5.414
NCIH441,cytochalasin B,5.417
NCIH2172,cytochalasin B,5.43
SNU840,cytochalasin B,5.465
LCLC103H,cytochalasin B,5.465
HCC827,cytochalasin B,5.478
SNU61,cytochalasin B,5.495
RT4,cytochalasin B,5.5
NCIH2023,cytochalasin B,5.501
HCC1195,cytochalasin B,5.513
PATU8902,cytochalasin B,5.518
MFE319,cytochalasin B,5.545
KYSE450,cytochalasin B,5.546
SKOV3,cytochalasin B,5.547
LP1,cytochalasin B,5.566
CFPAC1,cytochalasin B,5.609
CHAGOK1,cytochalasin B,5.614
LS123,cytochalasin B,5.644
G361,cytochalasin B,5.646
RERFLCKJ,cytochalasin B,5.646
OAW42,cytochalasin B,5.659
NCIH1915,cytochalasin B,5.687
SQ1,cytochalasin B,5.691
COV318,cytochalasin B,5.696
CW2,cytochalasin B,5.705
FU97,cytochalasin B,5.71
SH10TC,cytochalasin B,5.774
SW480,cytochalasin B,5.779
CALU6,cytochalasin B,5.78
JHH6,cytochalasin B,5.791
HT29,cytochalasin B,5.815
SNUC2A,cytochalasin B,5.831
HEC108,cytochalasin B,5.84
RKO,cytochalasin B,5.845
HCC1833,cytochalasin B,5.849
HCC33,cytochalasin B,5.872
KE97,cytochalasin B,5.877
NCIH1437,cytochalasin B,5.878
HS944T,cytochalasin B,5.894
OVMANA,cytochalasin B,5.921
NCIH2405,cytochalasin B,5.954
NUGC4,cytochalasin B,6.005
NCIH1573,cytochalasin B,6.047
NCIH1435,cytochalasin B,6.061
JHOS4,cytochalasin B,6.099
COLO741,cytochalasin B,6.109
QGP1,cytochalasin B,6.128
P3HR1,cytochalasin B,6.151
DV90,cytochalasin B,6.163
CAPAN2,cytochalasin B,6.205
LS411N,cytochalasin B,6.218
HEPG2,cytochalasin B,6.226
NCIH460,cytochalasin B,6.23
EFO21,cytochalasin B,6.241
NCIH2342,cytochalasin B,6.307
HT1376,cytochalasin B,6.308
SUIT2,cytochalasin B,6.309
MKN7,cytochalasin B,6.314
SKMEL5,cytochalasin B,6.339
HCC1359,cytochalasin B,6.385
NCIH2029,cytochalasin B,6.396
NCIH650,cytochalasin B,6.422
MKN74,cytochalasin B,6.431
NUDUL1,cytochalasin B,6.449
COLO668,cytochalasin B,6.499
LU65,cytochalasin B,6.51
HEC251,cytochalasin B,6.512
NCIH2141,cytochalasin B,6.781
KNS62,cytochalasin B,6.937
HEC59,cytochalasin B,6.984
CORL88,cytochalasin B,7.311
CALU3,cytochalasin B,7.363
NCIH2126,cytochalasin B,7.642
NCIH1105,cytochalasin B,8.154
NCIH1568,DC-45-A2,0.413
SW48,DC-45-A2,0.451
CORL279,DC-45-A2,0.516
LS513,DC-45-A2,0.598
KU812,DC-45-A2,0.638
OVKATE,DC-45-A2,0.697
LU99,DC-45-A2,0.765
HEC151,DC-45-A2,0.777
MC116,DC-45-A2,0.839
NCIH1048,DC-45-A2,0.843
MSTO211H,DC-45-A2,0.874
G401,DC-45-A2,0.892
SCLC21H,DC-45-A2,0.935
KE97,DC-45-A2,0.952
KMS11,DC-45-A2,0.954
NCIH23,DC-45-A2,0.969
NCIH1963,DC-45-A2,1.01
NCIH82,DC-45-A2,1.167
HT,DC-45-A2,1.18
LS180,DC-45-A2,1.202
HCC33,DC-45-A2,1.224
GP2D,DC-45-A2,1.234
BL70,DC-45-A2,1.251
SNU175,DC-45-A2,1.256
OVCAR8,DC-45-A2,1.342
NCIH1944,DC-45-A2,1.356
A2780,DC-45-A2,1.41
NCIH522,DC-45-A2,1.415
NCIH1975,DC-45-A2,1.477
SHP77,DC-45-A2,1.486
G361,DC-45-A2,1.49
OVCAR4,DC-45-A2,1.529
VMRCLCD,DC-45-A2,1.534
NCIH1437,DC-45-A2,1.614
SKCO1,DC-45-A2,1.642
HARA,DC-45-A2,1.674
LC1SQSF,DC-45-A2,1.681
COLO741,DC-45-A2,1.685
HSC2,DC-45-A2,1.745
SUDHL5,DC-45-A2,1.755
COLO205,DC-45-A2,1.787
AGS,DC-45-A2,1.831
COLO668,DC-45-A2,1.835
HCC78,DC-45-A2,1.85
HEC265,DC-45-A2,1.851
KNS62,DC-45-A2,1.865
NCIH1105,DC-45-A2,1.876
NCIH2029,DC-45-A2,1.881
NCIH810,DC-45-A2,1.925
NCIH1876,DC-45-A2,1.977
DMS273,DC-45-A2,2.015
SNU398,DC-45-A2,2.029
NCIH2126,DC-45-A2,2.048
5637,DC-45-A2,2.065
NCIH1299,DC-45-A2,2.074
NCIH1373,DC-45-A2,2.081
HEYA8,DC-45-A2,2.123
JHUEM2,DC-45-A2,2.195
EPLC272H,DC-45-A2,2.197
NCIH1666,DC-45-A2,2.205
NCIH2009,DC-45-A2,2.216
HT1376,DC-45-A2,2.255
RT4,DC-45-A2,2.265
NCIH1930,DC-45-A2,2.27
NCIH358,DC-45-A2,2.271
NCIH2286,DC-45-A2,2.299
P3HR1,DC-45-A2,2.32
CORL88,DC-45-A2,2.351
NCIH661,DC-45-A2,2.368
HEC6,DC-45-A2,2.408
A549,DC-45-A2,2.415
EBC1,DC-45-A2,2.436
LS411N,DC-45-A2,2.464
DLD1,DC-45-A2,2.485
NCIH1792,DC-45-A2,2.495
PANC1005,DC-45-A2,2.498
NCIH650,DC-45-A2,2.506
NUDUL1,DC-45-A2,2.536
SKM1,DC-45-A2,2.559
LCLC103H,DC-45-A2,2.573
CHAGOK1,DC-45-A2,2.574
AMO1,DC-45-A2,2.581
HS944T,DC-45-A2,2.589
NCIH1573,DC-45-A2,2.593
HCC44,DC-45-A2,2.622
SUIT2,DC-45-A2,2.626
IGROV1,DC-45-A2,2.667
NCIH1694,DC-45-A2,2.706
LXF289,DC-45-A2,2.716
KYSE140,DC-45-A2,2.716
KLE,DC-45-A2,2.766
NCIH727,DC-45-A2,2.788
KP3,DC-45-A2,2.861
UMUC3,DC-45-A2,2.878
RKN,DC-45-A2,2.885
HUPT4,DC-45-A2,2.928
NCIH1793,DC-45-A2,2.942
SF295,DC-45-A2,2.958
JHOC5,DC-45-A2,2.966
CAPAN2,DC-45-A2,3
KYSE450,DC-45-A2,3.015
NUGC4,DC-45-A2,3.027
PC3,DC-45-A2,3.033
OCIAML3,DC-45-A2,3.034
NCIH28,DC-45-A2,3.035
HEC108,DC-45-A2,3.041
CORL51,DC-45-A2,3.116
COV434,DC-45-A2,3.124
LP1,DC-45-A2,3.163
ISHIKAWAHERAKLIO02ER,DC-45-A2,3.172
OVK18,DC-45-A2,3.172
LCLC97TM1,DC-45-A2,3.186
CFPAC1,DC-45-A2,3.202
FU97,DC-45-A2,3.232
NCIH1435,DC-45-A2,3.259
KMBC2,DC-45-A2,3.284
HPAC,DC-45-A2,3.336
MFE319,DC-45-A2,3.361
SH10TC,DC-45-A2,3.371
HEC251,DC-45-A2,3.408
QGP1,DC-45-A2,3.433
C2BBE1,DC-45-A2,3.444
VMRCRCW,DC-45-A2,3.467
NCIH2141,DC-45-A2,3.476
CALU6,DC-45-A2,3.494
LU65,DC-45-A2,3.563
OVMANA,DC-45-A2,3.58
PANC0327,DC-45-A2,3.599
BEN,DC-45-A2,3.6
SKOV3,DC-45-A2,3.601
SNUC2A,DC-45-A2,3.615
NCIH2052,DC-45-A2,3.621
HS936T,DC-45-A2,3.642
NCIH2405,DC-45-A2,3.661
WSUDLCL2,DC-45-A2,3.668
HEC59,DC-45-A2,3.713
KYSE410,DC-45-A2,3.724
THP1,DC-45-A2,3.762
RERFLCKJ,DC-45-A2,3.784
NCIH1915,DC-45-A2,3.817
CALU3,DC-45-A2,4.005
SNGM,DC-45-A2,4.039
SNUC4,DC-45-A2,4.044
CW2,DC-45-A2,4.051
DV90,DC-45-A2,4.08
GDM1,DC-45-A2,4.183
EJM,DC-45-A2,4.209
SCC9,DC-45-A2,4.233
SNU81,DC-45-A2,4.242
PATU8902,DC-45-A2,4.357
HS852T,DC-45-A2,4.382
HCC1833,DC-45-A2,4.4
JHOS4,DC-45-A2,4.47
NCIH1355,DC-45-A2,4.538
NCIH2081,DC-45-A2,4.556
MKN7,DC-45-A2,4.564
MKN74,DC-45-A2,4.617
SNU449,DC-45-A2,4.637
SW403,DC-45-A2,4.652
NCIH1836,DC-45-A2,4.662
OCILY10,DC-45-A2,4.706
GAMG,DC-45-A2,4.947
NCIH2110,DC-45-A2,4.952
JHOM1,DC-45-A2,5.013
U2OS,DC-45-A2,5.075
NCIH841,DC-45-A2,5.146
COV318,DC-45-A2,5.164
NCIH596,DC-45-A2,5.212
PL21,DC-45-A2,5.251
MCF7,DC-45-A2,5.273
HCC2108,DC-45-A2,5.278
RCC10RGB,DC-45-A2,5.314
HCC1195,DC-45-A2,5.444
OAW42,DC-45-A2,5.526
MOLM16,DC-45-A2,5.53
HCC1359,DC-45-A2,5.534
SKLU1,DC-45-A2,5.566
COLO320,DC-45-A2,5.586
NCIH2023,DC-45-A2,5.603
NCIH1781,DC-45-A2,5.628
SNUC5,DC-45-A2,5.635
SUDHL4,DC-45-A2,5.646
RMUGS,DC-45-A2,5.649
KM12,DC-45-A2,5.653
LN229,DC-45-A2,5.696
COV362,DC-45-A2,5.739
NCIH3255,DC-45-A2,5.771
CAL12T,DC-45-A2,5.811
LOVO,DC-45-A2,5.813
CL40,DC-45-A2,5.854
JHH6,DC-45-A2,5.859
NCIH2342,DC-45-A2,5.899
RPMI8226,DC-45-A2,5.907
SNU61,DC-45-A2,5.913
NOMO1,DC-45-A2,5.919
NCIH1755,DC-45-A2,5.937
HCT116,DC-45-A2,5.973
SQ1,DC-45-A2,5.974
HCC4006,DC-45-A2,5.981
U937,DC-45-A2,6.005
CORL23,DC-45-A2,6.021
EFO27,DC-45-A2,6.024
HCC15,DC-45-A2,6.03
TYKNU,DC-45-A2,6.04
HCC827,DC-45-A2,6.046
HEPG2,DC-45-A2,6.048
NCIH2122,DC-45-A2,6.065
CAOV3,DC-45-A2,6.073
EFO21,DC-45-A2,6.093
NCIH2030,DC-45-A2,6.107
SKMEL1,DC-45-A2,6.114
RMGI,DC-45-A2,6.136
A375,DC-45-A2,6.146
SW948,DC-45-A2,6.181
SW480,DC-45-A2,6.261
HCC2935,DC-45-A2,6.263
SW620,DC-45-A2,6.278
COLO678,DC-45-A2,6.304
SNU1040,DC-45-A2,6.325
RCM1,DC-45-A2,6.327
HT1080,DC-45-A2,6.349
CL34,DC-45-A2,6.35
SKMEL5,DC-45-A2,6.358
HT55,DC-45-A2,6.389
NCIH441,DC-45-A2,6.391
OV90,DC-45-A2,6.391
SNU840,DC-45-A2,6.41
NCIH508,DC-45-A2,6.469
T3M10,DC-45-A2,6.518
NCIH2172,DC-45-A2,6.564
HT29,DC-45-A2,6.588
HCT8,DC-45-A2,6.597
COV644,DC-45-A2,6.634
HT115,DC-45-A2,6.641
RKO,DC-45-A2,6.649
NCIH460,DC-45-A2,6.686
OV7,DC-45-A2,6.766
SKMEL28,DC-45-A2,6.768
MDST8,DC-45-A2,6.799
LS123,DC-45-A2,6.815
SUDHL5,dexamethasone,0.223
OCILY10,dexamethasone,2.148
P3HR1,dexamethasone,2.621
BL70,dexamethasone,3.005
KE97,dexamethasone,3.037
KMS11,dexamethasone,3.229
RPMI8226,dexamethasone,3.392
LP1,dexamethasone,4.061
A549,dexamethasone,4.562
GDM1,dexamethasone,4.748
NCIH1944,dexamethasone,4.853
SNU1040,dexamethasone,4.888
SNU840,dexamethasone,4.975
NCIH2023,dexamethasone,5.013
NCIH1666,dexamethasone,5.079
SUDHL4,dexamethasone,5.095
WSUDLCL2,dexamethasone,5.119
NUDUL1,dexamethasone,5.203
NCIH1437,dexamethasone,5.242
COV644,dexamethasone,5.345
OCIAML3,dexamethasone,5.364
EBC1,dexamethasone,5.375
KP3,dexamethasone,5.475
SKM1,dexamethasone,5.558
KYSE450,dexamethasone,5.571
SKLU1,dexamethasone,5.662
MSTO211H,dexamethasone,5.718
MCF7,dexamethasone,5.753
RMUGS,dexamethasone,5.838
NOMO1,dexamethasone,5.86
NUGC4,dexamethasone,5.915
NCIH1573,dexamethasone,5.938
KYSE410,dexamethasone,5.943
HPAC,dexamethasone,5.99
CAPAN2,dexamethasone,5.991
HCC78,dexamethasone,5.992
NCIH596,dexamethasone,6.016
HCC1359,dexamethasone,6.027
LC1SQSF,dexamethasone,6.055
PANC0327,dexamethasone,6.106
HT,dexamethasone,6.148
HARA,dexamethasone,6.156
JHOS4,dexamethasone,6.179
NCIH82,dexamethasone,6.192
HUPT4,dexamethasone,6.205
DMS273,dexamethasone,6.212
5637,dexamethasone,6.215
CHAGOK1,dexamethasone,6.246
NCIH1568,dexamethasone,6.26
NCIH2405,dexamethasone,6.287
CAOV3,dexamethasone,6.301
NCIH1694,dexamethasone,6.325
EJM,dexamethasone,6.332
LN229,dexamethasone,6.334
KMBC2,dexamethasone,6.367
NCIH1792,dexamethasone,6.383
U937,dexamethasone,6.386
OVCAR8,dexamethasone,6.398
RMGI,dexamethasone,6.4
G401,dexamethasone,6.426
MFE319,dexamethasone,6.431
NCIH1930,dexamethasone,6.455
U2OS,dexamethasone,6.456
ISHIKAWAHERAKLIO02ER,dexamethasone,6.459
GAMG,dexamethasone,6.46
NCIH2122,dexamethasone,6.49
OVK18,dexamethasone,6.491
HT29,dexamethasone,6.499
SKMEL1,dexamethasone,6.51
NCIH1048,dexamethasone,6.511
RCC10RGB,dexamethasone,6.513
RERFLCKJ,dexamethasone,6.549
CFPAC1,dexamethasone,6.551
CAL12T,dexamethasone,6.553
SW48,dexamethasone,6.582
PC3,dexamethasone,6.583
JHUEM2,dexamethasone,6.585
NCIH2286,dexamethasone,6.587
KNS62,dexamethasone,6.594
HCC15,dexamethasone,6.603
HEC265,dexamethasone,6.611
SKMEL28,dexamethasone,6.628
RKO,dexamethasone,6.631
HEC151,dexamethasone,6.631
NCIH2030,dexamethasone,6.633
MKN7,dexamethasone,6.633
IGROV1,dexamethasone,6.65
HCC827,dexamethasone,6.654
UMUC3,dexamethasone,6.661
NCIH2052,dexamethasone,6.663
RT4,dexamethasone,6.665
SW403,dexamethasone,6.674
HCC44,dexamethasone,6.675
NCIH23,dexamethasone,6.679
SNU398,dexamethasone,6.686
LU65,dexamethasone,6.691
NCIH1793,dexamethasone,6.71
OVKATE,dexamethasone,6.732
THP1,dexamethasone,6.739
LS123,dexamethasone,6.743
MKN74,dexamethasone,6.743
SNU449,dexamethasone,6.745
HT1376,dexamethasone,6.749
NCIH28,dexamethasone,6.751
MDST8,dexamethasone,6.762
NCIH522,dexamethasone,6.764
NCIH841,dexamethasone,6.768
EPLC272H,dexamethasone,6.772
HEC59,dexamethasone,6.781
EFO27,dexamethasone,6.787
NCIH1755,dexamethasone,6.79
CW2,dexamethasone,6.793
HEYA8,dexamethasone,6.794
G361,dexamethasone,6.815
HS936T,dexamethasone,6.815
HEC251,dexamethasone,6.818
LOVO,dexamethasone,6.818
SCC9,dexamethasone,6.821
NCIH1105,dexamethasone,6.836
HT115,dexamethasone,6.842
KYSE140,dexamethasone,6.846
HT55,dexamethasone,6.867
KM12,dexamethasone,6.874
HCC33,dexamethasone,6.879
COLO320,dexamethasone,6.881
LCLC103H,dexamethasone,6.885
CORL88,dexamethasone,6.891
CL34,dexamethasone,6.892
A375,dexamethasone,6.893
CORL279,dexamethasone,6.893
SNUC4,dexamethasone,6.902
VMRCRCW,dexamethasone,6.904
HEPG2,dexamethasone,6.905
NCIH727,dexamethasone,6.907
OV7,dexamethasone,6.913
HCC2108,dexamethasone,6.913
SKOV3,dexamethasone,6.913
NCIH508,dexamethasone,6.914
COV318,dexamethasone,6.919
RCM1,dexamethasone,6.933
NCIH1836,dexamethasone,6.945
SNGM,dexamethasone,6.955
SNU61,dexamethasone,6.956
FU97,dexamethasone,6.957
SHP77,dexamethasone,6.976
HS852T,dexamethasone,6.989
COV434,dexamethasone,6.996
KLE,dexamethasone,7.001
SW620,dexamethasone,7.008
LS411N,dexamethasone,7.01
NCIH661,dexamethasone,7.018
NCIH1876,dexamethasone,7.036
DLD1,dexamethasone,7.036
OVCAR4,dexamethasone,7.045
SW480,dexamethasone,7.047
OVMANA,dexamethasone,7.053
NCIH460,dexamethasone,7.057
SUIT2,dexamethasone,7.059
NCIH1355,dexamethasone,7.061
NCIH1299,dexamethasone,7.071
SNU175,dexamethasone,7.071
HCT116,dexamethasone,7.074
PATU8902,dexamethasone,7.078
NCIH2342,dexamethasone,7.08
HCC4006,dexamethasone,7.083
C2BBE1,dexamethasone,7.085
HCT8,dexamethasone,7.088
COLO678,dexamethasone,7.094
NCIH1963,dexamethasone,7.1
SNUC5,dexamethasone,7.108
COLO205,dexamethasone,7.114
NCIH1373,dexamethasone,7.117
T3M10,dexamethasone,7.122
COLO741,dexamethasone,7.126
JHOC5,dexamethasone,7.128
SCLC21H,dexamethasone,7.129
CL40,dexamethasone,7.135
A2780,dexamethasone,7.138
DV90,dexamethasone,7.144
VMRCLCD,dexamethasone,7.155
HEC108,dexamethasone,7.159
NCIH1975,dexamethasone,7.181
TYKNU,dexamethasone,7.185
COLO668,dexamethasone,7.186
OAW42,dexamethasone,7.193
CALU6,dexamethasone,7.197
NCIH2172,dexamethasone,7.203
NCIH441,dexamethasone,7.206
HEC6,dexamethasone,7.207
SKCO1,dexamethasone,7.224
JHOM1,dexamethasone,7.226
NCIH2029,dexamethasone,7.237
RKN,dexamethasone,7.26
CORL23,dexamethasone,7.263
SH10TC,dexamethasone,7.266
EFO21,dexamethasone,7.293
OV90,dexamethasone,7.293
NCIH2126,dexamethasone,7.303
LS180,dexamethasone,7.304
NCIH1915,dexamethasone,7.307
SNUC2A,dexamethasone,7.314
SKMEL5,dexamethasone,7.335
LXF289,dexamethasone,7.369
NCIH2009,dexamethasone,7.375
NCIH810,dexamethasone,7.398
SQ1,dexamethasone,7.413
HCC2935,dexamethasone,7.439
SW948,dexamethasone,7.44
NCIH1435,dexamethasone,7.463
LU99,dexamethasone,7.485
CORL51,dexamethasone,7.491
HSC2,dexamethasone,7.494
BEN,dexamethasone,7.507
LS513,dexamethasone,7.526
NCIH2081,dexamethasone,7.568
SNU81,dexamethasone,7.573
CALU3,dexamethasone,7.61
HCC1195,dexamethasone,7.612
HCC1833,dexamethasone,7.653
COV362,dexamethasone,7.656
NCIH1781,dexamethasone,7.681
NCIH2141,dexamethasone,7.683
NCIH358,dexamethasone,7.688
NCIH650,dexamethasone,7.759
PL21,dexamethasone,7.76
GP2D,dexamethasone,7.77
MOLM16,dexamethasone,7.812
HS944T,dexamethasone,7.928
QGP1,dexamethasone,7.995
KU812,dexamethasone,8.06
AGS,dexamethasone,8.083
SF295,dexamethasone,8.207
NCIH3255,dexamethasone,8.243
HT1080,dexamethasone,8.306
MC116,dexamethasone,8.382
PANC1005,dexamethasone,8.434
LCLC97TM1,dexamethasone,9.09
NCIH2110,dexamethasone,9.213
AMO1,dexamethasone,9.246
JHH6,dexamethasone,10.525
SKM1,ELCPK,1.746
WSUDLCL2,ELCPK,1.946
KMS11,ELCPK,1.984
OCIAML3,ELCPK,2.338
NUDUL1,ELCPK,2.539
JHUEM2,ELCPK,2.579
NCIH1876,ELCPK,2.663
PL21,ELCPK,2.704
GDM1,ELCPK,2.785
A375,ELCPK,2.955
EJM,ELCPK,2.964
HEC151,ELCPK,2.976
AMO1,ELCPK,3.119
NCIH2122,ELCPK,3.151
NCIH841,ELCPK,3.154
U937,ELCPK,3.155
MOLM16,ELCPK,3.223
SNU175,ELCPK,3.24
OVCAR4,ELCPK,3.278
KM12,ELCPK,3.281
OVCAR8,ELCPK,3.303
HCC4006,ELCPK,3.304
HT115,ELCPK,3.352
RPMI8226,ELCPK,3.385
NCIH2081,ELCPK,3.412
NCIH596,ELCPK,3.422
OVKATE,ELCPK,3.514
SNU81,ELCPK,3.523
RKO,ELCPK,3.528
LOVO,ELCPK,3.568
NOMO1,ELCPK,3.64
SUDHL5,ELCPK,3.667
HCT116,ELCPK,3.7
RMUGS,ELCPK,3.705
HT1080,ELCPK,3.748
LS180,ELCPK,3.801
NCIH1694,ELCPK,3.851
SCLC21H,ELCPK,3.856
SNUC5,ELCPK,3.864
NCIH1836,ELCPK,3.874
NCIH1963,ELCPK,3.878
OVK18,ELCPK,4.011
THP1,ELCPK,4.043
JHOM1,ELCPK,4.051
AGS,ELCPK,4.068
NCIH508,ELCPK,4.106
NCIH2141,ELCPK,4.154
HCC2108,ELCPK,4.23
HCC15,ELCPK,4.246
A2780,ELCPK,4.278
SW948,ELCPK,4.286
MCF7,ELCPK,4.383
TYKNU,ELCPK,4.389
SNUC4,ELCPK,4.455
SKMEL1,ELCPK,4.47
RKN,ELCPK,4.503
SNU398,ELCPK,4.521
LN229,ELCPK,4.569
SNU61,ELCPK,4.598
COLO320,ELCPK,4.671
CL34,ELCPK,4.694
MDST8,ELCPK,4.714
SKMEL5,ELCPK,4.728
RMGI,ELCPK,4.731
LP1,ELCPK,4.738
CW2,ELCPK,4.752
SCC9,ELCPK,4.793
COV644,ELCPK,4.82
OV90,ELCPK,4.823
CAL12T,ELCPK,4.844
JHOC5,ELCPK,4.85
CAOV3,ELCPK,4.863
SNU1040,ELCPK,4.883
COV434,ELCPK,4.893
SUDHL4,ELCPK,4.95
NCIH1105,ELCPK,4.992
RCC10RGB,ELCPK,4.996
CORL23,ELCPK,5.001
NCIH3255,ELCPK,5.061
SW620,ELCPK,5.145
NCIH1781,ELCPK,5.189
HCC1359,ELCPK,5.194
NCIH1755,ELCPK,5.277
SKLU1,ELCPK,5.325
T3M10,ELCPK,5.329
COV362,ELCPK,5.331
SNU840,ELCPK,5.365
HCC827,ELCPK,5.443
CORL51,ELCPK,5.458
LS123,ELCPK,5.558
HCC1833,ELCPK,5.632
SQ1,ELCPK,5.678
NCIH441,ELCPK,5.693
IGROV1,ELCPK,5.704
NCIH2030,ELCPK,5.707
HCT8,ELCPK,5.724
CL40,ELCPK,5.84
NCIH2110,ELCPK,5.909
NCIH460,ELCPK,5.929
HCC2935,ELCPK,5.963
NCIH2342,ELCPK,5.973
SW480,ELCPK,5.978
NCIH2172,ELCPK,6.075
HT55,ELCPK,6.101
OAW42,ELCPK,6.135
EFO27,ELCPK,6.174
NCIH2023,ELCPK,6.223
RCM1,ELCPK,6.237
COLO678,ELCPK,6.265
HT29,ELCPK,6.283
HCC1195,ELCPK,6.303
OV7,ELCPK,6.312
OCILY10,ELCPK,6.347
HEPG2,ELCPK,7.135
SKMEL28,ELCPK,8.065
SUDHL5,erastin,1.276
LS123,erastin,1.82
WSUDLCL2,erastin,1.935
NUDUL1,erastin,2.055
OVK18,erastin,2.408
NCIH508,erastin,2.462
RKN,erastin,2.765
NCIH1963,erastin,2.777
GDM1,erastin,3.163
COV434,erastin,3.366
NCIH1694,erastin,3.599
RCC10RGB,erastin,3.662
SCLC21H,erastin,3.735
NCIH2081,erastin,3.753
MDST8,erastin,3.757
TYKNU,erastin,3.773
NCIH1876,erastin,3.846
HCC1359,erastin,4.16
SUDHL4,erastin,4.205
OVCAR4,erastin,4.268
SNU61,erastin,4.563
U937,erastin,4.624
OV7,erastin,4.628
COLO320,erastin,4.762
CORL51,erastin,4.829
NOMO1,erastin,4.99
SNU81,erastin,5.059
KM12,erastin,5.082
HCT116,erastin,5.114
JHOC5,erastin,5.168
NCIH1105,erastin,5.219
RMUGS,erastin,5.282
CORL23,erastin,5.284
CL40,erastin,5.36
PL21,erastin,5.427
KMS11,erastin,5.489
SW948,erastin,5.557
NCIH2141,erastin,5.653
HCC15,erastin,5.742
IGROV1,erastin,5.785
CW2,erastin,5.804
SNU840,erastin,5.849
NCIH3255,erastin,5.864
SNUC4,erastin,5.865
OVCAR8,erastin,5.876
SKM1,erastin,5.891
COLO678,erastin,5.907
HEC151,erastin,5.933
NCIH841,erastin,5.971
HCC4006,erastin,6.034
MCF7,erastin,6.05
SQ1,erastin,6.053
NCIH1836,erastin,6.073
OV90,erastin,6.09
A375,erastin,6.113
SNU175,erastin,6.164
NCIH2110,erastin,6.223
HEPG2,erastin,6.242
HCC827,erastin,6.31
EJM,erastin,6.36
CL34,erastin,6.386
EFO27,erastin,6.402
LP1,erastin,6.404
SNU1040,erastin,6.409
MOLM16,erastin,6.444
LN229,erastin,6.455
JHUEM2,erastin,6.473
OVKATE,erastin,6.478
NCIH2342,erastin,6.485
RMGI,erastin,6.501
SW480,erastin,6.502
COV644,erastin,6.549
RKO,erastin,6.563
SNUC5,erastin,6.569
RPMI8226,erastin,6.57
HT55,erastin,6.583
NCIH1781,erastin,6.585
A2780,erastin,6.586
HCC2935,erastin,6.691
NCIH2023,erastin,6.697
OCIAML3,erastin,6.731
THP1,erastin,6.741
NCIH2122,erastin,6.756
HT115,erastin,6.763
HT29,erastin,6.782
CAOV3,erastin,6.782
LOVO,erastin,6.812
HCT8,erastin,6.862
HCC2108,erastin,6.866
SKMEL1,erastin,6.883
RCM1,erastin,6.909
NCIH596,erastin,6.911
NCIH441,erastin,6.918
NCIH2172,erastin,6.931
JHOM1,erastin,6.945
HCC1195,erastin,6.96
SW620,erastin,6.962
NCIH1755,erastin,6.988
COV362,erastin,7.005
HT1080,erastin,7.018
NCIH2030,erastin,7.029
SNU398,erastin,7.057
OCILY10,erastin,7.148
LS180,erastin,7.149
NCIH460,erastin,7.175
HCC1833,erastin,7.204
SKMEL28,erastin,7.243
CAL12T,erastin,7.292
SKLU1,erastin,7.301
T3M10,erastin,7.319
AMO1,erastin,7.4
SCC9,erastin,7.49
OAW42,erastin,7.56
SKMEL5,erastin,7.62
AGS,erastin,8.189
SUDHL5,etoposide,0.159
NUDUL1,etoposide,0.324
SKM1,etoposide,0.365
WSUDLCL2,etoposide,1.033
NCIH1876,etoposide,1.131
U937,etoposide,1.14
NCIH1694,etoposide,1.187
JHUEM2,etoposide,1.285
SNU175,etoposide,1.316
THP1,etoposide,1.397
OCIAML3,etoposide,1.445
SUDHL4,etoposide,1.725
NCIH1963,etoposide,1.931
AGS,etoposide,2.019
NCIH596,etoposide,2.032
PL21,etoposide,2.144
OVCAR8,etoposide,2.195
OVK18,etoposide,2.204
NOMO1,etoposide,2.252
NCIH1105,etoposide,2.38
GDM1,etoposide,2.422
LS180,etoposide,2.759
NCIH2081,etoposide,2.76
NCIH2286,etoposide,2.789
OVKATE,etoposide,2.8
CL34,etoposide,2.82
CAOV3,etoposide,2.888
RPMI8226,etoposide,3.057
KLE,etoposide,3.138
SKLU1,etoposide,3.194
A2780,etoposide,3.248
COLO668,etoposide,3.28
BL70,etoposide,3.302
LOVO,etoposide,3.321
SNU81,etoposide,3.348
RKN,etoposide,3.376
LXF289,etoposide,3.47
EJM,etoposide,3.495
HEC151,etoposide,3.504
MOLM16,etoposide,3.529
HCC15,etoposide,3.569
NCIH1930,etoposide,3.646
JHOC5,etoposide,3.651
HT1080,etoposide,3.655
TYKNU,etoposide,3.681
A375,etoposide,3.734
KMS11,etoposide,3.754
SW948,etoposide,3.791
SNUC4,etoposide,3.902
SCC9,etoposide,4.061
KM12,etoposide,4.066
NCIH2141,etoposide,4.106
SCLC21H,etoposide,4.175
SNUC5,etoposide,4.187
ISHIKAWAHERAKLIO02ER,etoposide,4.198
HCT116,etoposide,4.226
CORL51,etoposide,4.26
AMO1,etoposide,4.324
OCILY10,etoposide,4.455
SKMEL1,etoposide,4.47
SNU398,etoposide,4.597
OV90,etoposide,4.613
COV434,etoposide,4.649
NCIH841,etoposide,4.667
NCIH1781,etoposide,4.823
NCIH2110,etoposide,4.869
GAMG,etoposide,4.915
RKO,etoposide,4.939
NCIH2030,etoposide,4.953
IGROV1,etoposide,4.968
NCIH460,etoposide,5.047
SW620,etoposide,5.059
EFO27,etoposide,5.154
HCC1195,etoposide,5.239
NCIH441,etoposide,5.249
NCIH2122,etoposide,5.253
SNU1040,etoposide,5.363
NCIH2023,etoposide,5.399
NCIH508,etoposide,5.405
HCC2108,etoposide,5.408
SNGM,etoposide,5.411
SKMEL5,etoposide,5.427
OV7,etoposide,5.439
LP1,etoposide,5.447
HT115,etoposide,5.476
RERFLCKJ,etoposide,5.484
MDST8,etoposide,5.488
PC3,etoposide,5.49
U2OS,etoposide,5.513
COV362,etoposide,5.522
JHOS4,etoposide,5.531
HS852T,etoposide,5.537
LN229,etoposide,5.557
RCM1,etoposide,5.567
HCC827,etoposide,5.595
NCIH3255,etoposide,5.6
PATU8902,etoposide,5.606
MCF7,etoposide,5.629
RMUGS,etoposide,5.641
HEC108,etoposide,5.704
JHOM1,etoposide,5.706
CL40,etoposide,5.801
HCC1833,etoposide,5.809
CW2,etoposide,5.826
NCIH2342,etoposide,5.886
HCC4006,etoposide,5.956
HT55,etoposide,5.999
NCIH1435,etoposide,6.062
CORL23,etoposide,6.074
SW480,etoposide,6.075
OAW42,etoposide,6.148
SNU61,etoposide,6.164
SNU840,etoposide,6.172
CAL12T,etoposide,6.177
OVMANA,etoposide,6.187
SQ1,etoposide,6.233
OVCAR4,etoposide,6.269
NCIH1755,etoposide,6.28
HCC2935,etoposide,6.309
HEC59,etoposide,6.374
COV318,etoposide,6.383
HEPG2,etoposide,6.397
T3M10,etoposide,6.457
SKMEL28,etoposide,6.457
COLO678,etoposide,6.489
RMGI,etoposide,6.539
LS123,etoposide,6.557
NCIH1915,etoposide,6.603
NCIH2172,etoposide,6.613
HCT8,etoposide,6.697
MKN74,etoposide,6.745
NCIH1836,etoposide,6.809
COLO320,etoposide,6.925
SNU449,etoposide,7.026
RCC10RGB,etoposide,7.392
HCC1359,etoposide,7.43
COV644,etoposide,7.501
HT29,etoposide,8.078
JHH6,etoposide,8.551
KE97,fatostatin,2.316
KU812,fatostatin,3.954
SW48,fatostatin,3.974
CHAGOK1,fatostatin,4.155
HEC151,fatostatin,4.274
NCIH82,fatostatin,4.301
HSC2,fatostatin,4.305
NCIH23,fatostatin,4.313
DMS273,fatostatin,4.459
NCIH1568,fatostatin,4.473
MFE319,fatostatin,4.479
U937,fatostatin,4.518
HEC265,fatostatin,4.547
CORL51,fatostatin,4.548
NCIH1666,fatostatin,4.628
LU99,fatostatin,4.644
G401,fatostatin,4.658
GP2D,fatostatin,4.671
SKM1,fatostatin,4.689
SNU398,fatostatin,4.703
NCIH1048,fatostatin,4.705
VMRCLCD,fatostatin,4.745
CALU6,fatostatin,4.757
NCIH810,fatostatin,4.789
5637,fatostatin,4.811
NCIH358,fatostatin,4.843
KYSE140,fatostatin,4.877
NCIH1944,fatostatin,4.887
CORL279,fatostatin,4.897
HT1376,fatostatin,4.908
KMS11,fatostatin,4.928
MSTO211H,fatostatin,4.963
HEYA8,fatostatin,4.979
HEC108,fatostatin,5.054
KNS62,fatostatin,5.06
EPLC272H,fatostatin,5.095
NCIH522,fatostatin,5.126
RT4,fatostatin,5.14
KYSE410,fatostatin,5.192
SNU175,fatostatin,5.193
NCIH1975,fatostatin,5.197
NUGC4,fatostatin,5.198
SKCO1,fatostatin,5.2
COLO205,fatostatin,5.206
BL70,fatostatin,5.225
HEC6,fatostatin,5.233
A549,fatostatin,5.234
HCC44,fatostatin,5.24
MOLM16,fatostatin,5.291
DLD1,fatostatin,5.298
NCIH1792,fatostatin,5.307
OVKATE,fatostatin,5.309
NCIH2126,fatostatin,5.312
JHUEM2,fatostatin,5.325
LS180,fatostatin,5.331
NCIH661,fatostatin,5.332
HCC78,fatostatin,5.337
HS936T,fatostatin,5.34
NCIH1355,fatostatin,5.361
CALU3,fatostatin,5.367
LS513,fatostatin,5.367
PL21,fatostatin,5.388
LC1SQSF,fatostatin,5.397
KYSE450,fatostatin,5.402
LS411N,fatostatin,5.413
JHOS4,fatostatin,5.433
HS944T,fatostatin,5.445
NCIH28,fatostatin,5.451
NCIH1373,fatostatin,5.457
NCIH1573,fatostatin,5.472
THP1,fatostatin,5.48
NCIH1793,fatostatin,5.516
ISHIKAWAHERAKLIO02ER,fatostatin,5.52
SHP77,fatostatin,5.526
PANC0327,fatostatin,5.534
COLO741,fatostatin,5.538
OCIAML3,fatostatin,5.542
HT,fatostatin,5.546
NCIH2029,fatostatin,5.563
KP3,fatostatin,5.564
SUIT2,fatostatin,5.57
HS852T,fatostatin,5.571
HUPT4,fatostatin,5.582
NCIH1437,fatostatin,5.588
QGP1,fatostatin,5.599
JHOC5,fatostatin,5.602
HARA,fatostatin,5.605
LCLC103H,fatostatin,5.632
RMUGS,fatostatin,5.646
OVCAR4,fatostatin,5.66
NOMO1,fatostatin,5.696
NCIH650,fatostatin,5.699
WSUDLCL2,fatostatin,5.701
NCIH508,fatostatin,5.719
EBC1,fatostatin,5.759
NCIH2009,fatostatin,5.761
NCIH1299,fatostatin,5.765
NCIH2286,fatostatin,5.766
HEC251,fatostatin,5.767
GDM1,fatostatin,5.8
LP1,fatostatin,5.813
LCLC97TM1,fatostatin,5.819
FU97,fatostatin,5.834
G361,fatostatin,5.847
NCIH1694,fatostatin,5.856
NCIH841,fatostatin,5.859
KM12,fatostatin,5.866
CFPAC1,fatostatin,5.906
PC3,fatostatin,5.909
RPMI8226,fatostatin,5.91
JHOM1,fatostatin,5.933
LU65,fatostatin,5.941
P3HR1,fatostatin,5.944
SKOV3,fatostatin,5.947
KMBC2,fatostatin,5.989
OVK18,fatostatin,5.99
EFO21,fatostatin,5.996
MKN74,fatostatin,6
NCIH1930,fatostatin,6.006
OCILY10,fatostatin,6.007
HCC33,fatostatin,6.009
NCIH1915,fatostatin,6.014
CAOV3,fatostatin,6.015
NCIH2052,fatostatin,6.02
SW403,fatostatin,6.032
CAPAN2,fatostatin,6.042
UMUC3,fatostatin,6.049
SNU840,fatostatin,6.059
CW2,fatostatin,6.068
MKN7,fatostatin,6.084
OVCAR8,fatostatin,6.089
LXF289,fatostatin,6.093
HCC15,fatostatin,6.096
NCIH727,fatostatin,6.099
SNUC2A,fatostatin,6.105
NCIH1876,fatostatin,6.108
RMGI,fatostatin,6.109
HPAC,fatostatin,6.132
LN229,fatostatin,6.141
SNU81,fatostatin,6.142
A375,fatostatin,6.144
KLE,fatostatin,6.15
NCIH2141,fatostatin,6.151
RKO,fatostatin,6.154
SKLU1,fatostatin,6.157
CORL88,fatostatin,6.164
SF295,fatostatin,6.195
COV434,fatostatin,6.22
SNGM,fatostatin,6.232
BEN,fatostatin,6.246
MCF7,fatostatin,6.248
VMRCRCW,fatostatin,6.266
SW620,fatostatin,6.268
SNUC4,fatostatin,6.281
SNUC5,fatostatin,6.305
C2BBE1,fatostatin,6.313
HCT116,fatostatin,6.324
SUDHL5,fatostatin,6.327
COLO668,fatostatin,6.33
PATU8902,fatostatin,6.36
OV90,fatostatin,6.365
NCIH2405,fatostatin,6.37
NCIH1435,fatostatin,6.377
SNU449,fatostatin,6.398
A2780,fatostatin,6.401
COV318,fatostatin,6.402
EFO27,fatostatin,6.408
PANC1005,fatostatin,6.409
NCIH2342,fatostatin,6.438
NCIH596,fatostatin,6.454
SH10TC,fatostatin,6.455
RERFLCKJ,fatostatin,6.459
SW948,fatostatin,6.471
IGROV1,fatostatin,6.474
GAMG,fatostatin,6.5
AGS,fatostatin,6.502
HEC59,fatostatin,6.502
NCIH3255,fatostatin,6.515
HCC827,fatostatin,6.541
RCM1,fatostatin,6.555
HCC4006,fatostatin,6.561
HCC1195,fatostatin,6.564
NCIH2110,fatostatin,6.59
NCIH2122,fatostatin,6.598
T3M10,fatostatin,6.605
U2OS,fatostatin,6.622
TYKNU,fatostatin,6.632
SW480,fatostatin,6.64
SCLC21H,fatostatin,6.658
NCIH2081,fatostatin,6.661
LOVO,fatostatin,6.665
JHH6,fatostatin,6.667
OVMANA,fatostatin,6.673
NCIH1836,fatostatin,6.678
NCIH1781,fatostatin,6.678
HT115,fatostatin,6.681
NCIH2172,fatostatin,6.694
SUDHL4,fatostatin,6.735
CAL12T,fatostatin,6.743
COV362,fatostatin,6.761
COLO678,fatostatin,6.769
NUDUL1,fatostatin,6.776
HCC2108,fatostatin,6.784
LS123,fatostatin,6.803
SKMEL1,fatostatin,6.811
OV7,fatostatin,6.818
SQ1,fatostatin,6.904
SNU61,fatostatin,6.94
RKN,fatostatin,6.951
HCC2935,fatostatin,7.008
COV644,fatostatin,7.022
NCIH1963,fatostatin,7.023
SKMEL5,fatostatin,7.026
NCIH2030,fatostatin,7.029
HT55,fatostatin,7.045
NCIH460,fatostatin,7.05
MDST8,fatostatin,7.077
EJM,fatostatin,7.085
NCIH441,fatostatin,7.089
DV90,fatostatin,7.158
HCC1833,fatostatin,7.181
SKMEL28,fatostatin,7.209
SCC9,fatostatin,7.218
RCC10RGB,fatostatin,7.221
SNU1040,fatostatin,7.221
MC116,fatostatin,7.238
NCIH2023,fatostatin,7.245
HT1080,fatostatin,7.305
COLO320,fatostatin,7.358
CL34,fatostatin,7.376
NCIH1755,fatostatin,7.395
HEPG2,fatostatin,7.402
HCT8,fatostatin,7.46
CL40,fatostatin,7.585
HT29,fatostatin,7.661
CORL23,fatostatin,7.697
NCIH1105,fatostatin,7.713
AMO1,fatostatin,7.903
OAW42,fatostatin,7.923
HCC1359,fatostatin,7.95
NOMO1,FK866,0.142
SKM1,FK866,0.221
NCIH2030,FK866,0.233
OVK18,FK866,0.299
CORL51,FK866,0.364
A2780,FK866,0.368
SUDHL5,FK866,0.377
JHUEM2,FK866,0.418
OCIAML3,FK866,0.447
U937,FK866,0.457
NUDUL1,FK866,0.503
NCIH2081,FK866,0.556
THP1,FK866,0.661
WSUDLCL2,FK866,0.731
GDM1,FK866,0.734
OVKATE,FK866,0.917
LS180,FK866,0.979
HT115,FK866,1.085
NCIH2141,FK866,1.219
SUDHL4,FK866,1.278
HCC1833,FK866,1.319
MOLM16,FK866,1.324
HCT8,FK866,1.35
SNU840,FK866,1.376
SCLC21H,FK866,1.434
LN229,FK866,1.549
CAL12T,FK866,1.625
NCIH841,FK866,1.667
IGROV1,FK866,1.788
A375,FK866,1.821
RPMI8226,FK866,1.902
NCIH1694,FK866,2.045
MDST8,FK866,2.057
HCC2108,FK866,2.125
LOVO,FK866,2.172
NCIH596,FK866,2.175
COV644,FK866,2.201
AMO1,FK866,2.26
NCIH1876,FK866,2.283
TYKNU,FK866,2.405
RCM1,FK866,2.445
NCIH1105,FK866,2.541
COV434,FK866,2.56
NCIH508,FK866,2.576
LP1,FK866,2.613
HT1080,FK866,2.614
COLO320,FK866,2.672
CL34,FK866,2.726
HT55,FK866,2.834
OAW42,FK866,2.847
OVCAR8,FK866,2.908
JHOC5,FK866,3.132
MCF7,FK866,3.197
OV7,FK866,3.364
NCIH1836,FK866,3.404
NCIH1963,FK866,3.449
OCILY10,FK866,3.551
LS123,FK866,3.713
HCC15,FK866,3.761
EFO27,FK866,3.84
HCC1359,FK866,4.039
RMUGS,FK866,4.335
HCC4006,FK866,4.345
HCC827,FK866,4.353
NCIH1755,FK866,4.365
RKN,FK866,4.424
SNUC5,FK866,4.469
PL21,FK866,4.537
RMGI,FK866,4.555
RKO,FK866,4.64
RCC10RGB,FK866,4.73
SKMEL5,FK866,4.808
SNU1040,FK866,4.865
SW620,FK866,5.005
CORL23,FK866,5.079
HEPG2,FK866,5.096
NCIH460,FK866,5.243
SCC9,FK866,5.265
SNU398,FK866,5.287
OVCAR4,FK866,5.558
OV90,FK866,5.726
SW480,FK866,5.729
HCC2935,FK866,6.024
NCIH2023,FK866,6.029
NCIH1781,FK866,6.108
NCIH2122,FK866,6.197
CAOV3,FK866,6.308
NCIH2342,FK866,6.329
T3M10,FK866,6.358
NCIH441,FK866,6.475
COLO678,FK866,6.475
CL40,FK866,6.509
SNU175,FK866,6.7
SNU81,FK866,6.839
SKMEL28,FK866,6.845
EJM,FK866,6.85
SNU61,FK866,6.883
KMS11,FK866,6.922
SKLU1,FK866,6.926
HEC151,FK866,6.929
HCT116,FK866,6.952
SKMEL1,FK866,7.044
NCIH2172,FK866,7.229
SW948,FK866,7.32
KM12,FK866,7.372
SQ1,FK866,7.461
COV362,FK866,7.463
JHOM1,FK866,7.531
CW2,FK866,7.541
NCIH2110,FK866,7.996
SNUC4,FK866,8.216
NCIH3255,FK866,8.304
HCC1195,FK866,8.383
HT29,FK866,8.509
AGS,FK866,9.075
SKM1,FQI-1,1.064
U937,FQI-1,1.12
NUDUL1,FQI-1,1.176
PL21,FQI-1,1.443
SUDHL5,FQI-1,1.562
GDM1,FQI-1,1.571
MOLM16,FQI-1,1.663
KMS11,FQI-1,1.879
JHUEM2,FQI-1,1.901
WSUDLCL2,FQI-1,1.922
HEC151,FQI-1,2.056
OCIAML3,FQI-1,2.16
RPMI8226,FQI-1,2.232
SNU175,FQI-1,2.368
SNUC4,FQI-1,2.382
RKO,FQI-1,2.42
NOMO1,FQI-1,2.472
NCIH2122,FQI-1,2.532
HT115,FQI-1,2.604
NCIH596,FQI-1,2.725
NCIH841,FQI-1,2.775
NCIH1876,FQI-1,2.783
A375,FQI-1,2.883
LS180,FQI-1,2.924
KM12,FQI-1,2.943
EJM,FQI-1,2.943
SW948,FQI-1,2.956
AMO1,FQI-1,3.011
LOVO,FQI-1,3.026
HCT116,FQI-1,3.045
SNU81,FQI-1,3.13
OVCAR8,FQI-1,3.21
OVCAR4,FQI-1,3.274
THP1,FQI-1,3.289
HCC4006,FQI-1,3.335
SNUC5,FQI-1,3.366
OVK18,FQI-1,3.422
HT1080,FQI-1,3.437
NCIH508,FQI-1,3.443
RMUGS,FQI-1,3.523
SCLC21H,FQI-1,3.541
AGS,FQI-1,3.545
OVKATE,FQI-1,3.639
SNU398,FQI-1,3.645
NCIH1836,FQI-1,3.687
LN229,FQI-1,3.711
COLO320,FQI-1,3.741
NCIH2081,FQI-1,3.749
CW2,FQI-1,3.757
A2780,FQI-1,3.761
JHOM1,FQI-1,3.806
SUDHL4,FQI-1,3.825
CL34,FQI-1,3.877
MDST8,FQI-1,3.937
SW620,FQI-1,3.938
HCC15,FQI-1,3.976
TYKNU,FQI-1,3.978
NCIH1694,FQI-1,4.041
CAOV3,FQI-1,4.041
LP1,FQI-1,4.143
NCIH1963,FQI-1,4.19
HCC2108,FQI-1,4.204
MCF7,FQI-1,4.208
SNU61,FQI-1,4.218
OV90,FQI-1,4.268
NCIH1105,FQI-1,4.279
RMGI,FQI-1,4.326
RKN,FQI-1,4.377
SKMEL1,FQI-1,4.392
SNU1040,FQI-1,4.439
NCIH1781,FQI-1,4.45
SKMEL5,FQI-1,4.483
COV644,FQI-1,4.523
SW480,FQI-1,4.622
NCIH2141,FQI-1,4.717
T3M10,FQI-1,4.785
NCIH1755,FQI-1,4.804
HCC1359,FQI-1,4.826
COV434,FQI-1,4.86
SCC9,FQI-1,4.865
HCT8,FQI-1,4.873
CORL23,FQI-1,4.881
OCILY10,FQI-1,4.899
SKLU1,FQI-1,4.937
COV362,FQI-1,4.942
JHOC5,FQI-1,5.056
CAL12T,FQI-1,5.059
CORL51,FQI-1,5.13
HCC1833,FQI-1,5.133
NCIH2342,FQI-1,5.145
SNU840,FQI-1,5.157
NCIH2110,FQI-1,5.211
HCC827,FQI-1,5.211
RCM1,FQI-1,5.238
NCIH2030,FQI-1,5.266
NCIH3255,FQI-1,5.268
IGROV1,FQI-1,5.314
NCIH441,FQI-1,5.384
NCIH460,FQI-1,5.422
LS123,FQI-1,5.441
OAW42,FQI-1,5.468
CL40,FQI-1,5.485
EFO27,FQI-1,5.511
HT55,FQI-1,5.551
NCIH2172,FQI-1,5.575
HCC2935,FQI-1,5.747
OV7,FQI-1,6.021
SQ1,FQI-1,6.031
RCC10RGB,FQI-1,6.081
HT29,FQI-1,6.182
COLO678,FQI-1,6.194
HCC1195,FQI-1,6.238
NCIH2023,FQI-1,6.486
HEPG2,FQI-1,6.681
SKMEL28,FQI-1,7.668
SKM1,FQI-2,0.246
SUDHL5,FQI-2,0.358
NUDUL1,FQI-2,0.384
WSUDLCL2,FQI-2,0.465
PL21,FQI-2,0.588
KMS11,FQI-2,0.601
U937,FQI-2,0.618
OCIAML3,FQI-2,0.846
MOLM16,FQI-2,0.908
GDM1,FQI-2,0.966
NOMO1,FQI-2,1.048
SNU175,FQI-2,1.061
EJM,FQI-2,1.142
RKO,FQI-2,1.183
RPMI8226,FQI-2,1.285
SNUC4,FQI-2,1.302
NCIH841,FQI-2,1.343
NCIH2122,FQI-2,1.376
HT115,FQI-2,1.377
AMO1,FQI-2,1.384
JHUEM2,FQI-2,1.471
HEC151,FQI-2,1.504
AGS,FQI-2,1.541
NCIH596,FQI-2,1.582
OVCAR8,FQI-2,1.624
SW948,FQI-2,1.625
SUDHL4,FQI-2,1.627
SCLC21H,FQI-2,1.652
NCIH1876,FQI-2,1.671
KM12,FQI-2,1.673
HCT116,FQI-2,1.745
LS180,FQI-2,1.889
LOVO,FQI-2,1.892
A375,FQI-2,1.912
OVK18,FQI-2,1.963
NCIH508,FQI-2,2.007
SNU81,FQI-2,2.022
HT1080,FQI-2,2.045
SNUC5,FQI-2,2.065
NCIH1963,FQI-2,2.176
HCC4006,FQI-2,2.225
CL34,FQI-2,2.267
THP1,FQI-2,2.341
OVCAR4,FQI-2,2.391
NCIH1836,FQI-2,2.404
A2780,FQI-2,2.437
NCIH2081,FQI-2,2.452
OVKATE,FQI-2,2.539
HCC1359,FQI-2,2.692
CW2,FQI-2,2.807
NCIH1694,FQI-2,2.815
NCIH1781,FQI-2,2.872
SNU398,FQI-2,2.902
SNU61,FQI-2,2.908
HCC15,FQI-2,2.94
RKN,FQI-2,2.942
MDST8,FQI-2,2.972
LP1,FQI-2,2.985
TYKNU,FQI-2,3.007
JHOM1,FQI-2,3.061
CORL23,FQI-2,3.073
HCC2108,FQI-2,3.17
COLO320,FQI-2,3.18
SCC9,FQI-2,3.186
LN229,FQI-2,3.227
RMGI,FQI-2,3.23
MCF7,FQI-2,3.259
RMUGS,FQI-2,3.332
CAL12T,FQI-2,3.348
COV644,FQI-2,3.384
SNU1040,FQI-2,3.467
OV90,FQI-2,3.671
HCT8,FQI-2,3.689
CORL51,FQI-2,3.689
OCILY10,FQI-2,3.716
HCC1833,FQI-2,3.719
SW620,FQI-2,3.798
SKMEL5,FQI-2,3.837
CAOV3,FQI-2,3.869
CL40,FQI-2,3.945
COV434,FQI-2,3.963
COV362,FQI-2,3.976
SKMEL1,FQI-2,4.005
NCIH2141,FQI-2,4.076
NCIH1755,FQI-2,4.123
T3M10,FQI-2,4.189
NCIH1105,FQI-2,4.191
NCIH2030,FQI-2,4.191
RCC10RGB,FQI-2,4.203
OAW42,FQI-2,4.316
NCIH2342,FQI-2,4.41
JHOC5,FQI-2,4.46
HCC827,FQI-2,4.496
SW480,FQI-2,4.542
NCIH460,FQI-2,4.605
NCIH3255,FQI-2,4.616
NCIH2110,FQI-2,4.684
LS123,FQI-2,4.684
SQ1,FQI-2,4.703
NCIH441,FQI-2,4.783
HT55,FQI-2,4.785
NCIH2172,FQI-2,4.831
IGROV1,FQI-2,4.842
SNU840,FQI-2,4.85
EFO27,FQI-2,4.875
SKLU1,FQI-2,4.904
RCM1,FQI-2,4.923
HCC2935,FQI-2,5.106
HT29,FQI-2,5.128
OV7,FQI-2,5.79
HCC1195,FQI-2,5.843
HEPG2,FQI-2,5.999
NCIH2023,FQI-2,6.051
COLO678,FQI-2,6.424
SKMEL28,FQI-2,7.432
SUDHL5,fumagillol,2.607
OCIAML3,fumagillol,3.195
SNUC4,fumagillol,3.32
NCIH596,fumagillol,3.324
RCC10RGB,fumagillol,3.39
AGS,fumagillol,3.428
NCIH1963,fumagillol,3.57
GDM1,fumagillol,3.615
NUDUL1,fumagillol,3.708
SKM1,fumagillol,3.827
SCLC21H,fumagillol,3.849
NCIH2122,fumagillol,3.894
LS180,fumagillol,3.9
SNUC5,fumagillol,3.964
U937,fumagillol,3.978
OVK18,fumagillol,4.056
HCT116,fumagillol,4.074
COLO320,fumagillol,4.139
KM12,fumagillol,4.175
HEC151,fumagillol,4.19
SW948,fumagillol,4.228
SNU175,fumagillol,4.299
PL21,fumagillol,4.412
RMGI,fumagillol,4.417
SNU81,fumagillol,4.461
RPMI8226,fumagillol,4.569
JHUEM2,fumagillol,4.577
HCC15,fumagillol,4.579
CL40,fumagillol,4.603
CW2,fumagillol,4.648
NCIH508,fumagillol,4.782
SNU61,fumagillol,4.83
NCIH1836,fumagillol,4.831
OVCAR8,fumagillol,4.853
KMS11,fumagillol,4.909
NCIH1105,fumagillol,4.921
LOVO,fumagillol,4.921
THP1,fumagillol,4.989
OCILY10,fumagillol,4.993
SCC9,fumagillol,5.145
HT1080,fumagillol,5.157
HCT8,fumagillol,5.188
NCIH3255,fumagillol,5.194
WSUDLCL2,fumagillol,5.215
CAL12T,fumagillol,5.306
A375,fumagillol,5.333
HCC4006,fumagillol,5.353
SNU1040,fumagillol,5.365
HT55,fumagillol,5.378
SW620,fumagillol,5.397
NCIH2342,fumagillol,5.431
CL34,fumagillol,5.455
SUDHL4,fumagillol,5.464
OVKATE,fumagillol,5.481
HT115,fumagillol,5.504
CORL23,fumagillol,5.527
HCC827,fumagillol,5.598
OVCAR4,fumagillol,5.598
MCF7,fumagillol,5.67
NCIH441,fumagillol,5.723
HCC2935,fumagillol,5.736
JHOC5,fumagillol,5.742
COV362,fumagillol,5.744
SKMEL5,fumagillol,5.75
NOMO1,fumagillol,5.79
OV90,fumagillol,5.802
RMUGS,fumagillol,5.815
COV434,fumagillol,5.833
RKN,fumagillol,5.835
AMO1,fumagillol,5.841
MDST8,fumagillol,5.89
NCIH2110,fumagillol,5.952
HCC1833,fumagillol,5.996
EFO27,fumagillol,6.003
SNU840,fumagillol,6.007
SNU398,fumagillol,6.019
EJM,fumagillol,6.026
A2780,fumagillol,6.033
NCIH1755,fumagillol,6.035
NCIH1694,fumagillol,6.037
RKO,fumagillol,6.051
NCIH1781,fumagillol,6.089
SKLU1,fumagillol,6.136
COV644,fumagillol,6.178
NCIH1876,fumagillol,6.207
IGROV1,fumagillol,6.245
NCIH2023,fumagillol,6.254
LN229,fumagillol,6.289
SW480,fumagillol,6.292
TYKNU,fumagillol,6.295
NCIH841,fumagillol,6.309
RCM1,fumagillol,6.322
T3M10,fumagillol,6.326
HCC2108,fumagillol,6.346
JHOM1,fumagillol,6.353
CORL51,fumagillol,6.407
OV7,fumagillol,6.412
COLO678,fumagillol,6.439
LS123,fumagillol,6.482
SKMEL1,fumagillol,6.577
NCIH2172,fumagillol,6.585
HCC1195,fumagillol,6.629
NCIH460,fumagillol,6.845
NCIH2030,fumagillol,6.857
NCIH2081,fumagillol,6.868
MOLM16,fumagillol,6.902
HT29,fumagillol,7.133
HEPG2,fumagillol,7.169
SQ1,fumagillol,7.182
OAW42,fumagillol,7.267
HCC1359,fumagillol,7.294
CAOV3,fumagillol,7.458
SKMEL28,fumagillol,7.968
LP1,fumagillol,8.597
NCIH2141,fumagillol,9.082
OAW42,fumonisin B1,1.512
NOMO1,fumonisin B1,1.772
SUDHL5,fumonisin B1,1.824
MOLM16,fumonisin B1,1.969
GDM1,fumonisin B1,2.961
SNUC4,fumonisin B1,3.519
OCIAML3,fumonisin B1,3.933
SUDHL4,fumonisin B1,4.752
CL40,fumonisin B1,4.91
RMGI,fumonisin B1,5.137
PL21,fumonisin B1,5.162
T3M10,fumonisin B1,5.19
NUDUL1,fumonisin B1,5.244
LOVO,fumonisin B1,5.315
COLO320,fumonisin B1,5.356
SKM1,fumonisin B1,5.677
EJM,fumonisin B1,5.702
RMUGS,fumonisin B1,5.735
HT115,fumonisin B1,5.826
HCC15,fumonisin B1,5.84
THP1,fumonisin B1,5.843
SW948,fumonisin B1,5.888
OV90,fumonisin B1,5.914
JHOM1,fumonisin B1,5.914
SNU81,fumonisin B1,5.996
SNU840,fumonisin B1,6.155
OVK18,fumonisin B1,6.219
NCIH2172,fumonisin B1,6.221
SW620,fumonisin B1,6.286
LS123,fumonisin B1,6.352
OV7,fumonisin B1,6.367
COV434,fumonisin B1,6.387
NCIH841,fumonisin B1,6.391
COLO678,fumonisin B1,6.413
HCT8,fumonisin B1,6.486
COV644,fumonisin B1,6.509
JHOC5,fumonisin B1,6.514
SW480,fumonisin B1,6.523
SNU61,fumonisin B1,6.581
NCIH460,fumonisin B1,6.586
HCC827,fumonisin B1,6.609
NCIH1876,fumonisin B1,6.626
TYKNU,fumonisin B1,6.67
LN229,fumonisin B1,6.721
CW2,fumonisin B1,6.768
HT1080,fumonisin B1,6.78
HT55,fumonisin B1,6.78
NCIH1755,fumonisin B1,6.783
CAL12T,fumonisin B1,6.788
HCC4006,fumonisin B1,6.788
JHUEM2,fumonisin B1,6.81
HCT116,fumonisin B1,6.822
RCM1,fumonisin B1,6.822
NCIH1836,fumonisin B1,6.828
SQ1,fumonisin B1,6.845
HCC2935,fumonisin B1,6.879
HT29,fumonisin B1,6.884
NCIH441,fumonisin B1,6.901
HCC1195,fumonisin B1,6.923
HCC2108,fumonisin B1,6.942
MCF7,fumonisin B1,6.946
HCC1833,fumonisin B1,6.971
NCIH2110,fumonisin B1,6.983
NCIH596,fumonisin B1,7.051
NCIH2342,fumonisin B1,7.057
WSUDLCL2,fumonisin B1,7.07
SNU1040,fumonisin B1,7.107
RKO,fumonisin B1,7.115
SKMEL28,fumonisin B1,7.119
NCIH2023,fumonisin B1,7.132
CAOV3,fumonisin B1,7.136
EFO27,fumonisin B1,7.157
NCIH508,fumonisin B1,7.159
SKMEL5,fumonisin B1,7.192
SKMEL1,fumonisin B1,7.22
SKLU1,fumonisin B1,7.24
CL34,fumonisin B1,7.265
NCIH2122,fumonisin B1,7.311
KM12,fumonisin B1,7.326
SNUC5,fumonisin B1,7.335
MDST8,fumonisin B1,7.423
CORL23,fumonisin B1,7.428
HEPG2,fumonisin B1,7.465
NCIH2030,fumonisin B1,7.476
NCIH1694,fumonisin B1,7.522
NCIH2081,fumonisin B1,7.565
RPMI8226,fumonisin B1,7.571
NCIH3255,fumonisin B1,7.667
HCC1359,fumonisin B1,7.707
U937,fumonisin B1,7.877
SNU175,fumonisin B1,7.88
A375,fumonisin B1,7.998
NCIH1105,fumonisin B1,8.055
NCIH1781,fumonisin B1,8.128
COV362,fumonisin B1,8.257
NUDUL1,gemcitabine,0.282
WSUDLCL2,gemcitabine,0.438
THP1,gemcitabine,1.063
NOMO1,gemcitabine,1.099
OVCAR8,gemcitabine,1.283
SCLC21H,gemcitabine,1.324
SUDHL4,gemcitabine,1.431
CAOV3,gemcitabine,1.487
MOLM16,gemcitabine,1.647
SUDHL5,gemcitabine,1.651
EJM,gemcitabine,1.706
GDM1,gemcitabine,1.752
A375,gemcitabine,1.856
JHUEM2,gemcitabine,1.867
LS180,gemcitabine,1.953
U937,gemcitabine,2.175
OVK18,gemcitabine,2.201
NCIH1876,gemcitabine,2.482
PL21,gemcitabine,2.519
A2780,gemcitabine,2.757
HCT116,gemcitabine,2.776
TYKNU,gemcitabine,2.792
NCIH596,gemcitabine,2.805
SKM1,gemcitabine,2.837
LOVO,gemcitabine,3.073
CL34,gemcitabine,3.207
JHOC5,gemcitabine,3.239
RKO,gemcitabine,3.249
NCIH460,gemcitabine,3.594
NCIH1694,gemcitabine,3.625
NCIH2122,gemcitabine,3.702
HCC15,gemcitabine,3.783
CORL51,gemcitabine,3.811
HT1080,gemcitabine,3.831
OV90,gemcitabine,3.932
MDST8,gemcitabine,3.942
NCIH441,gemcitabine,4.256
NCIH1105,gemcitabine,4.353
RCM1,gemcitabine,4.396
OAW42,gemcitabine,4.421
HT55,gemcitabine,4.485
RCC10RGB,gemcitabine,4.56
SNU175,gemcitabine,4.562
RPMI8226,gemcitabine,4.568
IGROV1,gemcitabine,4.61
OCILY10,gemcitabine,4.634
HCT8,gemcitabine,4.666
CORL23,gemcitabine,4.765
NCIH841,gemcitabine,4.799
HT115,gemcitabine,4.864
RKN,gemcitabine,4.884
SKMEL5,gemcitabine,4.912
SW620,gemcitabine,4.92
COV434,gemcitabine,5.018
MCF7,gemcitabine,5.079
NCIH2141,gemcitabine,5.08
CAL12T,gemcitabine,5.081
NCIH2342,gemcitabine,5.099
HCC1833,gemcitabine,5.115
NCIH1755,gemcitabine,5.116
OVCAR4,gemcitabine,5.213
LP1,gemcitabine,5.26
HCC1359,gemcitabine,5.314
AGS,gemcitabine,5.337
NCIH508,gemcitabine,5.417
AMO1,gemcitabine,5.494
NCIH2023,gemcitabine,5.556
U2OS,gemcitabine,5.572
HCC4006,gemcitabine,5.573
SCC9,gemcitabine,5.585
HCC827,gemcitabine,5.684
HEPG2,gemcitabine,5.798
SW480,gemcitabine,5.802
OV7,gemcitabine,5.803
NCIH2081,gemcitabine,5.846
COV644,gemcitabine,5.865
SNUC5,gemcitabine,5.866
LN229,gemcitabine,5.883
SNU840,gemcitabine,5.922
RMGI,gemcitabine,5.975
T3M10,gemcitabine,5.981
KMS11,gemcitabine,6.001
HCC2935,gemcitabine,6.042
RMUGS,gemcitabine,6.047
SQ1,gemcitabine,6.07
SNUC4,gemcitabine,6.153
HEC151,gemcitabine,6.162
COV362,gemcitabine,6.189
HCC2108,gemcitabine,6.3
CL40,gemcitabine,6.311
NCIH1836,gemcitabine,6.374
KM12,gemcitabine,6.388
CW2,gemcitabine,6.414
NCIH1781,gemcitabine,6.42
OVKATE,gemcitabine,6.449
NCIH2030,gemcitabine,6.459
SNU398,gemcitabine,6.461
SNU61,gemcitabine,6.481
EFO27,gemcitabine,6.526
OCIAML3,gemcitabine,6.587
NCIH2172,gemcitabine,6.667
SW948,gemcitabine,6.737
NCIH1963,gemcitabine,6.741
COLO678,gemcitabine,6.811
SKLU1,gemcitabine,6.847
SKMEL1,gemcitabine,6.859
SNU1040,gemcitabine,6.868
LS123,gemcitabine,6.872
SNU81,gemcitabine,6.878
HT29,gemcitabine,6.916
HCC1195,gemcitabine,7
SKMEL28,gemcitabine,7.097
JHOM1,gemcitabine,7.157
NCIH2110,gemcitabine,7.722
NCIH3255,gemcitabine,9.044
A2780,GMX-1778,0.104
NOMO1,GMX-1778,0.107
OVK18,GMX-1778,0.269
OCIAML3,GMX-1778,0.276
BL70,GMX-1778,0.416
ISHIKAWAHERAKLIO02ER,GMX-1778,0.555
JHOS4,GMX-1778,0.58
GDM1,GMX-1778,0.582
CORL51,GMX-1778,0.675
NUDUL1,GMX-1778,0.714
NCIH2081,GMX-1778,0.747
HS852T,GMX-1778,0.763
SNU449,GMX-1778,0.871
JHUEM2,GMX-1778,0.901
LS180,GMX-1778,1.066
HCC1833,GMX-1778,1.3
PATU8902,GMX-1778,1.309
THP1,GMX-1778,1.401
SUDHL5,GMX-1778,1.411
SKM1,GMX-1778,1.463
PC3,GMX-1778,1.505
NCIH1930,GMX-1778,1.506
CAL12T,GMX-1778,1.561
OVKATE,GMX-1778,1.627
KLE,GMX-1778,1.733
SUDHL4,GMX-1778,1.869
MOLM16,GMX-1778,1.918
U937,GMX-1778,1.949
GAMG,GMX-1778,1.981
HT115,GMX-1778,1.986
HCT8,GMX-1778,2.054
SCLC21H,GMX-1778,2.081
COV434,GMX-1778,2.095
NCIH841,GMX-1778,2.106
NCIH2030,GMX-1778,2.186
NCIH2141,GMX-1778,2.239
NCIH1876,GMX-1778,2.37
SNU840,GMX-1778,2.379
WSUDLCL2,GMX-1778,2.428
HEC108,GMX-1778,2.439
A375,GMX-1778,2.472
U2OS,GMX-1778,2.556
HEC59,GMX-1778,2.65
OVCAR8,GMX-1778,2.661
NCIH2286,GMX-1778,2.792
SNGM,GMX-1778,2.8
COLO320,GMX-1778,2.823
IGROV1,GMX-1778,2.828
RERFLCKJ,GMX-1778,2.865
NCIH1105,GMX-1778,2.867
RCM1,GMX-1778,2.939
OVMANA,GMX-1778,2.954
HCC2108,GMX-1778,2.979
LN229,GMX-1778,2.989
JHOC5,GMX-1778,3.117
COLO668,GMX-1778,3.123
LOVO,GMX-1778,3.186
NCIH1963,GMX-1778,3.196
NCIH1435,GMX-1778,3.217
AMO1,GMX-1778,3.223
COV644,GMX-1778,3.241
MCF7,GMX-1778,3.38
OAW42,GMX-1778,3.392
PL21,GMX-1778,3.406
CL34,GMX-1778,3.5
NCIH1836,GMX-1778,3.553
HT55,GMX-1778,3.567
NCIH596,GMX-1778,3.587
RCC10RGB,GMX-1778,3.588
NCIH1694,GMX-1778,3.589
MKN74,GMX-1778,3.628
RPMI8226,GMX-1778,3.686
HT1080,GMX-1778,3.763
NCIH508,GMX-1778,3.792
EFO27,GMX-1778,3.843
RMUGS,GMX-1778,3.861
MDST8,GMX-1778,3.902
LS123,GMX-1778,3.996
RMGI,GMX-1778,4.039
OV7,GMX-1778,4.28
SW620,GMX-1778,4.306
COV318,GMX-1778,4.337
LXF289,GMX-1778,4.437
HCC4006,GMX-1778,4.528
LP1,GMX-1778,4.611
HEPG2,GMX-1778,4.66
SNUC5,GMX-1778,4.673
RKO,GMX-1778,4.697
TYKNU,GMX-1778,4.708
OV90,GMX-1778,4.793
SW480,GMX-1778,4.813
RKN,GMX-1778,5.004
NCIH1915,GMX-1778,5.055
SCC9,GMX-1778,5.081
CORL23,GMX-1778,5.196
SKMEL5,GMX-1778,5.245
SNU398,GMX-1778,5.364
HCC1359,GMX-1778,5.37
OCILY10,GMX-1778,5.405
HCC15,GMX-1778,5.419
HCC827,GMX-1778,5.791
T3M10,GMX-1778,5.816
CAOV3,GMX-1778,5.892
JHH6,GMX-1778,6.075
NCIH1755,GMX-1778,6.109
NCIH2342,GMX-1778,6.13
OVCAR4,GMX-1778,6.144
HCC2935,GMX-1778,6.171
SKLU1,GMX-1778,6.402
SNU1040,GMX-1778,6.519
SNU61,GMX-1778,6.537
NCIH1781,GMX-1778,6.547
EJM,GMX-1778,6.551
NCIH441,GMX-1778,6.648
SKMEL1,GMX-1778,6.701
KMS11,GMX-1778,6.725
NCIH460,GMX-1778,6.753
CL40,GMX-1778,6.851
NCIH2023,GMX-1778,6.875
AGS,GMX-1778,6.895
COLO678,GMX-1778,6.909
SW948,GMX-1778,6.914
SNU81,GMX-1778,6.971
NCIH2122,GMX-1778,7.016
COV362,GMX-1778,7.045
HCT116,GMX-1778,7.047
HEC151,GMX-1778,7.087
SQ1,GMX-1778,7.105
KM12,GMX-1778,7.108
SKMEL28,GMX-1778,7.159
NCIH2172,GMX-1778,7.191
HCC1195,GMX-1778,7.286
SNU175,GMX-1778,7.292
JHOM1,GMX-1778,7.472
CW2,GMX-1778,7.478
NCIH3255,GMX-1778,7.495
HT29,GMX-1778,7.782
NCIH2110,GMX-1778,7.86
SNUC4,GMX-1778,8.316
OVKATE,gossypol,1.781
SW620,gossypol,2.131
SKM1,gossypol,2.238
NCIH1568,gossypol,2.362
WSUDLCL2,gossypol,2.562
HEC151,gossypol,2.591
SW480,gossypol,2.649
THP1,gossypol,2.835
U937,gossypol,3.014
JHUEM2,gossypol,3.02
NUDUL1,gossypol,3.02
GDM1,gossypol,3.023
NCIH1930,gossypol,3.07
SUDHL5,gossypol,3.088
NCIH1963,gossypol,3.155
PL21,gossypol,3.245
NCIH1694,gossypol,3.335
MOLM16,gossypol,3.348
NCIH1048,gossypol,3.364
HT,gossypol,3.394
RPMI8226,gossypol,3.399
SNU398,gossypol,3.517
NCIH1573,gossypol,3.53
KMS11,gossypol,3.556
NCIH810,gossypol,3.642
NCIH28,gossypol,3.648
HEC108,gossypol,3.659
COV434,gossypol,3.715
NCIH82,gossypol,3.76
SNU175,gossypol,3.79
BL70,gossypol,3.8
VMRCLCD,gossypol,3.808
NCIH2029,gossypol,3.814
UMUC3,gossypol,3.821
SHP77,gossypol,3.833
NCIH23,gossypol,3.853
NCIH1666,gossypol,3.909
NCIH661,gossypol,3.924
RMUGS,gossypol,3.939
HCT116,gossypol,3.949
LS180,gossypol,3.979
OVK18,gossypol,3.98
LP1,gossypol,4.013
OVCAR8,gossypol,4.015
OVCAR4,gossypol,4.045
A549,gossypol,4.068
LS411N,gossypol,4.08
RT4,gossypol,4.091
SNUC5,gossypol,4.1
NOMO1,gossypol,4.128
HT1376,gossypol,4.128
SW48,gossypol,4.18
MSTO211H,gossypol,4.2
NCIH596,gossypol,4.219
SNUC4,gossypol,4.23
NCIH1944,gossypol,4.233
NCIH841,gossypol,4.246
LU65,gossypol,4.271
KP3,gossypol,4.291
RCM1,gossypol,4.294
NCIH1975,gossypol,4.3
HEC59,gossypol,4.328
COLO205,gossypol,4.36
NCIH1792,gossypol,4.369
NCIH2009,gossypol,4.38
NCIH2342,gossypol,4.399
LS513,gossypol,4.421
LOVO,gossypol,4.454
5637,gossypol,4.476
HEC6,gossypol,4.49
CAPAN2,gossypol,4.493
TYKNU,gossypol,4.497
G401,gossypol,4.512
KU812,gossypol,4.517
NCIH1836,gossypol,4.53
NCIH2122,gossypol,4.552
KMBC2,gossypol,4.586
HCC44,gossypol,4.587
OV90,gossypol,4.601
HEYA8,gossypol,4.615
LU99,gossypol,4.617
HCC2108,gossypol,4.628
FU97,gossypol,4.633
HT55,gossypol,4.649
SKCO1,gossypol,4.651
G361,gossypol,4.664
NCIH522,gossypol,4.669
IGROV1,gossypol,4.674
NCIH2286,gossypol,4.678
DLD1,gossypol,4.698
NCIH1373,gossypol,4.733
NCIH1437,gossypol,4.733
NCIH1355,gossypol,4.743
CORL279,gossypol,4.747
NCIH1299,gossypol,4.749
KM12,gossypol,4.753
KE97,gossypol,4.756
HARA,gossypol,4.771
DMS273,gossypol,4.771
A2780,gossypol,4.779
JHOC5,gossypol,4.783
LXF289,gossypol,4.79
CHAGOK1,gossypol,4.816
NCIH1435,gossypol,4.826
OCIAML3,gossypol,4.845
NCIH1876,gossypol,4.854
CW2,gossypol,4.876
SNU81,gossypol,4.897
KYSE140,gossypol,4.907
NCIH727,gossypol,4.923
SNU840,gossypol,4.927
MFE319,gossypol,4.93
HCC78,gossypol,4.939
MC116,gossypol,4.963
SNUC2A,gossypol,4.971
RMGI,gossypol,4.982
COLO741,gossypol,4.996
SKMEL28,gossypol,5.027
HCC1833,gossypol,5.031
COLO668,gossypol,5.071
HCC15,gossypol,5.076
CALU6,gossypol,5.098
MKN74,gossypol,5.099
LN229,gossypol,5.109
SF295,gossypol,5.11
KYSE450,gossypol,5.11
KYSE410,gossypol,5.123
GP2D,gossypol,5.152
HEC251,gossypol,5.152
SCLC21H,gossypol,5.156
SKMEL5,gossypol,5.176
KLE,gossypol,5.204
LC1SQSF,gossypol,5.217
ISHIKAWAHERAKLIO02ER,gossypol,5.225
LS123,gossypol,5.226
HSC2,gossypol,5.239
SNGM,gossypol,5.24
HPAC,gossypol,5.24
SNU449,gossypol,5.245
NCIH441,gossypol,5.25
SUDHL4,gossypol,5.26
NCIH3255,gossypol,5.28
HCC4006,gossypol,5.284
NCIH2405,gossypol,5.292
T3M10,gossypol,5.3
HCT8,gossypol,5.305
NCIH2052,gossypol,5.317
VMRCRCW,gossypol,5.331
HT1080,gossypol,5.337
MCF7,gossypol,5.34
HS944T,gossypol,5.341
SUIT2,gossypol,5.347
SNU1040,gossypol,5.36
HUPT4,gossypol,5.373
SW403,gossypol,5.404
NCIH358,gossypol,5.409
NCIH460,gossypol,5.409
P3HR1,gossypol,5.41
NCIH1793,gossypol,5.441
DV90,gossypol,5.449
CFPAC1,gossypol,5.451
HCC2935,gossypol,5.462
HEC265,gossypol,5.468
LCLC97TM1,gossypol,5.471
NCIH2141,gossypol,5.489
SW948,gossypol,5.519
MKN7,gossypol,5.522
COLO320,gossypol,5.523
SKOV3,gossypol,5.526
NUGC4,gossypol,5.551
JHOM1,gossypol,5.558
QGP1,gossypol,5.587
CALU3,gossypol,5.656
EBC1,gossypol,5.667
HCC33,gossypol,5.672
NCIH1755,gossypol,5.696
OV7,gossypol,5.706
A375,gossypol,5.738
LCLC103H,gossypol,5.768
RERFLCKJ,gossypol,5.787
NCIH2081,gossypol,5.802
PANC0327,gossypol,5.813
HCC827,gossypol,5.832
NCIH2023,gossypol,5.865
OVMANA,gossypol,5.873
HCC1195,gossypol,5.873
JHOS4,gossypol,5.88
KNS62,gossypol,5.89
CAOV3,gossypol,5.919
NCIH508,gossypol,5.922
PC3,gossypol,5.933
NCIH2030,gossypol,5.936
EJM,gossypol,5.942
CORL88,gossypol,5.945
SKLU1,gossypol,5.952
EPLC272H,gossypol,6.025
SNU61,gossypol,6.049
NCIH2110,gossypol,6.064
AMO1,gossypol,6.069
COV362,gossypol,6.08
HT115,gossypol,6.104
CAL12T,gossypol,6.167
NCIH1781,gossypol,6.174
BEN,gossypol,6.179
RKN,gossypol,6.187
C2BBE1,gossypol,6.226
RKO,gossypol,6.23
EFO27,gossypol,6.238
COV318,gossypol,6.265
HS936T,gossypol,6.289
COLO678,gossypol,6.298
CORL23,gossypol,6.305
SH10TC,gossypol,6.332
SCC9,gossypol,6.338
MDST8,gossypol,6.339
HS852T,gossypol,6.404
OAW42,gossypol,6.429
GAMG,gossypol,6.487
NCIH2172,gossypol,6.497
NCIH1915,gossypol,6.509
SKMEL1,gossypol,6.509
CORL51,gossypol,6.516
CL34,gossypol,6.525
RCC10RGB,gossypol,6.533
U2OS,gossypol,6.577
NCIH650,gossypol,6.599
COV644,gossypol,6.606
PATU8902,gossypol,6.611
AGS,gossypol,6.637
HEPG2,gossypol,6.646
OCILY10,gossypol,6.665
EFO21,gossypol,6.694
HT29,gossypol,6.695
SQ1,gossypol,6.853
PANC1005,gossypol,6.879
JHH6,gossypol,6.898
HCC1359,gossypol,6.92
NCIH2126,gossypol,7.091
CL40,gossypol,7.203
NCIH1105,gossypol,8.76
SCLC21H,GW-405833,1.724
NCIH1963,GW-405833,2.651
OCIAML3,GW-405833,2.832
LS180,GW-405833,2.923
NUDUL1,GW-405833,3.12
GDM1,GW-405833,3.198
T3M10,GW-405833,3.376
NCIH2342,GW-405833,3.396
COV434,GW-405833,3.486
PL21,GW-405833,3.531
THP1,GW-405833,3.554
NCIH1836,GW-405833,3.623
RMUGS,GW-405833,3.765
WSUDLCL2,GW-405833,3.773
U937,GW-405833,3.834
COLO320,GW-405833,3.863
LP1,GW-405833,3.911
NCIH1694,GW-405833,3.925
OVK18,GW-405833,3.929
OVCAR4,GW-405833,3.968
NCIH2081,GW-405833,3.974
NCIH596,GW-405833,3.985
HEC151,GW-405833,3.991
OVCAR8,GW-405833,3.999
NOMO1,GW-405833,4.056
KMS11,GW-405833,4.139
HCC2108,GW-405833,4.141
SKM1,GW-405833,4.216
MCF7,GW-405833,4.22
NCIH2122,GW-405833,4.278
SNUC4,GW-405833,4.28
NCIH1105,GW-405833,4.293
RPMI8226,GW-405833,4.307
SNU61,GW-405833,4.329
NCIH508,GW-405833,4.354
SKMEL5,GW-405833,4.429
OV90,GW-405833,4.429
A2780,GW-405833,4.448
RCM1,GW-405833,4.457
HT1080,GW-405833,4.471
SW480,GW-405833,4.477
SNU398,GW-405833,4.516
COLO678,GW-405833,4.534
NCIH1876,GW-405833,4.601
NCIH841,GW-405833,4.66
CW2,GW-405833,4.691
HCT116,GW-405833,4.719
JHUEM2,GW-405833,4.744
AMO1,GW-405833,4.753
CORL51,GW-405833,4.78
NCIH2110,GW-405833,4.791
SKLU1,GW-405833,4.812
HCC1833,GW-405833,4.825
HT55,GW-405833,4.826
NCIH1755,GW-405833,4.847
KM12,GW-405833,4.849
JHOM1,GW-405833,4.881
NCIH2141,GW-405833,4.886
OVKATE,GW-405833,4.906
TYKNU,GW-405833,4.924
LN229,GW-405833,4.931
RMGI,GW-405833,4.934
SW620,GW-405833,4.934
HCC2935,GW-405833,4.961
IGROV1,GW-405833,4.965
AGS,GW-405833,4.976
NCIH2023,GW-405833,5.031
SNU1040,GW-405833,5.033
HCC4006,GW-405833,5.034
HCC15,GW-405833,5.092
MOLM16,GW-405833,5.099
SUDHL5,GW-405833,5.102
CAL12T,GW-405833,5.138
LOVO,GW-405833,5.146
SNUC5,GW-405833,5.156
RKN,GW-405833,5.167
HT115,GW-405833,5.168
HCT8,GW-405833,5.176
JHOC5,GW-405833,5.194
NCIH441,GW-405833,5.195
SNU840,GW-405833,5.256
A375,GW-405833,5.276
CL34,GW-405833,5.373
NCIH2030,GW-405833,5.385
RKO,GW-405833,5.392
HCC1195,GW-405833,5.412
SNU81,GW-405833,5.422
MDST8,GW-405833,5.425
SUDHL4,GW-405833,5.425
NCIH2172,GW-405833,5.427
EJM,GW-405833,5.458
LS123,GW-405833,5.47
HT29,GW-405833,5.473
OCILY10,GW-405833,5.487
COV644,GW-405833,5.521
EFO27,GW-405833,5.533
NCIH3255,GW-405833,5.606
NCIH460,GW-405833,5.702
SQ1,GW-405833,5.778
HCC827,GW-405833,5.86
HEPG2,GW-405833,5.868
CAOV3,GW-405833,5.914
SKMEL1,GW-405833,5.958
OV7,GW-405833,5.962
SW948,GW-405833,5.981
CL40,GW-405833,5.981
NCIH1781,GW-405833,6.077
COV362,GW-405833,6.138
SNU175,GW-405833,6.172
SCC9,GW-405833,6.205
RCC10RGB,GW-405833,6.233
CORL23,GW-405833,6.668
HCC1359,GW-405833,6.688
SKMEL28,GW-405833,6.699
OAW42,GW-405833,7.131
U937,GW-843682X,0.09
SKM1,GW-843682X,0.141
WSUDLCL2,GW-843682X,0.175
PL21,GW-843682X,0.274
KU812,GW-843682X,0.405
NCIH82,GW-843682X,0.446
BL70,GW-843682X,0.459
KMS11,GW-843682X,0.488
NUDUL1,GW-843682X,0.543
SCLC21H,GW-843682X,0.556
OCIAML3,GW-843682X,0.58
OVCAR8,GW-843682X,0.603
GDM1,GW-843682X,0.668
SUDHL5,GW-843682X,0.876
KE97,GW-843682X,0.962
NCIH1963,GW-843682X,1.04
VMRCLCD,GW-843682X,1.053
MOLM16,GW-843682X,1.132
EJM,GW-843682X,1.207
HEC151,GW-843682X,1.219
SNUC4,GW-843682X,1.219
NCIH1694,GW-843682X,1.24
SNU175,GW-843682X,1.284
LS180,GW-843682X,1.328
RPMI8226,GW-843682X,1.529
RKN,GW-843682X,1.569
NCIH1048,GW-843682X,1.669
KM12,GW-843682X,1.687
SUDHL4,GW-843682X,1.731
MFE319,GW-843682X,1.764
5637,GW-843682X,1.78
CORL279,GW-843682X,1.827
LCLC97TM1,GW-843682X,1.874
ISHIKAWAHERAKLIO02ER,GW-843682X,1.958
HT,GW-843682X,1.965
SNU1040,GW-843682X,2.012
OVKATE,GW-843682X,2.046
NOMO1,GW-843682X,2.053
SNUC5,GW-843682X,2.057
HEC265,GW-843682X,2.062
NCIH1876,GW-843682X,2.067
A375,GW-843682X,2.13
NCIH810,GW-843682X,2.139
CALU6,GW-843682X,2.145
SW948,GW-843682X,2.145
AGS,GW-843682X,2.184
HT115,GW-843682X,2.251
DMS273,GW-843682X,2.255
MSTO211H,GW-843682X,2.264
LOVO,GW-843682X,2.328
P3HR1,GW-843682X,2.329
NCIH2122,GW-843682X,2.332
MC116,GW-843682X,2.368
AMO1,GW-843682X,2.403
RT4,GW-843682X,2.422
KNS62,GW-843682X,2.443
SNU398,GW-843682X,2.455
COLO668,GW-843682X,2.499
HSC2,GW-843682X,2.581
HCC15,GW-843682X,2.585
JHOM1,GW-843682X,2.605
THP1,GW-843682X,2.61
EPLC272H,GW-843682X,2.697
NCIH508,GW-843682X,2.715
HT1080,GW-843682X,2.771
NCIH841,GW-843682X,2.786
NCIH2286,GW-843682X,2.84
QGP1,GW-843682X,2.9
JHOS4,GW-843682X,2.931
HCC4006,GW-843682X,2.94
NCIH596,GW-843682X,2.961
RMUGS,GW-843682X,2.963
KYSE410,GW-843682X,2.992
SH10TC,GW-843682X,2.993
NCIH1836,GW-843682X,3.023
CAOV3,GW-843682X,3.11
SNGM,GW-843682X,3.117
NCIH1355,GW-843682X,3.131
COLO320,GW-843682X,3.191
CL34,GW-843682X,3.205
JHUEM2,GW-843682X,3.205
CW2,GW-843682X,3.221
HT55,GW-843682X,3.227
LXF289,GW-843682X,3.229
LN229,GW-843682X,3.287
A2780,GW-843682X,3.294
OVK18,GW-843682X,3.311
NCIH2081,GW-843682X,3.362
NCIH1299,GW-843682X,3.363
NCIH2030,GW-843682X,3.411
HCT116,GW-843682X,3.429
CORL88,GW-843682X,3.503
PANC0327,GW-843682X,3.574
HEC251,GW-843682X,3.63
KYSE450,GW-843682X,3.654
LP1,GW-843682X,3.676
KP3,GW-843682X,3.682
SNU81,GW-843682X,3.705
G401,GW-843682X,3.707
SUIT2,GW-843682X,3.746
GAMG,GW-843682X,3.831
CORL51,GW-843682X,3.848
NCIH2405,GW-843682X,3.907
NCIH1573,GW-843682X,3.927
NCIH2029,GW-843682X,3.935
SNUC2A,GW-843682X,3.947
IGROV1,GW-843682X,3.949
KYSE140,GW-843682X,3.953
KLE,GW-843682X,3.955
HUPT4,GW-843682X,4.013
TYKNU,GW-843682X,4.025
NCIH1666,GW-843682X,4.031
CHAGOK1,GW-843682X,4.041
CAL12T,GW-843682X,4.045
NCIH1105,GW-843682X,4.077
SKLU1,GW-843682X,4.1
NUGC4,GW-843682X,4.117
PC3,GW-843682X,4.165
NCIH650,GW-843682X,4.207
OV90,GW-843682X,4.216
OVCAR4,GW-843682X,4.229
SKMEL5,GW-843682X,4.24
HEC6,GW-843682X,4.257
HS944T,GW-843682X,4.27
SKMEL1,GW-843682X,4.287
SNU61,GW-843682X,4.29
RERFLCKJ,GW-843682X,4.34
HS852T,GW-843682X,4.359
UMUC3,GW-843682X,4.382
MCF7,GW-843682X,4.386
RCM1,GW-843682X,4.476
NCIH2110,GW-843682X,4.482
FU97,GW-843682X,4.487
HCC827,GW-843682X,4.491
HS936T,GW-843682X,4.494
SKOV3,GW-843682X,4.502
G361,GW-843682X,4.503
RKO,GW-843682X,4.594
NCIH2141,GW-843682X,4.63
HT1376,GW-843682X,4.636
RMGI,GW-843682X,4.653
COV434,GW-843682X,4.672
SF295,GW-843682X,4.686
NCIH3255,GW-843682X,4.703
OAW42,GW-843682X,4.711
HEYA8,GW-843682X,4.717
NCIH1930,GW-843682X,4.732
HCC1359,GW-843682X,4.751
HEC59,GW-843682X,4.772
CL40,GW-843682X,4.772
NCIH1915,GW-843682X,4.816
NCIH460,GW-843682X,4.851
VMRCRCW,GW-843682X,4.899
HCC2108,GW-843682X,4.95
MKN74,GW-843682X,4.99
NCIH1755,GW-843682X,4.996
PATU8902,GW-843682X,5.015
SCC9,GW-843682X,5.034
NCIH2172,GW-843682X,5.046
OCILY10,GW-843682X,5.073
NCIH1781,GW-843682X,5.077
CALU3,GW-843682X,5.08
SW403,GW-843682X,5.112
HCT8,GW-843682X,5.137
CORL23,GW-843682X,5.141
HEC108,GW-843682X,5.151
SNU840,GW-843682X,5.152
SW620,GW-843682X,5.158
EFO27,GW-843682X,5.218
JHOC5,GW-843682X,5.237
MDST8,GW-843682X,5.398
NCIH1435,GW-843682X,5.493
KMBC2,GW-843682X,5.592
U2OS,GW-843682X,5.662
EFO21,GW-843682X,5.696
T3M10,GW-843682X,5.717
NCIH2023,GW-843682X,5.732
COV318,GW-843682X,5.843
RCC10RGB,GW-843682X,5.869
COV644,GW-843682X,5.872
SW480,GW-843682X,5.929
NCIH2052,GW-843682X,5.947
SQ1,GW-843682X,6.052
COV362,GW-843682X,6.067
LS123,GW-843682X,6.194
HCC1833,GW-843682X,6.212
HEPG2,GW-843682X,6.214
SNU449,GW-843682X,6.231
HCC1195,GW-843682X,6.237
COLO678,GW-843682X,6.251
MKN7,GW-843682X,6.322
NCIH2342,GW-843682X,6.343
OV7,GW-843682X,6.412
CAPAN2,GW-843682X,6.431
OVMANA,GW-843682X,6.487
HT29,GW-843682X,6.558
HCC2935,GW-843682X,6.812
NCIH441,GW-843682X,7.045
JHH6,GW-843682X,7.302
SKMEL28,GW-843682X,7.385
NUDUL1,idarubicin,0.542
SUDHL5,idarubicin,0.649
JHUEM2,idarubicin,1.043
SNU175,idarubicin,1.978
AGS,idarubicin,2.07
OVCAR8,idarubicin,2.308
SKM1,idarubicin,2.572
HEC151,idarubicin,2.865
NCIH1963,idarubicin,3.223
OVKATE,idarubicin,3.252
NOMO1,idarubicin,3.281
SNUC4,idarubicin,3.293
WSUDLCL2,idarubicin,3.346
COV434,idarubicin,3.387
OCIAML3,idarubicin,3.453
A2780,idarubicin,3.511
KLE,idarubicin,3.527
KMS11,idarubicin,3.529
A375,idarubicin,3.537
LS180,idarubicin,3.542
THP1,idarubicin,3.63
LXF289,idarubicin,3.636
NCIH596,idarubicin,3.695
CL34,idarubicin,3.931
NCIH2286,idarubicin,4
BL70,idarubicin,4.007
JHOC5,idarubicin,4.066
SW948,idarubicin,4.106
KM12,idarubicin,4.128
SCLC21H,idarubicin,4.152
SNU81,idarubicin,4.214
GDM1,idarubicin,4.338
NCIH1930,idarubicin,4.542
GAMG,idarubicin,4.605
SNUC5,idarubicin,4.628
OVK18,idarubicin,4.677
ISHIKAWAHERAKLIO02ER,idarubicin,4.702
OVCAR4,idarubicin,4.775
SKLU1,idarubicin,4.783
PL21,idarubicin,4.791
AMO1,idarubicin,4.809
HT115,idarubicin,4.903
U937,idarubicin,5.043
TYKNU,idarubicin,5.058
NCIH460,idarubicin,5.058
PC3,idarubicin,5.067
LOVO,idarubicin,5.094
JHOS4,idarubicin,5.155
HCC15,idarubicin,5.284
CL40,idarubicin,5.293
NCIH2110,idarubicin,5.298
CW2,idarubicin,5.394
COLO668,idarubicin,5.398
NCIH1781,idarubicin,5.508
LN229,idarubicin,5.53
IGROV1,idarubicin,5.586
SNGM,idarubicin,5.619
PATU8902,idarubicin,5.659
SUDHL4,idarubicin,5.664
HT1080,idarubicin,5.666
NCIH2122,idarubicin,5.702
HS852T,idarubicin,5.758
HEC108,idarubicin,5.776
COV362,idarubicin,5.784
OCILY10,idarubicin,5.811
HCT116,idarubicin,5.832
NCIH508,idarubicin,5.836
OVMANA,idarubicin,5.848
RPMI8226,idarubicin,5.861
RKO,idarubicin,5.864
JHOM1,idarubicin,5.936
NCIH3255,idarubicin,5.941
HCC1833,idarubicin,5.959
RKN,idarubicin,5.971
OV7,idarubicin,6.037
HCC2108,idarubicin,6.067
NCIH1105,idarubicin,6.089
RMUGS,idarubicin,6.097
CAOV3,idarubicin,6.1
NCIH2342,idarubicin,6.104
SKMEL1,idarubicin,6.108
NCIH1435,idarubicin,6.116
MOLM16,idarubicin,6.117
MCF7,idarubicin,6.128
NCIH2141,idarubicin,6.147
SNU840,idarubicin,6.185
SNU398,idarubicin,6.2
CORL51,idarubicin,6.21
MDST8,idarubicin,6.29
EFO27,idarubicin,6.311
NCIH1876,idarubicin,6.318
RMGI,idarubicin,6.336
SNU449,idarubicin,6.342
OV90,idarubicin,6.344
SW620,idarubicin,6.348
RERFLCKJ,idarubicin,6.377
NCIH841,idarubicin,6.397
NCIH2081,idarubicin,6.418
RCM1,idarubicin,6.419
HEC59,idarubicin,6.421
NCIH441,idarubicin,6.438
SNU61,idarubicin,6.441
MKN74,idarubicin,6.447
LP1,idarubicin,6.457
HCC827,idarubicin,6.508
NCIH1915,idarubicin,6.516
COV318,idarubicin,6.546
U2OS,idarubicin,6.571
SNU1040,idarubicin,6.575
SKMEL28,idarubicin,6.591
SW480,idarubicin,6.627
NCIH1694,idarubicin,6.664
SKMEL5,idarubicin,6.7
LS123,idarubicin,6.713
SCC9,idarubicin,6.715
NCIH1836,idarubicin,6.753
NCIH2172,idarubicin,6.775
EJM,idarubicin,6.811
HCC2935,idarubicin,6.838
COLO678,idarubicin,6.856
SQ1,idarubicin,6.901
HCC1195,idarubicin,6.909
CORL23,idarubicin,6.911
HCC4006,idarubicin,6.936
RCC10RGB,idarubicin,6.959
T3M10,idarubicin,6.985
HEPG2,idarubicin,7.012
NCIH2023,idarubicin,7.057
NCIH2030,idarubicin,7.063
HCT8,idarubicin,7.17
NCIH1755,idarubicin,7.178
CAL12T,idarubicin,7.291
HT55,idarubicin,7.317
OAW42,idarubicin,7.42
COV644,idarubicin,7.596
HCC1359,idarubicin,7.941
JHH6,idarubicin,8.067
HT29,idarubicin,8.261
OCIAML3,importazole,1.551
PL21,importazole,1.754
THP1,importazole,2.015
GDM1,importazole,2.234
HT115,importazole,2.405
NOMO1,importazole,2.547
LOVO,importazole,2.55
SUDHL5,importazole,2.596
NCIH2122,importazole,2.602
CL40,importazole,2.628
JHUEM2,importazole,2.645
CL34,importazole,2.709
RMUGS,importazole,2.845
NCIH596,importazole,2.869
COV644,importazole,2.903
TYKNU,importazole,2.96
NCIH508,importazole,2.997
WSUDLCL2,importazole,3.027
LN229,importazole,3.049
NCIH441,importazole,3.07
RCM1,importazole,3.079
RPMI8226,importazole,3.096
T3M10,importazole,3.103
RKO,importazole,3.228
A375,importazole,3.237
SKM1,importazole,3.249
NUDUL1,importazole,3.272
HCT116,importazole,3.273
SKLU1,importazole,3.321
CAOV3,importazole,3.411
HCC15,importazole,3.575
SNU840,importazole,3.592
NCIH1781,importazole,3.592
SKMEL5,importazole,3.626
OV90,importazole,3.725
HT29,importazole,3.727
COLO678,importazole,3.796
SW620,importazole,4.088
U937,importazole,4.144
SUDHL4,importazole,4.223
MOLM16,importazole,4.316
SW480,importazole,4.327
MDST8,importazole,4.366
HT1080,importazole,4.756
NCIH1755,importazole,4.896
HCT8,importazole,4.963
OV7,importazole,4.986
LS123,importazole,5.061
NCIH460,importazole,5.119
HT55,importazole,5.158
SNU1040,importazole,5.518
SKMEL28,importazole,5.643
SKMEL1,importazole,5.653
SKM1,indisulam,0.201
GDM1,indisulam,0.24
LS180,indisulam,0.45
SUDHL5,indisulam,0.456
NUDUL1,indisulam,0.578
OCIAML3,indisulam,0.722
HCT116,indisulam,0.807
OVKATE,indisulam,0.99
SNU175,indisulam,1.095
SNUC4,indisulam,1.401
BL70,indisulam,1.415
SW48,indisulam,1.441
JHUEM2,indisulam,1.521
WSUDLCL2,indisulam,1.61
KU812,indisulam,1.706
A2780,indisulam,1.727
NCIH1373,indisulam,1.743
NCIH82,indisulam,1.847
HEC151,indisulam,1.909
HEC108,indisulam,2.009
SHP77,indisulam,2.088
LCLC97TM1,indisulam,2.117
OVK18,indisulam,2.143
KMS11,indisulam,2.145
HT115,indisulam,2.309
MOLM16,indisulam,2.403
GP2D,indisulam,2.458
U937,indisulam,2.547
NCIH810,indisulam,2.591
SCLC21H,indisulam,2.641
EBC1,indisulam,2.653
EPLC272H,indisulam,2.834
SKCO1,indisulam,2.841
LS513,indisulam,2.968
KYSE140,indisulam,3.003
NCIH2081,indisulam,3.078
OVCAR4,indisulam,3.083
SW948,indisulam,3.096
MSTO211H,indisulam,3.113
G401,indisulam,3.178
NCIH1876,indisulam,3.207
NCIH1930,indisulam,3.262
SW620,indisulam,3.267
LXF289,indisulam,3.292
NCIH1836,indisulam,3.304
CAOV3,indisulam,3.367
CORL51,indisulam,3.378
NCIH1694,indisulam,3.448
HCC4006,indisulam,3.462
IGROV1,indisulam,3.514
NCIH2122,indisulam,3.622
SNU81,indisulam,3.625
NCIH1963,indisulam,3.63
LU99,indisulam,3.631
COLO205,indisulam,3.649
THP1,indisulam,3.659
P3HR1,indisulam,3.672
RPMI8226,indisulam,3.683
OVCAR8,indisulam,3.685
SUDHL4,indisulam,3.708
NUGC4,indisulam,3.716
HEC265,indisulam,3.87
KE97,indisulam,3.951
SNUC2A,indisulam,3.953
ISHIKAWAHERAKLIO02ER,indisulam,3.984
PL21,indisulam,4.077
CALU6,indisulam,4.102
HEC6,indisulam,4.129
SNUC5,indisulam,4.154
LP1,indisulam,4.226
HCC78,indisulam,4.247
NOMO1,indisulam,4.253
RT4,indisulam,4.317
NCIH596,indisulam,4.319
A375,indisulam,4.415
NCIH2110,indisulam,4.482
HEC251,indisulam,4.506
VMRCLCD,indisulam,4.551
NCIH1299,indisulam,4.559
MC116,indisulam,4.565
RERFLCKJ,indisulam,4.59
NCIH2286,indisulam,4.65
LC1SQSF,indisulam,4.728
MCF7,indisulam,4.855
NCIH2141,indisulam,4.859
DMS273,indisulam,4.921
PATU8902,indisulam,4.929
SKMEL1,indisulam,4.93
HCC33,indisulam,4.931
KM12,indisulam,4.948
SNGM,indisulam,4.974
EJM,indisulam,4.992
NCIH1048,indisulam,5.004
QGP1,indisulam,5.026
NCIH841,indisulam,5.036
NCIH2009,indisulam,5.045
5637,indisulam,5.083
SW480,indisulam,5.093
NCIH727,indisulam,5.186
HCC15,indisulam,5.254
MFE319,indisulam,5.258
PANC1005,indisulam,5.303
CORL279,indisulam,5.314
NCIH1781,indisulam,5.329
NCIH28,indisulam,5.364
CORL23,indisulam,5.393
KYSE410,indisulam,5.414
RMUGS,indisulam,5.426
NCIH522,indisulam,5.446
NCIH1355,indisulam,5.448
CW2,indisulam,5.467
HSC2,indisulam,5.495
SNU398,indisulam,5.5
KP3,indisulam,5.51
HCC1833,indisulam,5.517
COV644,indisulam,5.534
KYSE450,indisulam,5.617
PC3,indisulam,5.655
UMUC3,indisulam,5.673
CL34,indisulam,5.674
RMGI,indisulam,5.676
LS411N,indisulam,5.725
SKLU1,indisulam,5.745
G361,indisulam,5.78
EFO27,indisulam,5.785
HARA,indisulam,5.79
U2OS,indisulam,5.797
NCIH1573,indisulam,5.814
HCC44,indisulam,5.821
TYKNU,indisulam,5.916
HEC59,indisulam,5.916
DV90,indisulam,5.92
PANC0327,indisulam,5.921
OV90,indisulam,5.921
OCILY10,indisulam,5.922
CHAGOK1,indisulam,5.931
DLD1,indisulam,5.935
HCC827,indisulam,5.992
RCC10RGB,indisulam,6.041
SNU1040,indisulam,6.042
AMO1,indisulam,6.05
NCIH441,indisulam,6.057
SNU61,indisulam,6.073
LOVO,indisulam,6.083
NCIH2172,indisulam,6.091
CL40,indisulam,6.112
SW403,indisulam,6.144
KNS62,indisulam,6.146
SKOV3,indisulam,6.146
VMRCRCW,indisulam,6.163
HT55,indisulam,6.168
COV362,indisulam,6.171
NCIH2023,indisulam,6.172
NCIH1666,indisulam,6.177
HT,indisulam,6.194
HS852T,indisulam,6.198
CAPAN2,indisulam,6.213
COLO668,indisulam,6.213
A549,indisulam,6.233
COLO741,indisulam,6.266
NCIH1435,indisulam,6.284
HCC2108,indisulam,6.286
HUPT4,indisulam,6.298
T3M10,indisulam,6.304
MKN74,indisulam,6.312
CALU3,indisulam,6.334
HT1376,indisulam,6.342
SF295,indisulam,6.345
HEYA8,indisulam,6.361
LS123,indisulam,6.365
KLE,indisulam,6.368
HCC2935,indisulam,6.44
NCIH1793,indisulam,6.449
NCIH23,indisulam,6.468
NCIH1915,indisulam,6.474
FU97,indisulam,6.48
RKN,indisulam,6.495
CFPAC1,indisulam,6.497
JHOC5,indisulam,6.504
HT1080,indisulam,6.522
NCIH1975,indisulam,6.55
LU65,indisulam,6.574
COV434,indisulam,6.584
NCIH2052,indisulam,6.611
NCIH1568,indisulam,6.634
HCT8,indisulam,6.665
NCIH1944,indisulam,6.689
BEN,indisulam,6.698
JHOS4,indisulam,6.71
NCIH2030,indisulam,6.712
NCIH2342,indisulam,6.737
NCIH2405,indisulam,6.743
SNU840,indisulam,6.762
SNU449,indisulam,6.792
NCIH2029,indisulam,6.794
HCC1195,indisulam,6.798
MKN7,indisulam,6.815
NCIH508,indisulam,6.821
COLO678,indisulam,6.824
LCLC103H,indisulam,6.839
NCIH661,indisulam,6.845
OV7,indisulam,6.856
RCM1,indisulam,6.91
NCIH1792,indisulam,6.916
SKMEL5,indisulam,6.957
KMBC2,indisulam,6.959
NCIH1755,indisulam,6.985
C2BBE1,indisulam,7.029
NCIH1437,indisulam,7.036
SQ1,indisulam,7.049
LN229,indisulam,7.106
JHOM1,indisulam,7.107
EFO21,indisulam,7.135
MDST8,indisulam,7.166
CAL12T,indisulam,7.192
NCIH2126,indisulam,7.198
NCIH650,indisulam,7.212
GAMG,indisulam,7.288
NCIH358,indisulam,7.328
HS936T,indisulam,7.341
SCC9,indisulam,7.386
NCIH460,indisulam,7.451
COV318,indisulam,7.475
HPAC,indisulam,7.529
SH10TC,indisulam,7.558
JHH6,indisulam,7.595
HCC1359,indisulam,7.642
NCIH3255,indisulam,7.672
SUIT2,indisulam,7.765
AGS,indisulam,8.097
NCIH1105,indisulam,8.183
HS944T,indisulam,8.298
OAW42,indisulam,8.386
OVMANA,indisulam,8.55
HEPG2,indisulam,8.864
RKO,indisulam,8.896
CORL88,indisulam,9.216
SKMEL28,indisulam,9.81
HT29,indisulam,9.876
SKM1,isoevodiamine,0.156
NUDUL1,isoevodiamine,0.459
U937,isoevodiamine,0.535
MOLM16,isoevodiamine,0.602
WSUDLCL2,isoevodiamine,0.629
SUDHL5,isoevodiamine,1.123
KMS11,isoevodiamine,1.161
GDM1,isoevodiamine,1.264
OCIAML3,isoevodiamine,1.358
JHUEM2,isoevodiamine,1.385
PL21,isoevodiamine,1.564
BL70,isoevodiamine,1.614
RPMI8226,isoevodiamine,1.691
HEC151,isoevodiamine,1.765
NCIH1876,isoevodiamine,1.791
NCIH841,isoevodiamine,2.023
LS180,isoevodiamine,2.079
THP1,isoevodiamine,2.083
SNU175,isoevodiamine,2.17
AMO1,isoevodiamine,2.206
SNUC4,isoevodiamine,2.232
OVCAR8,isoevodiamine,2.3
AGS,isoevodiamine,2.346
OVCAR4,isoevodiamine,2.447
EJM,isoevodiamine,2.479
HCC4006,isoevodiamine,2.632
CORL51,isoevodiamine,2.778
OVK18,isoevodiamine,2.823
JHOS4,isoevodiamine,2.868
JHOM1,isoevodiamine,2.943
RMUGS,isoevodiamine,2.994
KM12,isoevodiamine,3.007
SUDHL4,isoevodiamine,3.013
SNU398,isoevodiamine,3.076
NCIH2122,isoevodiamine,3.092
OVKATE,isoevodiamine,3.18
HEC108,isoevodiamine,3.203
A375,isoevodiamine,3.219
NCIH596,isoevodiamine,3.221
SNUC5,isoevodiamine,3.23
SNGM,isoevodiamine,3.248
ISHIKAWAHERAKLIO02ER,isoevodiamine,3.256
SNU81,isoevodiamine,3.26
A2780,isoevodiamine,3.267
SW948,isoevodiamine,3.322
LOVO,isoevodiamine,3.332
NCIH2286,isoevodiamine,3.365
HT115,isoevodiamine,3.39
NOMO1,isoevodiamine,3.414
NCIH2141,isoevodiamine,3.425
RKO,isoevodiamine,3.441
NCIH2081,isoevodiamine,3.472
CW2,isoevodiamine,3.514
RMGI,isoevodiamine,3.564
CAOV3,isoevodiamine,3.575
SW620,isoevodiamine,3.608
COLO668,isoevodiamine,3.61
HCC15,isoevodiamine,3.638
NCIH508,isoevodiamine,3.648
HCT116,isoevodiamine,3.656
SCLC21H,isoevodiamine,3.702
HCC2108,isoevodiamine,3.712
KLE,isoevodiamine,3.745
LP1,isoevodiamine,3.768
NCIH1836,isoevodiamine,3.78
RKN,isoevodiamine,3.809
NCIH3255,isoevodiamine,3.815
HS852T,isoevodiamine,3.863
MCF7,isoevodiamine,3.904
NCIH1963,isoevodiamine,3.917
LXF289,isoevodiamine,3.927
SNU1040,isoevodiamine,3.977
NCIH1930,isoevodiamine,3.989
JHOC5,isoevodiamine,4.05
HT1080,isoevodiamine,4.167
SNU61,isoevodiamine,4.232
LN229,isoevodiamine,4.249
PC3,isoevodiamine,4.279
CL34,isoevodiamine,4.367
TYKNU,isoevodiamine,4.369
NCIH1755,isoevodiamine,4.44
MDST8,isoevodiamine,4.447
SKMEL1,isoevodiamine,4.455
NCIH1694,isoevodiamine,4.504
SKLU1,isoevodiamine,4.508
NCIH1105,isoevodiamine,4.536
SNU449,isoevodiamine,4.575
NCIH1781,isoevodiamine,4.618
RCC10RGB,isoevodiamine,4.622
T3M10,isoevodiamine,4.632
OV90,isoevodiamine,4.663
SKMEL5,isoevodiamine,4.717
RCM1,isoevodiamine,4.793
COV434,isoevodiamine,4.811
NCIH2030,isoevodiamine,4.823
MKN74,isoevodiamine,4.848
GAMG,isoevodiamine,4.888
IGROV1,isoevodiamine,4.893
HCC827,isoevodiamine,4.925
SCC9,isoevodiamine,4.953
PATU8902,isoevodiamine,4.995
EFO27,isoevodiamine,5.105
HCC1833,isoevodiamine,5.133
SQ1,isoevodiamine,5.154
NCIH1435,isoevodiamine,5.177
NCIH441,isoevodiamine,5.181
CORL23,isoevodiamine,5.206
NCIH2110,isoevodiamine,5.225
CAL12T,isoevodiamine,5.237
OCILY10,isoevodiamine,5.309
U2OS,isoevodiamine,5.321
LS123,isoevodiamine,5.354
SW480,isoevodiamine,5.4
COV362,isoevodiamine,5.411
HCT8,isoevodiamine,5.445
HT55,isoevodiamine,5.456
NCIH460,isoevodiamine,5.465
CL40,isoevodiamine,5.497
SNU840,isoevodiamine,5.502
NCIH2172,isoevodiamine,5.532
HCC2935,isoevodiamine,5.662
HCC1359,isoevodiamine,5.681
COV644,isoevodiamine,5.73
OV7,isoevodiamine,5.826
OVMANA,isoevodiamine,5.838
OAW42,isoevodiamine,5.915
NCIH1915,isoevodiamine,5.919
HT29,isoevodiamine,5.974
HEC59,isoevodiamine,5.995
RERFLCKJ,isoevodiamine,5.995
HCC1195,isoevodiamine,6.04
NCIH2023,isoevodiamine,6.12
COV318,isoevodiamine,6.225
NCIH2342,isoevodiamine,6.438
COLO678,isoevodiamine,6.493
HEPG2,isoevodiamine,6.671
JHH6,isoevodiamine,6.87
SKMEL28,isoevodiamine,7.568
NUDUL1,ISOX,0.628
OCIAML3,ISOX,0.658
SUDHL5,ISOX,0.725
WSUDLCL2,ISOX,0.89
NOMO1,ISOX,0.907
GDM1,ISOX,0.908
THP1,ISOX,1.123
SKM1,ISOX,1.136
PL21,ISOX,1.317
HT115,ISOX,1.562
U937,ISOX,1.714
RMUGS,ISOX,1.77
HCT116,ISOX,1.852
MOLM16,ISOX,1.906
RCM1,ISOX,2.129
RPMI8226,ISOX,2.181
NCIH508,ISOX,2.219
SKMEL5,ISOX,2.47
NCIH2122,ISOX,2.764
LOVO,ISOX,2.801
A375,ISOX,2.839
SUDHL4,ISOX,2.858
JHUEM2,ISOX,2.869
TYKNU,ISOX,2.942
OV90,ISOX,3.019
MDST8,ISOX,3.111
COV644,ISOX,3.165
HCT8,ISOX,3.17
NCIH1781,ISOX,3.216
SW480,ISOX,3.24
CL34,ISOX,3.242
SNU840,ISOX,3.247
HCC15,ISOX,3.26
LS123,ISOX,3.29
HT1080,ISOX,3.334
NCIH596,ISOX,3.368
SW620,ISOX,3.406
SKMEL1,ISOX,3.559
COLO678,ISOX,3.711
SNU1040,ISOX,3.791
HT55,ISOX,3.982
RKO,ISOX,4.166
T3M10,ISOX,4.176
NCIH441,ISOX,4.218
NCIH1755,ISOX,4.227
HT29,ISOX,4.384
LN229,ISOX,4.767
OV7,ISOX,4.78
NCIH460,ISOX,4.793
SKLU1,ISOX,5.099
CAOV3,ISOX,5.394
CL40,ISOX,5.539
SKMEL28,ISOX,6.369
NCIH82,itraconazole,1.999
SCLC21H,itraconazole,2.167
WSUDLCL2,itraconazole,2.704
HUPT4,itraconazole,2.802
RCC10RGB,itraconazole,2.892
COV434,itraconazole,2.934
PL21,itraconazole,2.935
LS513,itraconazole,3.095
BL70,itraconazole,3.25
NCIH810,itraconazole,3.28
NUDUL1,itraconazole,3.284
KYSE410,itraconazole,3.333
HEC265,itraconazole,3.336
KMS11,itraconazole,3.377
KU812,itraconazole,3.428
LCLC97TM1,itraconazole,3.454
LS180,itraconazole,3.474
NCIH1666,itraconazole,3.479
DMS273,itraconazole,3.582
FU97,itraconazole,3.65
MSTO211H,itraconazole,3.661
LP1,itraconazole,3.75
SKM1,itraconazole,3.836
THP1,itraconazole,3.867
HEC151,itraconazole,3.9
SNUC4,itraconazole,3.911
SNUC5,itraconazole,3.946
KNS62,itraconazole,3.96
AGS,itraconazole,3.96
NCIH1568,itraconazole,3.98
HS852T,itraconazole,3.994
TYKNU,itraconazole,3.995
SUIT2,itraconazole,4.03
GDM1,itraconazole,4.09
SUDHL5,itraconazole,4.118
CORL279,itraconazole,4.159
NCIH2081,itraconazole,4.169
PATU8902,itraconazole,4.178
HSC2,itraconazole,4.209
G361,itraconazole,4.236
RT4,itraconazole,4.264
GAMG,itraconazole,4.28
CORL51,itraconazole,4.296
KE97,itraconazole,4.301
MC116,itraconazole,4.308
OCIAML3,itraconazole,4.353
CALU3,itraconazole,4.353
A2780,itraconazole,4.355
LU99,itraconazole,4.363
HCC78,itraconazole,4.391
U937,itraconazole,4.42
HEPG2,itraconazole,4.445
NCIH1105,itraconazole,4.448
CFPAC1,itraconazole,4.473
NCIH1792,itraconazole,4.475
EBC1,itraconazole,4.477
SW480,itraconazole,4.489
SF295,itraconazole,4.518
OVK18,itraconazole,4.562
C2BBE1,itraconazole,4.596
A549,itraconazole,4.609
NCIH1048,itraconazole,4.641
HS936T,itraconazole,4.678
NCIH1944,itraconazole,4.702
HPAC,itraconazole,4.704
SUDHL4,itraconazole,4.707
COLO668,itraconazole,4.721
OVCAR4,itraconazole,4.756
KYSE140,itraconazole,4.765
VMRCLCD,itraconazole,4.767
RPMI8226,itraconazole,4.786
SNU61,itraconazole,4.798
NCIH2029,itraconazole,4.814
SHP77,itraconazole,4.819
MCF7,itraconazole,4.863
CAL12T,itraconazole,4.868
LXF289,itraconazole,4.876
PANC0327,itraconazole,4.892
OVCAR8,itraconazole,4.915
HCC2108,itraconazole,4.925
SW48,itraconazole,4.934
HEYA8,itraconazole,4.942
CW2,itraconazole,4.948
HARA,itraconazole,4.954
HCC44,itraconazole,4.959
NCIH1963,itraconazole,5.008
HT,itraconazole,5.011
RMUGS,itraconazole,5.021
CL34,itraconazole,5.031
KM12,itraconazole,5.048
RCM1,itraconazole,5.059
SKCO1,itraconazole,5.071
G401,itraconazole,5.085
OV90,itraconazole,5.097
CHAGOK1,itraconazole,5.114
HCC4006,itraconazole,5.156
RMGI,itraconazole,5.159
SW620,itraconazole,5.164
NUGC4,itraconazole,5.166
SCC9,itraconazole,5.178
LN229,itraconazole,5.218
OVMANA,itraconazole,5.221
NCIH1876,itraconazole,5.231
NCIH2122,itraconazole,5.234
JHOC5,itraconazole,5.253
RERFLCKJ,itraconazole,5.256
SW948,itraconazole,5.259
LU65,itraconazole,5.265
HCC33,itraconazole,5.287
AMO1,itraconazole,5.303
UMUC3,itraconazole,5.305
MKN74,itraconazole,5.314
P3HR1,itraconazole,5.322
NCIH1373,itraconazole,5.327
5637,itraconazole,5.342
NCIH1435,itraconazole,5.342
CAPAN2,itraconazole,5.347
JHUEM2,itraconazole,5.351
SNU175,itraconazole,5.354
NOMO1,itraconazole,5.362
HT29,itraconazole,5.375
NCIH841,itraconazole,5.409
HEC6,itraconazole,5.412
RKN,itraconazole,5.417
SNU449,itraconazole,5.472
JHOS4,itraconazole,5.478
NCIH2009,itraconazole,5.497
NCIH2023,itraconazole,5.498
CALU6,itraconazole,5.503
NCIH596,itraconazole,5.505
NCIH2110,itraconazole,5.518
NCIH1437,itraconazole,5.549
ISHIKAWAHERAKLIO02ER,itraconazole,5.55
BEN,itraconazole,5.558
EJM,itraconazole,5.577
KP3,itraconazole,5.594
SNU1040,itraconazole,5.602
NCIH1930,itraconazole,5.623
NCIH1355,itraconazole,5.624
MDST8,itraconazole,5.626
NCIH23,itraconazole,5.633
NCIH727,itraconazole,5.664
A375,itraconazole,5.675
JHOM1,itraconazole,5.684
NCIH1299,itraconazole,5.694
NCIH28,itraconazole,5.723
NCIH1975,itraconazole,5.729
SNGM,itraconazole,5.731
MFE319,itraconazole,5.735
EPLC272H,itraconazole,5.743
VMRCRCW,itraconazole,5.751
HT115,itraconazole,5.758
HEC108,itraconazole,5.768
LS123,itraconazole,5.776
HEC251,itraconazole,5.777
COLO205,itraconazole,5.785
KMBC2,itraconazole,5.796
SNUC2A,itraconazole,5.799
NCIH508,itraconazole,5.833
HCC827,itraconazole,5.839
LC1SQSF,itraconazole,5.855
IGROV1,itraconazole,5.872
COV644,itraconazole,5.881
CL40,itraconazole,5.885
NCIH2126,itraconazole,5.885
SKMEL5,itraconazole,5.889
NCIH3255,itraconazole,5.903
MOLM16,itraconazole,5.903
PANC1005,itraconazole,5.928
HT1376,itraconazole,5.928
HCC2935,itraconazole,5.93
HCC1833,itraconazole,5.943
HT1080,itraconazole,5.946
OVKATE,itraconazole,5.952
HT55,itraconazole,5.971
NCIH2172,itraconazole,5.979
SNU81,itraconazole,5.98
SH10TC,itraconazole,5.986
NCIH661,itraconazole,5.991
PC3,itraconazole,5.994
NCIH2030,itraconazole,6.023
LS411N,itraconazole,6.035
NCIH358,itraconazole,6.051
T3M10,itraconazole,6.066
SKLU1,itraconazole,6.08
NCIH1793,itraconazole,6.081
KLE,itraconazole,6.084
LCLC103H,itraconazole,6.106
GP2D,itraconazole,6.117
SW403,itraconazole,6.121
NCIH441,itraconazole,6.126
MKN7,itraconazole,6.148
HS944T,itraconazole,6.179
LOVO,itraconazole,6.179
KYSE450,itraconazole,6.185
HCC1195,itraconazole,6.194
SNU398,itraconazole,6.203
SNU840,itraconazole,6.208
NCIH522,itraconazole,6.287
U2OS,itraconazole,6.312
NCIH2405,itraconazole,6.326
HCT116,itraconazole,6.328
COLO678,itraconazole,6.338
OCILY10,itraconazole,6.348
NCIH1694,itraconazole,6.355
NCIH2342,itraconazole,6.399
NCIH2286,itraconazole,6.404
HEC59,itraconazole,6.432
RKO,itraconazole,6.478
DLD1,itraconazole,6.496
NCIH2052,itraconazole,6.551
CAOV3,itraconazole,6.591
OV7,itraconazole,6.595
NCIH1836,itraconazole,6.608
NCIH1755,itraconazole,6.659
QGP1,itraconazole,6.668
COLO741,itraconazole,6.675
NCIH460,itraconazole,6.686
NCIH1781,itraconazole,6.706
CORL23,itraconazole,6.708
NCIH1915,itraconazole,6.758
SKMEL1,itraconazole,6.776
HCC1359,itraconazole,6.794
HCT8,itraconazole,6.795
SKOV3,itraconazole,6.797
EFO27,itraconazole,6.808
NCIH1573,itraconazole,6.813
COV362,itraconazole,6.842
SQ1,itraconazole,6.856
HCC15,itraconazole,6.884
EFO21,itraconazole,6.889
COV318,itraconazole,6.932
CORL88,itraconazole,6.991
NCIH650,itraconazole,7.019
JHH6,itraconazole,7.136
DV90,itraconazole,7.492
NCIH2141,itraconazole,7.525
OAW42,itraconazole,7.583
SKMEL28,itraconazole,7.659
OCIAML3,JQ-1,0.271
NUDUL1,JQ-1,0.964
SKM1,JQ-1,1.038
WSUDLCL2,JQ-1,1.609
THP1,JQ-1,1.637
NOMO1,JQ-1,1.651
GDM1,JQ-1,1.976
PL21,JQ-1,2.445
SUDHL5,JQ-1,2.606
MOLM16,JQ-1,2.877
SW948,JQ-1,3.108
SNU81,JQ-1,3.145
SNUC5,JQ-1,3.152
HCC1833,JQ-1,3.185
CW2,JQ-1,3.22
NCIH508,JQ-1,3.262
SNU175,JQ-1,3.272
RMGI,JQ-1,3.296
JHOC5,JQ-1,3.308
RPMI8226,JQ-1,3.308
CL34,JQ-1,3.317
SQ1,JQ-1,3.418
SKMEL1,JQ-1,3.471
SUDHL4,JQ-1,3.645
HCT8,JQ-1,3.695
OV90,JQ-1,3.723
MCF7,JQ-1,3.729
KM12,JQ-1,3.75
OVK18,JQ-1,3.76
JHOM1,JQ-1,3.818
HCT116,JQ-1,3.831
SNUC4,JQ-1,3.946
RCM1,JQ-1,3.986
HT115,JQ-1,4.105
SKLU1,JQ-1,4.115
LOVO,JQ-1,4.236
NCIH1876,JQ-1,4.294
TYKNU,JQ-1,4.325
A375,JQ-1,4.335
COV644,JQ-1,4.388
SNU61,JQ-1,4.423
HT1080,JQ-1,4.429
NCIH1836,JQ-1,4.437
COLO320,JQ-1,4.49
RMUGS,JQ-1,4.544
COV434,JQ-1,4.547
NCIH2342,JQ-1,4.555
HCC15,JQ-1,4.626
SNU840,JQ-1,4.647
COLO678,JQ-1,4.664
CAOV3,JQ-1,4.684
U937,JQ-1,4.734
NCIH2172,JQ-1,4.777
LN229,JQ-1,4.788
NCIH2081,JQ-1,4.789
NCIH1694,JQ-1,4.798
RKO,JQ-1,4.803
SW480,JQ-1,4.827
NCIH2122,JQ-1,4.884
T3M10,JQ-1,4.894
EJM,JQ-1,4.969
NCIH441,JQ-1,4.985
JHUEM2,JQ-1,5.035
HT29,JQ-1,5.039
SW620,JQ-1,5.121
HCC4006,JQ-1,5.21
EFO27,JQ-1,5.226
CORL23,JQ-1,5.233
NCIH596,JQ-1,5.253
OV7,JQ-1,5.256
NCIH841,JQ-1,5.277
SNU1040,JQ-1,5.452
HT55,JQ-1,5.529
SKMEL5,JQ-1,5.601
LS123,JQ-1,5.602
COV362,JQ-1,5.618
NCIH3255,JQ-1,5.661
NCIH1755,JQ-1,5.67
CAL12T,JQ-1,5.673
NCIH1781,JQ-1,5.694
CL40,JQ-1,5.721
HCC2108,JQ-1,5.773
NCIH2110,JQ-1,5.812
HCC827,JQ-1,6.002
MDST8,JQ-1,6.21
HEPG2,JQ-1,6.245
NCIH2030,JQ-1,6.259
HCC1195,JQ-1,6.309
HCC2935,JQ-1,6.405
NCIH1105,JQ-1,6.417
NCIH460,JQ-1,6.54
OAW42,JQ-1,6.558
NCIH2023,JQ-1,6.935
SKMEL28,JQ-1,7.572
HCC1359,JQ-1,8.361
HCC4006,kahalalide F,0.062
NCIH2342,kahalalide F,0.065
SW480,kahalalide F,0.076
HCC1195,kahalalide F,0.09
NCIH2122,kahalalide F,0.093
LS180,kahalalide F,0.096
HCC2935,kahalalide F,0.099
HEPG2,kahalalide F,0.114
CORL51,kahalalide F,0.116
SNU61,kahalalide F,0.119
SNU175,kahalalide F,0.123
SNU1040,kahalalide F,0.124
NCIH2141,kahalalide F,0.126
SW948,kahalalide F,0.129
NCIH2081,kahalalide F,0.135
NCIH441,kahalalide F,0.139
KM12,kahalalide F,0.14
NCIH1105,kahalalide F,0.148
SNUC4,kahalalide F,0.15
SNU81,kahalalide F,0.162
HT115,kahalalide F,0.172
CW2,kahalalide F,0.178
HT55,kahalalide F,0.181
NCIH1836,kahalalide F,0.229
RCM1,kahalalide F,0.242
NCIH508,kahalalide F,0.251
CAL12T,kahalalide F,0.254
MCF7,kahalalide F,0.272
COV644,kahalalide F,0.274
SNUC5,kahalalide F,0.277
NCIH2030,kahalalide F,0.294
HCC827,kahalalide F,0.323
SCLC21H,kahalalide F,0.34
SQ1,kahalalide F,0.362
AGS,kahalalide F,0.381
NCIH1876,kahalalide F,0.398
HT29,kahalalide F,0.422
NCIH1963,kahalalide F,0.463
SW620,kahalalide F,0.464
OV90,kahalalide F,0.469
LOVO,kahalalide F,0.494
NCIH3255,kahalalide F,0.776
JHOC5,kahalalide F,0.777
RMGI,kahalalide F,0.78
CL34,kahalalide F,0.805
COLO678,kahalalide F,0.819
SKMEL1,kahalalide F,0.999
JHOM1,kahalalide F,1.049
OVK18,kahalalide F,1.053
OVKATE,kahalalide F,1.069
CL40,kahalalide F,1.087
COV434,kahalalide F,1.09
SKMEL5,kahalalide F,1.122
HCC15,kahalalide F,1.126
SNU398,kahalalide F,1.144
OVCAR4,kahalalide F,1.177
HCC1833,kahalalide F,1.347
COV362,kahalalide F,1.367
IGROV1,kahalalide F,1.457
A375,kahalalide F,1.542
LN229,kahalalide F,1.557
LP1,kahalalide F,1.588
NCIH1694,kahalalide F,1.606
HEC151,kahalalide F,1.817
CAOV3,kahalalide F,1.822
SKMEL28,kahalalide F,1.842
EFO27,kahalalide F,2.068
OVCAR8,kahalalide F,2.134
RMUGS,kahalalide F,2.145
KMS11,kahalalide F,2.172
NCIH2023,kahalalide F,2.216
LS123,kahalalide F,2.217
SNU840,kahalalide F,2.249
HCT116,kahalalide F,2.277
RPMI8226,kahalalide F,2.339
HCT8,kahalalide F,2.357
HCC2108,kahalalide F,2.373
NCIH1755,kahalalide F,2.394
T3M10,kahalalide F,2.57
NCIH596,kahalalide F,2.729
RKN,kahalalide F,2.801
U937,kahalalide F,2.889
NCIH841,kahalalide F,2.959
AMO1,kahalalide F,3.067
SKM1,kahalalide F,3.128
NCIH2172,kahalalide F,3.142
SKLU1,kahalalide F,3.214
THP1,kahalalide F,3.22
HCC1359,kahalalide F,3.233
A2780,kahalalide F,3.237
COLO320,kahalalide F,3.318
MDST8,kahalalide F,3.419
NCIH460,kahalalide F,3.66
CORL23,kahalalide F,3.758
OV7,kahalalide F,3.76
NCIH1781,kahalalide F,3.834
OCIAML3,kahalalide F,3.867
OAW42,kahalalide F,4.167
HT1080,kahalalide F,4.257
RKO,kahalalide F,4.675
SUDHL4,kahalalide F,4.717
SCC9,kahalalide F,4.823
WSUDLCL2,kahalalide F,4.861
EJM,kahalalide F,4.92
TYKNU,kahalalide F,4.939
MOLM16,kahalalide F,4.951
GDM1,kahalalide F,5.182
SUDHL5,kahalalide F,5.271
NOMO1,kahalalide F,5.357
NCIH2110,kahalalide F,5.441
OCILY10,kahalalide F,5.838
PL21,kahalalide F,5.964
JHUEM2,kahalalide F,6.119
NUDUL1,kahalalide F,7.171
NOMO1,kinetin riboside,0.069
OCIAML3,kinetin riboside,0.191
GDM1,kinetin riboside,0.309
SKM1,kinetin riboside,0.375
NUDUL1,kinetin riboside,0.469
SW48,kinetin riboside,0.537
NCIH1944,kinetin riboside,0.816
PL21,kinetin riboside,0.851
MSTO211H,kinetin riboside,0.955
THP1,kinetin riboside,1.372
HCT116,kinetin riboside,1.41
OVCAR8,kinetin riboside,1.432
LCLC97TM1,kinetin riboside,1.505
U937,kinetin riboside,1.575
RKO,kinetin riboside,1.583
TYKNU,kinetin riboside,1.697
MOLM16,kinetin riboside,1.954
RT4,kinetin riboside,1.989
G401,kinetin riboside,2.043
DLD1,kinetin riboside,2.11
KU812,kinetin riboside,2.132
HEYA8,kinetin riboside,2.167
HEC6,kinetin riboside,2.21
NCIH1568,kinetin riboside,2.22
LU99,kinetin riboside,2.25
SCLC21H,kinetin riboside,2.258
A2780,kinetin riboside,2.27
NCIH441,kinetin riboside,2.366
NCIH2122,kinetin riboside,2.383
NCIH2009,kinetin riboside,2.454
NCIH23,kinetin riboside,2.499
OVK18,kinetin riboside,2.514
OCILY10,kinetin riboside,2.541
LOVO,kinetin riboside,2.558
NCIH358,kinetin riboside,2.64
HEC265,kinetin riboside,2.651
HCC15,kinetin riboside,2.684
EPLC272H,kinetin riboside,2.751
JHOC5,kinetin riboside,2.769
KYSE140,kinetin riboside,2.85
HCC78,kinetin riboside,2.871
SUDHL5,kinetin riboside,2.924
HSC2,kinetin riboside,2.942
5637,kinetin riboside,2.999
KE97,kinetin riboside,3.045
NCIH1373,kinetin riboside,3.049
JHUEM2,kinetin riboside,3.049
CORL51,kinetin riboside,3.057
A549,kinetin riboside,3.175
NCIH82,kinetin riboside,3.19
LS513,kinetin riboside,3.22
ISHIKAWAHERAKLIO02ER,kinetin riboside,3.263
SUIT2,kinetin riboside,3.276
EBC1,kinetin riboside,3.285
A375,kinetin riboside,3.29
HUPT4,kinetin riboside,3.33
NCIH1666,kinetin riboside,3.33
NCIH1048,kinetin riboside,3.337
NCIH1299,kinetin riboside,3.34
U2OS,kinetin riboside,3.411
PANC1005,kinetin riboside,3.413
PANC0327,kinetin riboside,3.503
VMRCLCD,kinetin riboside,3.51
NCIH1975,kinetin riboside,3.546
NCIH2286,kinetin riboside,3.553
HT55,kinetin riboside,3.576
SKLU1,kinetin riboside,3.59
SUDHL4,kinetin riboside,3.613
DMS273,kinetin riboside,3.621
SW620,kinetin riboside,3.627
CAPAN2,kinetin riboside,3.637
CAOV3,kinetin riboside,3.646
EFO27,kinetin riboside,3.647
GP2D,kinetin riboside,3.691
LXF289,kinetin riboside,3.701
HCC44,kinetin riboside,3.722
T3M10,kinetin riboside,3.745
RCC10RGB,kinetin riboside,3.745
HCC2108,kinetin riboside,3.802
KNS62,kinetin riboside,3.857
COV434,kinetin riboside,3.858
RCM1,kinetin riboside,3.873
MFE319,kinetin riboside,3.91
PC3,kinetin riboside,3.916
HCT8,kinetin riboside,3.929
RMGI,kinetin riboside,3.948
SKCO1,kinetin riboside,3.976
RKN,kinetin riboside,3.977
HT,kinetin riboside,3.977
KYSE450,kinetin riboside,3.998
HCC1195,kinetin riboside,4.025
NCIH522,kinetin riboside,4.027
OVCAR4,kinetin riboside,4.056
HARA,kinetin riboside,4.066
LS180,kinetin riboside,4.072
BL70,kinetin riboside,4.09
CAL12T,kinetin riboside,4.113
HT1080,kinetin riboside,4.136
LCLC103H,kinetin riboside,4.148
NCIH1694,kinetin riboside,4.15
SNU840,kinetin riboside,4.162
RMUGS,kinetin riboside,4.192
NCIH1435,kinetin riboside,4.203
HT1376,kinetin riboside,4.227
HT115,kinetin riboside,4.232
NCIH2029,kinetin riboside,4.234
NCIH1573,kinetin riboside,4.241
CL34,kinetin riboside,4.274
SQ1,kinetin riboside,4.277
LC1SQSF,kinetin riboside,4.31
NCIH810,kinetin riboside,4.321
NCIH2081,kinetin riboside,4.334
HEC108,kinetin riboside,4.334
SKOV3,kinetin riboside,4.337
NCIH28,kinetin riboside,4.337
UMUC3,kinetin riboside,4.339
NCIH1355,kinetin riboside,4.392
IGROV1,kinetin riboside,4.428
RPMI8226,kinetin riboside,4.437
AGS,kinetin riboside,4.461
HEC251,kinetin riboside,4.479
C2BBE1,kinetin riboside,4.498
SCC9,kinetin riboside,4.501
KYSE410,kinetin riboside,4.506
MDST8,kinetin riboside,4.524
WSUDLCL2,kinetin riboside,4.529
HEC59,kinetin riboside,4.565
COLO205,kinetin riboside,4.569
SW480,kinetin riboside,4.59
SNUC2A,kinetin riboside,4.598
MCF7,kinetin riboside,4.6
NCIH1755,kinetin riboside,4.604
HCC33,kinetin riboside,4.611
NCIH650,kinetin riboside,4.619
HS852T,kinetin riboside,4.642
NCIH596,kinetin riboside,4.654
SHP77,kinetin riboside,4.662
LN229,kinetin riboside,4.668
AMO1,kinetin riboside,4.684
NCIH2052,kinetin riboside,4.703
NCIH2141,kinetin riboside,4.71
LS123,kinetin riboside,4.711
NCIH1915,kinetin riboside,4.725
OAW42,kinetin riboside,4.735
CFPAC1,kinetin riboside,4.741
NCIH727,kinetin riboside,4.761
HCC4006,kinetin riboside,4.772
NCIH508,kinetin riboside,4.826
CALU6,kinetin riboside,4.826
LP1,kinetin riboside,4.833
CORL23,kinetin riboside,4.867
NCIH1836,kinetin riboside,4.877
OVMANA,kinetin riboside,4.88
NCIH661,kinetin riboside,4.896
HEPG2,kinetin riboside,4.923
NCIH1792,kinetin riboside,4.931
SNUC5,kinetin riboside,4.952
LS411N,kinetin riboside,4.962
SNU449,kinetin riboside,5.002
SNGM,kinetin riboside,5.023
KMBC2,kinetin riboside,5.076
NCIH2342,kinetin riboside,5.078
NCIH2030,kinetin riboside,5.106
MKN7,kinetin riboside,5.122
HS944T,kinetin riboside,5.146
SW403,kinetin riboside,5.159
KP3,kinetin riboside,5.181
RERFLCKJ,kinetin riboside,5.181
COLO668,kinetin riboside,5.189
NUGC4,kinetin riboside,5.197
HCC2935,kinetin riboside,5.205
CALU3,kinetin riboside,5.205
OVKATE,kinetin riboside,5.207
KMS11,kinetin riboside,5.243
NCIH1876,kinetin riboside,5.26
NCIH2126,kinetin riboside,5.276
G361,kinetin riboside,5.348
HPAC,kinetin riboside,5.37
EJM,kinetin riboside,5.38
SNU175,kinetin riboside,5.428
COLO741,kinetin riboside,5.476
KLE,kinetin riboside,5.487
NCIH2405,kinetin riboside,5.491
HCC1359,kinetin riboside,5.496
QGP1,kinetin riboside,5.55
PATU8902,kinetin riboside,5.581
VMRCRCW,kinetin riboside,5.606
SF295,kinetin riboside,5.616
OV7,kinetin riboside,5.619
SW948,kinetin riboside,5.628
MKN74,kinetin riboside,5.656
NCIH1105,kinetin riboside,5.68
MC116,kinetin riboside,5.684
HCC1833,kinetin riboside,5.702
HCC827,kinetin riboside,5.738
COV644,kinetin riboside,5.743
BEN,kinetin riboside,5.797
NCIH1437,kinetin riboside,5.798
JHH6,kinetin riboside,5.935
CORL88,kinetin riboside,5.955
NCIH1793,kinetin riboside,5.959
HS936T,kinetin riboside,5.965
LU65,kinetin riboside,5.969
SNUC4,kinetin riboside,5.989
COLO678,kinetin riboside,5.998
FU97,kinetin riboside,6.032
SKMEL5,kinetin riboside,6.066
CHAGOK1,kinetin riboside,6.082
P3HR1,kinetin riboside,6.085
NCIH1930,kinetin riboside,6.135
CORL279,kinetin riboside,6.143
JHOS4,kinetin riboside,6.151
NCIH2023,kinetin riboside,6.154
NCIH2110,kinetin riboside,6.163
HEC151,kinetin riboside,6.174
NCIH841,kinetin riboside,6.186
HT29,kinetin riboside,6.189
JHOM1,kinetin riboside,6.216
CW2,kinetin riboside,6.247
SH10TC,kinetin riboside,6.264
CL40,kinetin riboside,6.293
GAMG,kinetin riboside,6.324
SKMEL1,kinetin riboside,6.342
COV318,kinetin riboside,6.372
NCIH3255,kinetin riboside,6.378
KM12,kinetin riboside,6.526
SNU61,kinetin riboside,6.567
NCIH1781,kinetin riboside,6.61
OV90,kinetin riboside,6.615
EFO21,kinetin riboside,6.618
SNU398,kinetin riboside,6.679
SNU1040,kinetin riboside,6.732
SNU81,kinetin riboside,6.763
NCIH2172,kinetin riboside,6.775
NCIH460,kinetin riboside,6.809
NCIH1963,kinetin riboside,6.824
COV362,kinetin riboside,6.932
DV90,kinetin riboside,7.452
SKMEL28,kinetin riboside,7.547
NCIH1963,Ko-143,2.896
SW620,Ko-143,3.555
SW480,Ko-143,3.789
LP1,Ko-143,3.874
GDM1,Ko-143,3.875
PL21,Ko-143,4.069
OCIAML3,Ko-143,4.072
HEC151,Ko-143,4.076
NOMO1,Ko-143,4.08
COV434,Ko-143,4.295
U937,Ko-143,4.351
OVCAR4,Ko-143,4.368
SNU398,Ko-143,4.418
WSUDLCL2,Ko-143,4.421
RPMI8226,Ko-143,4.436
SCLC21H,Ko-143,4.45
KMS11,Ko-143,4.494
OVCAR8,Ko-143,4.543
HCC1833,Ko-143,4.56
SNU175,Ko-143,4.574
SUDHL5,Ko-143,4.583
THP1,Ko-143,4.662
OVK18,Ko-143,4.685
MCF7,Ko-143,4.705
COLO320,Ko-143,4.728
SKM1,Ko-143,4.746
T3M10,Ko-143,4.768
A2780,Ko-143,4.796
RMUGS,Ko-143,4.836
CW2,Ko-143,4.844
NCIH1105,Ko-143,4.859
NCIH1694,Ko-143,4.866
HCC4006,Ko-143,4.873
OV90,Ko-143,4.89
MOLM16,Ko-143,4.911
SNUC5,Ko-143,5.013
CAL12T,Ko-143,5.047
HCT116,Ko-143,5.072
SNUC4,Ko-143,5.073
NCIH1781,Ko-143,5.079
NCIH2081,Ko-143,5.098
SUDHL4,Ko-143,5.108
SNU81,Ko-143,5.132
LOVO,Ko-143,5.203
HCC2108,Ko-143,5.261
HCC2935,Ko-143,5.319
HCC15,Ko-143,5.365
NCIH596,Ko-143,5.366
LS180,Ko-143,5.387
JHOC5,Ko-143,5.41
SNU840,Ko-143,5.42
JHUEM2,Ko-143,5.431
EJM,Ko-143,5.447
AMO1,Ko-143,5.451
NCIH841,Ko-143,5.521
LN229,Ko-143,5.574
NCIH1836,Ko-143,5.636
HCT8,Ko-143,5.638
CORL51,Ko-143,5.647
NCIH1876,Ko-143,5.659
SNU1040,Ko-143,5.698
RMGI,Ko-143,5.716
RKO,Ko-143,5.737
NCIH508,Ko-143,5.743
SKMEL1,Ko-143,5.745
NCIH2110,Ko-143,5.745
HT115,Ko-143,5.752
SKMEL5,Ko-143,5.768
NCIH2342,Ko-143,5.777
TYKNU,Ko-143,5.832
KM12,Ko-143,5.883
EFO27,Ko-143,5.885
NCIH2122,Ko-143,5.891
OVKATE,Ko-143,5.903
RCM1,Ko-143,5.914
NCIH3255,Ko-143,5.956
NCIH2172,Ko-143,5.958
HT55,Ko-143,6.027
SNU61,Ko-143,6.061
IGROV1,Ko-143,6.099
RKN,Ko-143,6.125
SW948,Ko-143,6.174
NCIH441,Ko-143,6.222
HCC1195,Ko-143,6.241
AGS,Ko-143,6.255
JHOM1,Ko-143,6.338
NCIH2141,Ko-143,6.365
LS123,Ko-143,6.369
COV644,Ko-143,6.388
HCC827,Ko-143,6.392
CL34,Ko-143,6.395
NCIH1755,Ko-143,6.405
SKLU1,Ko-143,6.406
SQ1,Ko-143,6.413
COLO678,Ko-143,6.44
U2OS,Ko-143,6.468
HT1080,Ko-143,6.539
OCILY10,Ko-143,6.545
A375,Ko-143,6.55
CAOV3,Ko-143,6.58
MDST8,Ko-143,6.612
NCIH460,Ko-143,6.731
NCIH2030,Ko-143,6.733
HEPG2,Ko-143,6.932
CL40,Ko-143,7.031
SCC9,Ko-143,7.132
OV7,Ko-143,7.184
RCC10RGB,Ko-143,7.213
NCIH2023,Ko-143,7.286
HCC1359,Ko-143,7.348
HT29,Ko-143,7.413
NUDUL1,Ko-143,7.556
CORL23,Ko-143,7.625
OAW42,Ko-143,7.714
SKMEL28,Ko-143,8.319
COV362,Ko-143,8.435
NOMO1,KU 0060648,0.516
OCIAML3,KU 0060648,0.655
PL21,KU 0060648,0.902
NUDUL1,KU 0060648,0.928
GDM1,KU 0060648,0.965
THP1,KU 0060648,1.228
WSUDLCL2,KU 0060648,1.285
NCIH508,KU 0060648,1.324
MOLM16,KU 0060648,1.427
COV644,KU 0060648,1.557
LOVO,KU 0060648,1.615
SKM1,KU 0060648,1.681
SUDHL5,KU 0060648,1.716
SNU840,KU 0060648,1.724
MDST8,KU 0060648,1.736
CL34,KU 0060648,1.767
HT115,KU 0060648,1.779
NCIH596,KU 0060648,1.949
HCC15,KU 0060648,2.119
SUDHL4,KU 0060648,2.15
HCT116,KU 0060648,2.432
NCIH2122,KU 0060648,2.466
RMUGS,KU 0060648,2.474
T3M10,KU 0060648,2.488
CAOV3,KU 0060648,2.706
RKO,KU 0060648,2.769
A375,KU 0060648,2.787
NCIH1755,KU 0060648,2.805
JHUEM2,KU 0060648,2.806
NCIH441,KU 0060648,3.061
CL40,KU 0060648,3.095
U937,KU 0060648,3.332
SNU1040,KU 0060648,3.337
HT29,KU 0060648,3.478
SKMEL1,KU 0060648,3.531
COLO678,KU 0060648,3.594
RCM1,KU 0060648,3.621
TYKNU,KU 0060648,3.627
NCIH1781,KU 0060648,3.683
OV90,KU 0060648,3.686
HCT8,KU 0060648,3.703
LN229,KU 0060648,3.725
RPMI8226,KU 0060648,3.876
SKLU1,KU 0060648,3.887
HT1080,KU 0060648,3.999
SW480,KU 0060648,4.058
HT55,KU 0060648,4.11
SKMEL5,KU 0060648,4.146
OV7,KU 0060648,4.222
LS123,KU 0060648,4.399
NCIH460,KU 0060648,4.577
SW620,KU 0060648,4.924
SKMEL28,KU 0060648,5.123
LS513,L-685458,1.797
HUPT4,L-685458,4.287
SW48,L-685458,4.744
NCIH1568,L-685458,4.915
RT4,L-685458,4.923
BL70,L-685458,5.035
NCIH1930,L-685458,5.036
LCLC97TM1,L-685458,5.265
KE97,L-685458,5.328
HSC2,L-685458,5.48
KYSE140,L-685458,5.51
KYSE410,L-685458,5.514
ISHIKAWAHERAKLIO02ER,L-685458,5.62
KU812,L-685458,5.633
LXF289,L-685458,5.752
NCIH1435,L-685458,5.753
SNUC2A,L-685458,5.771
KNS62,L-685458,5.824
KMBC2,L-685458,5.896
MFE319,L-685458,5.924
HCC33,L-685458,5.951
NCIH1944,L-685458,5.962
HARA,L-685458,5.967
NCIH2029,L-685458,5.97
MSTO211H,L-685458,5.975
CHAGOK1,L-685458,5.982
NCIH1048,L-685458,6.081
NCIH2009,L-685458,6.089
HT,L-685458,6.117
HS852T,L-685458,6.135
MC116,L-685458,6.151
P3HR1,L-685458,6.177
SNGM,L-685458,6.184
CAPAN2,L-685458,6.185
SUIT2,L-685458,6.185
NCIH28,L-685458,6.197
HCC78,L-685458,6.22
QGP1,L-685458,6.224
VMRCLCD,L-685458,6.255
HT1376,L-685458,6.257
G401,L-685458,6.277
PATU8902,L-685458,6.283
PANC0327,L-685458,6.295
CALU6,L-685458,6.306
KYSE450,L-685458,6.308
LC1SQSF,L-685458,6.312
KP3,L-685458,6.326
PANC1005,L-685458,6.344
5637,L-685458,6.346
NCIH2126,L-685458,6.346
SKCO1,L-685458,6.37
RERFLCKJ,L-685458,6.373
HS936T,L-685458,6.4
NCIH522,L-685458,6.408
HCC44,L-685458,6.435
HEYA8,L-685458,6.435
NCIH1975,L-685458,6.449
NCIH1355,L-685458,6.451
JHOS4,L-685458,6.454
OVMANA,L-685458,6.461
NCIH1373,L-685458,6.47
NCIH1299,L-685458,6.471
NCIH1666,L-685458,6.473
CFPAC1,L-685458,6.48
NCIH810,L-685458,6.489
NCIH23,L-685458,6.51
NCIH1793,L-685458,6.518
HEC108,L-685458,6.519
CORL279,L-685458,6.536
COLO668,L-685458,6.562
SH10TC,L-685458,6.578
PC3,L-685458,6.579
HS944T,L-685458,6.581
NCIH1792,L-685458,6.601
FU97,L-685458,6.604
CORL88,L-685458,6.624
HEC59,L-685458,6.654
SW403,L-685458,6.661
A549,L-685458,6.676
EBC1,L-685458,6.677
NCIH82,L-685458,6.681
HEC265,L-685458,6.715
NCIH661,L-685458,6.723
SNU449,L-685458,6.764
NCIH1915,L-685458,6.767
EPLC272H,L-685458,6.776
HPAC,L-685458,6.787
COV318,L-685458,6.799
NCIH727,L-685458,6.809
HEC6,L-685458,6.822
NCIH2405,L-685458,6.823
SKOV3,L-685458,6.825
NCIH358,L-685458,6.835
NCIH2052,L-685458,6.849
EFO21,L-685458,6.85
DV90,L-685458,6.873
MKN74,L-685458,6.878
GAMG,L-685458,6.88
KLE,L-685458,6.896
JHH6,L-685458,6.901
LU65,L-685458,6.94
MKN7,L-685458,6.955
DMS273,L-685458,6.956
DLD1,L-685458,6.956
SF295,L-685458,6.988
HEC251,L-685458,7.002
CALU3,L-685458,7.036
LCLC103H,L-685458,7.044
COLO205,L-685458,7.048
GP2D,L-685458,7.049
G361,L-685458,7.068
UMUC3,L-685458,7.073
SHP77,L-685458,7.074
NCIH650,L-685458,7.094
NCIH2286,L-685458,7.096
NCIH1437,L-685458,7.136
LU99,L-685458,7.15
BEN,L-685458,7.215
NCIH1573,L-685458,7.26
C2BBE1,L-685458,7.35
LS411N,L-685458,7.364
COLO741,L-685458,7.439
VMRCRCW,L-685458,7.595
NUGC4,L-685458,8.579
OCIAML3,LDN-193189,0.36
PL21,LDN-193189,0.638
THP1,LDN-193189,0.685
GDM1,LDN-193189,0.741
HEC6,LDN-193189,1.004
NOMO1,LDN-193189,1.055
NUDUL1,LDN-193189,1.213
COV434,LDN-193189,1.246
OVK18,LDN-193189,1.255
WSUDLCL2,LDN-193189,1.359
HEC265,LDN-193189,1.365
KE97,LDN-193189,1.432
OVKATE,LDN-193189,1.464
RT4,LDN-193189,1.555
SCLC21H,LDN-193189,1.563
KU812,LDN-193189,1.581
OVCAR8,LDN-193189,1.624
OVCAR4,LDN-193189,1.624
SKM1,LDN-193189,1.709
SNU398,LDN-193189,1.709
KMS11,LDN-193189,1.764
P3HR1,LDN-193189,1.779
BL70,LDN-193189,1.808
RMUGS,LDN-193189,1.9
SNUC5,LDN-193189,1.911
NCIH1048,LDN-193189,1.912
HT115,LDN-193189,1.925
SW948,LDN-193189,1.928
CW2,LDN-193189,1.945
A375,LDN-193189,1.96
AGS,LDN-193189,1.972
SNUC4,LDN-193189,2.011
HEC151,LDN-193189,2.049
NCIH596,LDN-193189,2.056
LN229,LDN-193189,2.076
MOLM16,LDN-193189,2.077
LS180,LDN-193189,2.112
U937,LDN-193189,2.125
JHUEM2,LDN-193189,2.153
HS852T,LDN-193189,2.175
TYKNU,LDN-193189,2.191
COLO678,LDN-193189,2.245
CL34,LDN-193189,2.247
HCC1359,LDN-193189,2.247
NCIH508,LDN-193189,2.272
RKN,LDN-193189,2.276
RMGI,LDN-193189,2.304
HCC1833,LDN-193189,2.308
SUDHL5,LDN-193189,2.338
RKO,LDN-193189,2.361
SUDHL4,LDN-193189,2.379
NCIH1963,LDN-193189,2.42
CALU6,LDN-193189,2.44
T3M10,LDN-193189,2.453
HT,LDN-193189,2.464
LP1,LDN-193189,2.478
SNU175,LDN-193189,2.487
NCIH460,LDN-193189,2.487
G401,LDN-193189,2.489
DMS273,LDN-193189,2.505
NCIH810,LDN-193189,2.506
IGROV1,LDN-193189,2.513
A2780,LDN-193189,2.514
CAL12T,LDN-193189,2.525
SKLU1,LDN-193189,2.541
NCIH1836,LDN-193189,2.545
KM12,LDN-193189,2.555
LOVO,LDN-193189,2.56
MSTO211H,LDN-193189,2.585
HCT116,LDN-193189,2.599
NCIH2342,LDN-193189,2.603
MFE319,LDN-193189,2.625
RPMI8226,LDN-193189,2.634
HS936T,LDN-193189,2.636
KYSE140,LDN-193189,2.636
NCIH2405,LDN-193189,2.657
NCIH1105,LDN-193189,2.658
LCLC97TM1,LDN-193189,2.661
HCC2108,LDN-193189,2.708
CORL88,LDN-193189,2.73
EJM,LDN-193189,2.754
NCIH2029,LDN-193189,2.803
KNS62,LDN-193189,2.806
NCIH2141,LDN-193189,2.837
HCC2935,LDN-193189,2.84
SW480,LDN-193189,2.867
JHOS4,LDN-193189,2.876
HT1376,LDN-193189,2.882
AMO1,LDN-193189,2.886
G361,LDN-193189,2.914
KYSE450,LDN-193189,2.917
HT55,LDN-193189,2.918
ISHIKAWAHERAKLIO02ER,LDN-193189,2.925
NCIH841,LDN-193189,2.929
NCIH2081,LDN-193189,2.935
SNU840,LDN-193189,2.964
PANC0327,LDN-193189,2.981
QGP1,LDN-193189,2.985
HCC15,LDN-193189,2.998
CHAGOK1,LDN-193189,2.999
LXF289,LDN-193189,3.002
SF295,LDN-193189,3.009
COLO668,LDN-193189,3.038
HSC2,LDN-193189,3.047
SNU61,LDN-193189,3.063
NCIH82,LDN-193189,3.071
SCC9,LDN-193189,3.088
PC3,LDN-193189,3.092
5637,LDN-193189,3.104
VMRCLCD,LDN-193189,3.129
KMBC2,LDN-193189,3.13
SNU81,LDN-193189,3.151
MCF7,LDN-193189,3.166
JHH6,LDN-193189,3.17
NCIH2286,LDN-193189,3.174
NCIH1435,LDN-193189,3.184
KP3,LDN-193189,3.185
PATU8902,LDN-193189,3.195
COV644,LDN-193189,3.2
SKOV3,LDN-193189,3.215
HEC251,LDN-193189,3.215
NCIH1755,LDN-193189,3.23
NCIH2122,LDN-193189,3.243
MKN7,LDN-193189,3.262
HUPT4,LDN-193189,3.266
NUGC4,LDN-193189,3.267
NCIH1573,LDN-193189,3.285
UMUC3,LDN-193189,3.3
VMRCRCW,LDN-193189,3.3
CAOV3,LDN-193189,3.31
HEYA8,LDN-193189,3.33
EFO27,LDN-193189,3.359
HCC4006,LDN-193189,3.364
NCIH1876,LDN-193189,3.377
NCIH1299,LDN-193189,3.405
U2OS,LDN-193189,3.434
NCIH441,LDN-193189,3.492
OV90,LDN-193189,3.5
COV318,LDN-193189,3.509
RCC10RGB,LDN-193189,3.51
CORL23,LDN-193189,3.52
NCIH1355,LDN-193189,3.521
KYSE410,LDN-193189,3.526
NCIH650,LDN-193189,3.537
HCC1195,LDN-193189,3.537
RCM1,LDN-193189,3.562
CAPAN2,LDN-193189,3.57
SQ1,LDN-193189,3.595
KLE,LDN-193189,3.607
NCIH1694,LDN-193189,3.612
CORL279,LDN-193189,3.64
NCIH2030,LDN-193189,3.654
SKMEL5,LDN-193189,3.692
GAMG,LDN-193189,3.733
SUIT2,LDN-193189,3.776
SKMEL1,LDN-193189,3.777
JHOM1,LDN-193189,3.805
NCIH3255,LDN-193189,3.813
HS944T,LDN-193189,3.861
NCIH1915,LDN-193189,3.879
EPLC272H,LDN-193189,3.906
CL40,LDN-193189,3.93
NCIH1930,LDN-193189,3.94
MKN74,LDN-193189,3.996
MC116,LDN-193189,3.999
SW403,LDN-193189,4.01
OCILY10,LDN-193189,4.015
NCIH1781,LDN-193189,4.016
SNUC2A,LDN-193189,4.018
CALU3,LDN-193189,4.024
JHOC5,LDN-193189,4.044
SNU1040,LDN-193189,4.088
HT29,LDN-193189,4.096
HCC827,LDN-193189,4.107
HCT8,LDN-193189,4.134
SH10TC,LDN-193189,4.145
NCIH1666,LDN-193189,4.183
EFO21,LDN-193189,4.215
SW620,LDN-193189,4.229
HT1080,LDN-193189,4.268
SNGM,LDN-193189,4.325
FU97,LDN-193189,4.422
HEPG2,LDN-193189,4.455
HEC108,LDN-193189,4.456
NCIH2172,LDN-193189,4.469
LS123,LDN-193189,4.482
HEC59,LDN-193189,4.509
SKMEL28,LDN-193189,4.555
NCIH2023,LDN-193189,4.587
RERFLCKJ,LDN-193189,4.588
SNU449,LDN-193189,4.623
NCIH2052,LDN-193189,4.701
CORL51,LDN-193189,4.708
MDST8,LDN-193189,4.777
NCIH2110,LDN-193189,5.181
COV362,LDN-193189,5.192
OVMANA,LDN-193189,5.338
OV7,LDN-193189,5.364
OAW42,LDN-193189,6.061
NUDUL1,LE-135,1.086
LS180,LE-135,2.735
OVCAR8,LE-135,3.1
WSUDLCL2,LE-135,3.184
HEC151,LE-135,3.263
NCIH1105,LE-135,3.403
THP1,LE-135,3.892
NCIH1694,LE-135,4.162
SUDHL4,LE-135,4.245
RCC10RGB,LE-135,4.33
OVKATE,LE-135,4.492
TYKNU,LE-135,4.527
EJM,LE-135,4.531
NCIH1781,LE-135,4.548
OVK18,LE-135,4.573
U937,LE-135,4.689
JHOC5,LE-135,4.8
NCIH1876,LE-135,4.929
SW620,LE-135,4.937
OCIAML3,LE-135,4.95
OVCAR4,LE-135,4.981
NOMO1,LE-135,5.009
LOVO,LE-135,5.037
RKN,LE-135,5.1
SW480,LE-135,5.23
CAOV3,LE-135,5.304
HCC4006,LE-135,5.322
HT1080,LE-135,5.326
HCT116,LE-135,5.355
COV434,LE-135,5.387
JHOM1,LE-135,5.41
SKM1,LE-135,5.446
SCLC21H,LE-135,5.448
RMUGS,LE-135,5.456
OV90,LE-135,5.482
LP1,LE-135,5.485
SUDHL5,LE-135,5.565
PL21,LE-135,5.575
RPMI8226,LE-135,5.585
OCILY10,LE-135,5.589
NCIH841,LE-135,5.599
LS123,LE-135,5.61
NCIH2141,LE-135,5.71
SNUC4,LE-135,5.742
A375,LE-135,5.752
JHUEM2,LE-135,5.771
HCC2108,LE-135,5.774
KMS11,LE-135,5.824
MOLM16,LE-135,5.858
SNU175,LE-135,5.858
IGROV1,LE-135,5.923
NCIH2342,LE-135,5.962
RKO,LE-135,5.98
A2780,LE-135,5.991
MCF7,LE-135,6.051
SKLU1,LE-135,6.052
SW948,LE-135,6.053
NCIH596,LE-135,6.087
T3M10,LE-135,6.103
RMGI,LE-135,6.12
NCIH2023,LE-135,6.123
HT29,LE-135,6.123
MDST8,LE-135,6.127
CW2,LE-135,6.129
HCT8,LE-135,6.131
LN229,LE-135,6.14
RCM1,LE-135,6.143
NCIH1963,LE-135,6.176
NCIH2030,LE-135,6.189
SNU398,LE-135,6.275
HCC1195,LE-135,6.278
CORL51,LE-135,6.282
NCIH2110,LE-135,6.309
NCIH2122,LE-135,6.318
HT55,LE-135,6.346
CORL23,LE-135,6.365
EFO27,LE-135,6.378
U2OS,LE-135,6.41
CL34,LE-135,6.441
GDM1,LE-135,6.449
SNUC5,LE-135,6.452
SNU1040,LE-135,6.481
SNU840,LE-135,6.482
NCIH441,LE-135,6.566
CAL12T,LE-135,6.567
COLO678,LE-135,6.574
NCIH2172,LE-135,6.6
HT115,LE-135,6.612
HCC15,LE-135,6.625
SKMEL5,LE-135,6.656
KM12,LE-135,6.681
HCC1359,LE-135,6.686
NCIH1755,LE-135,6.7
NCIH2081,LE-135,6.711
SKMEL28,LE-135,6.712
HCC1833,LE-135,6.763
SNU81,LE-135,6.861
SNU61,LE-135,6.863
COV644,LE-135,6.877
SQ1,LE-135,6.911
NCIH3255,LE-135,6.934
HCC2935,LE-135,6.95
NCIH508,LE-135,6.979
SKMEL1,LE-135,6.985
COLO320,LE-135,7.019
AMO1,LE-135,7.05
NCIH1836,LE-135,7.061
OV7,LE-135,7.079
OAW42,LE-135,7.282
SCC9,LE-135,7.298
HCC827,LE-135,7.307
HEPG2,LE-135,7.45
NCIH460,LE-135,7.468
COV362,LE-135,7.503
AGS,LE-135,7.612
CL40,LE-135,8.057
SW620,leucascandrolide A,0.055
HT1080,leucascandrolide A,0.069
SKMEL28,leucascandrolide A,0.079
SUDHL5,leucascandrolide A,0.125
NCIH2030,leucascandrolide A,0.126
SW480,leucascandrolide A,0.246
SNU175,leucascandrolide A,0.342
HEC151,leucascandrolide A,0.351
SKLU1,leucascandrolide A,0.426
RKO,leucascandrolide A,0.461
SNUC5,leucascandrolide A,0.511
KMS11,leucascandrolide A,0.59
WSUDLCL2,leucascandrolide A,0.642
CAL12T,leucascandrolide A,0.835
HCC15,leucascandrolide A,0.856
NCIH596,leucascandrolide A,0.885
HCT116,leucascandrolide A,0.898
NCIH1963,leucascandrolide A,0.909
MOLM16,leucascandrolide A,0.924
SUDHL4,leucascandrolide A,0.925
NCIH1755,leucascandrolide A,1.005
AGS,leucascandrolide A,1.068
SKM1,leucascandrolide A,1.114
OCILY10,leucascandrolide A,1.12
CW2,leucascandrolide A,1.155
RPMI8226,leucascandrolide A,1.175
SKMEL5,leucascandrolide A,1.249
HCT8,leucascandrolide A,1.269
THP1,leucascandrolide A,1.313
LS180,leucascandrolide A,1.395
SNU1040,leucascandrolide A,1.43
KM12,leucascandrolide A,1.495
PL21,leucascandrolide A,1.514
CL34,leucascandrolide A,1.557
U937,leucascandrolide A,1.666
GDM1,leucascandrolide A,1.854
U2OS,leucascandrolide A,1.871
LN229,leucascandrolide A,1.883
A375,leucascandrolide A,1.899
NCIH1781,leucascandrolide A,1.958
JHUEM2,leucascandrolide A,1.974
OVKATE,leucascandrolide A,2.144
RCC10RGB,leucascandrolide A,2.163
SCLC21H,leucascandrolide A,2.183
OVCAR4,leucascandrolide A,2.2
SW948,leucascandrolide A,2.24
OVK18,leucascandrolide A,2.285
SNUC4,leucascandrolide A,2.299
AMO1,leucascandrolide A,2.362
COV434,leucascandrolide A,2.388
A2780,leucascandrolide A,2.442
EJM,leucascandrolide A,2.494
OVCAR8,leucascandrolide A,2.676
SKMEL1,leucascandrolide A,2.729
LP1,leucascandrolide A,2.803
COV362,leucascandrolide A,2.913
OCIAML3,leucascandrolide A,3.136
CORL23,leucascandrolide A,3.274
NCIH2172,leucascandrolide A,3.281
COLO320,leucascandrolide A,3.29
SNU81,leucascandrolide A,3.333
RMGI,leucascandrolide A,3.38
NCIH841,leucascandrolide A,3.422
COV644,leucascandrolide A,3.514
HT115,leucascandrolide A,3.567
NCIH3255,leucascandrolide A,3.572
HCC1833,leucascandrolide A,3.578
HCC2108,leucascandrolide A,3.618
HT55,leucascandrolide A,3.621
HEPG2,leucascandrolide A,3.759
MCF7,leucascandrolide A,3.853
RMUGS,leucascandrolide A,3.882
NUDUL1,leucascandrolide A,3.909
RKN,leucascandrolide A,3.936
CORL51,leucascandrolide A,3.984
HCC2935,leucascandrolide A,4.012
NCIH1836,leucascandrolide A,4.044
OV90,leucascandrolide A,4.056
CL40,leucascandrolide A,4.14
NCIH2122,leucascandrolide A,4.222
LOVO,leucascandrolide A,4.254
RCM1,leucascandrolide A,4.279
IGROV1,leucascandrolide A,4.282
COLO678,leucascandrolide A,4.288
NCIH2081,leucascandrolide A,4.358
SNU61,leucascandrolide A,4.435
NCIH2110,leucascandrolide A,4.482
TYKNU,leucascandrolide A,4.61
NCIH460,leucascandrolide A,4.67
JHOC5,leucascandrolide A,4.748
NCIH2342,leucascandrolide A,4.795
HCC4006,leucascandrolide A,4.796
HT29,leucascandrolide A,4.815
NCIH1876,leucascandrolide A,4.984
T3M10,leucascandrolide A,4.986
NCIH1694,leucascandrolide A,5.023
MDST8,leucascandrolide A,5.041
NCIH441,leucascandrolide A,5.048
JHOM1,leucascandrolide A,5.082
NCIH1105,leucascandrolide A,5.16
LS123,leucascandrolide A,5.197
EFO27,leucascandrolide A,5.2
SNU840,leucascandrolide A,5.275
NCIH508,leucascandrolide A,5.321
NOMO1,leucascandrolide A,5.401
NCIH2023,leucascandrolide A,5.748
SQ1,leucascandrolide A,5.878
HCC1359,leucascandrolide A,6.03
SNU398,leucascandrolide A,6.068
OV7,leucascandrolide A,6.09
HCC827,leucascandrolide A,6.27
SCC9,leucascandrolide A,6.302
HCC1195,leucascandrolide A,6.405
CAOV3,leucascandrolide A,6.406
NCIH2141,leucascandrolide A,6.484
OAW42,leucascandrolide A,6.993
PL21,linsitinib,2.6
KMS11,linsitinib,2.938
OCIAML3,linsitinib,3.349
SKM1,linsitinib,3.516
HT55,linsitinib,3.586
COLO320,linsitinib,3.779
HCC827,linsitinib,3.805
MCF7,linsitinib,3.918
NCIH3255,linsitinib,3.919
PATU8902,linsitinib,3.949
NOMO1,linsitinib,4
COLO668,linsitinib,4.242
GDM1,linsitinib,4.252
LP1,linsitinib,4.353
NCIH2342,linsitinib,4.367
SNU175,linsitinib,4.483
NCIH2122,linsitinib,4.669
NCIH1105,linsitinib,4.753
NCIH1836,linsitinib,5.007
NCIH441,linsitinib,5.104
A375,linsitinib,5.113
RMUGS,linsitinib,5.123
HCC15,linsitinib,5.153
JHOS4,linsitinib,5.175
HCC1833,linsitinib,5.179
CL34,linsitinib,5.188
NCIH596,linsitinib,5.286
COV434,linsitinib,5.299
COV362,linsitinib,5.32
NCIH1781,linsitinib,5.341
NCIH2172,linsitinib,5.356
NCIH508,linsitinib,5.385
NCIH2110,linsitinib,5.441
NCIH1435,linsitinib,5.45
T3M10,linsitinib,5.452
RPMI8226,linsitinib,5.461
HCC2108,linsitinib,5.461
SKMEL5,linsitinib,5.461
SNU449,linsitinib,5.481
RCM1,linsitinib,5.495
HEPG2,linsitinib,5.515
COLO678,linsitinib,5.52
MKN74,linsitinib,5.522
HT115,linsitinib,5.553
U937,linsitinib,5.569
EJM,linsitinib,5.576
HS852T,linsitinib,5.593
CORL23,linsitinib,5.601
MOLM16,linsitinib,5.657
NCIH1755,linsitinib,5.66
SW620,linsitinib,5.674
NUDUL1,linsitinib,5.678
COV644,linsitinib,5.695
CAL12T,linsitinib,5.705
LXF289,linsitinib,5.713
SNU61,linsitinib,5.728
LOVO,linsitinib,5.766
NCIH2141,linsitinib,5.78
CW2,linsitinib,5.785
RMGI,linsitinib,5.796
SW480,linsitinib,5.797
HCC4006,linsitinib,5.811
OVCAR8,linsitinib,5.821
WSUDLCL2,linsitinib,5.847
HCC2935,linsitinib,5.89
SW948,linsitinib,5.94
RERFLCKJ,linsitinib,5.946
LN229,linsitinib,5.973
CL40,linsitinib,5.99
SKLU1,linsitinib,5.991
SCLC21H,linsitinib,6.011
SCC9,linsitinib,6.03
SNU1040,linsitinib,6.053
JHUEM2,linsitinib,6.083
ISHIKAWAHERAKLIO02ER,linsitinib,6.097
NCIH2030,linsitinib,6.103
SUDHL4,linsitinib,6.131
NCIH1876,linsitinib,6.142
SNUC4,linsitinib,6.168
IGROV1,linsitinib,6.172
OV90,linsitinib,6.194
GAMG,linsitinib,6.2
LS123,linsitinib,6.209
OVCAR4,linsitinib,6.238
NCIH1930,linsitinib,6.256
HEC151,linsitinib,6.272
THP1,linsitinib,6.279
HT29,linsitinib,6.282
NCIH2081,linsitinib,6.299
HCT116,linsitinib,6.317
KLE,linsitinib,6.374
HEC108,linsitinib,6.382
BL70,linsitinib,6.396
NCIH1963,linsitinib,6.399
CAOV3,linsitinib,6.435
HT1080,linsitinib,6.441
SKMEL1,linsitinib,6.443
OV7,linsitinib,6.478
AMO1,linsitinib,6.525
HCT8,linsitinib,6.529
NCIH841,linsitinib,6.54
OVMANA,linsitinib,6.542
COV318,linsitinib,6.542
JHOM1,linsitinib,6.59
PC3,linsitinib,6.598
SNU840,linsitinib,6.621
SNUC5,linsitinib,6.669
OVK18,linsitinib,6.688
TYKNU,linsitinib,6.713
SNU398,linsitinib,6.72
SKMEL28,linsitinib,6.724
MDST8,linsitinib,6.756
SQ1,linsitinib,6.773
HEC59,linsitinib,6.778
HCC1359,linsitinib,6.8
JHOC5,linsitinib,6.828
A2780,linsitinib,6.83
SNGM,linsitinib,6.84
SUDHL5,linsitinib,6.852
RKN,linsitinib,6.867
NCIH1915,linsitinib,6.874
EFO27,linsitinib,6.918
RKO,linsitinib,6.918
KM12,linsitinib,6.957
NCIH2023,linsitinib,6.965
LS180,linsitinib,6.979
OAW42,linsitinib,7.015
HCC1195,linsitinib,7.046
NCIH2286,linsitinib,7.051
NCIH1694,linsitinib,7.078
JHH6,linsitinib,7.149
OVKATE,linsitinib,7.271
CORL51,linsitinib,7.365
OCILY10,linsitinib,7.443
NCIH460,linsitinib,7.592
SNU81,linsitinib,7.685
AGS,linsitinib,8.524
A2780,lovastatin acid,0.996
OVCAR8,lovastatin acid,1.429
OVKATE,lovastatin acid,1.635
OVK18,lovastatin acid,2.345
MOLM16,lovastatin acid,2.422
RKN,lovastatin acid,2.511
HT1080,lovastatin acid,2.523
OV90,lovastatin acid,2.804
HCC2108,lovastatin acid,2.81
JHOM1,lovastatin acid,2.875
JHUEM2,lovastatin acid,2.88
SUDHL4,lovastatin acid,3.109
COV434,lovastatin acid,3.136
KMS11,lovastatin acid,3.212
SCLC21H,lovastatin acid,3.252
SKM1,lovastatin acid,3.461
LS180,lovastatin acid,3.463
OCIAML3,lovastatin acid,3.687
SUDHL5,lovastatin acid,3.747
RPMI8226,lovastatin acid,3.758
T3M10,lovastatin acid,3.761
SCC9,lovastatin acid,3.95
SW480,lovastatin acid,4.049
HCC1195,lovastatin acid,4.116
HEC151,lovastatin acid,4.172
NCIH1781,lovastatin acid,4.28
HCC827,lovastatin acid,4.284
PL21,lovastatin acid,4.316
NCIH2030,lovastatin acid,4.39
SNU840,lovastatin acid,4.411
U937,lovastatin acid,4.416
SKLU1,lovastatin acid,4.54
SW620,lovastatin acid,4.547
COV362,lovastatin acid,4.606
IGROV1,lovastatin acid,4.781
NCIH1755,lovastatin acid,4.799
OVCAR4,lovastatin acid,4.804
OCILY10,lovastatin acid,4.828
NCIH2122,lovastatin acid,4.885
LN229,lovastatin acid,4.902
HCC4006,lovastatin acid,5.038
NCIH3255,lovastatin acid,5.06
NCIH2081,lovastatin acid,5.067
RMUGS,lovastatin acid,5.08
RMGI,lovastatin acid,5.089
LS123,lovastatin acid,5.102
HCC15,lovastatin acid,5.106
TYKNU,lovastatin acid,5.114
MDST8,lovastatin acid,5.191
COLO678,lovastatin acid,5.223
THP1,lovastatin acid,5.243
A375,lovastatin acid,5.261
SNU398,lovastatin acid,5.269
GDM1,lovastatin acid,5.315
CAL12T,lovastatin acid,5.356
HCT116,lovastatin acid,5.37
WSUDLCL2,lovastatin acid,5.38
SKMEL5,lovastatin acid,5.382
OAW42,lovastatin acid,5.44
NCIH1876,lovastatin acid,5.444
HCT8,lovastatin acid,5.454
RCM1,lovastatin acid,5.468
SNU175,lovastatin acid,5.559
NCIH2023,lovastatin acid,5.579
SNU1040,lovastatin acid,5.593
JHOC5,lovastatin acid,5.756
HCC1359,lovastatin acid,5.759
HCC2935,lovastatin acid,5.778
SKMEL1,lovastatin acid,5.821
NCIH1836,lovastatin acid,5.826
MCF7,lovastatin acid,5.879
NCIH1694,lovastatin acid,5.891
LP1,lovastatin acid,5.918
AGS,lovastatin acid,5.966
NCIH841,lovastatin acid,6.027
LOVO,lovastatin acid,6.029
NCIH596,lovastatin acid,6.069
HT115,lovastatin acid,6.076
SQ1,lovastatin acid,6.181
CL34,lovastatin acid,6.191
NCIH2342,lovastatin acid,6.211
CW2,lovastatin acid,6.238
EFO27,lovastatin acid,6.283
OV7,lovastatin acid,6.284
NCIH1963,lovastatin acid,6.292
SNU61,lovastatin acid,6.297
RKO,lovastatin acid,6.418
NCIH2172,lovastatin acid,6.42
RCC10RGB,lovastatin acid,6.435
HT55,lovastatin acid,6.476
COLO320,lovastatin acid,6.482
SW948,lovastatin acid,6.483
HCC1833,lovastatin acid,6.485
CL40,lovastatin acid,6.49
KM12,lovastatin acid,6.5
CORL23,lovastatin acid,6.549
SNU81,lovastatin acid,6.611
NOMO1,lovastatin acid,6.612
SNUC5,lovastatin acid,6.654
NCIH460,lovastatin acid,6.661
HEPG2,lovastatin acid,6.684
HT29,lovastatin acid,6.852
EJM,lovastatin acid,6.861
SNUC4,lovastatin acid,6.908
CAOV3,lovastatin acid,6.939
NCIH441,lovastatin acid,7.001
COV644,lovastatin acid,7.049
NCIH508,lovastatin acid,7.297
SKMEL28,lovastatin acid,7.35
NUDUL1,lovastatin acid,7.448
NCIH2110,lovastatin acid,7.953
CORL51,lovastatin acid,8.245
AMO1,lovastatin acid,8.255
NCIH2141,lovastatin acid,8.833
NCIH1105,lovastatin acid,8.948
PL21,LY-2183240,0.863
KMS11,LY-2183240,1.324
GDM1,LY-2183240,1.688
OCIAML3,LY-2183240,1.699
KE97,LY-2183240,1.706
KU812,LY-2183240,1.765
NOMO1,LY-2183240,1.864
BL70,LY-2183240,1.996
JHUEM2,LY-2183240,2.015
NCIH1836,LY-2183240,2.025
THP1,LY-2183240,2.05
HT,LY-2183240,2.129
SW48,LY-2183240,2.175
WSUDLCL2,LY-2183240,2.192
NCIH1876,LY-2183240,2.192
MSTO211H,LY-2183240,2.216
LU99,LY-2183240,2.369
DMS273,LY-2183240,2.369
SKM1,LY-2183240,2.425
HCT116,LY-2183240,2.429
NUDUL1,LY-2183240,2.43
NCIH1694,LY-2183240,2.438
NCIH23,LY-2183240,2.439
SCLC21H,LY-2183240,2.461
CORL279,LY-2183240,2.494
NCIH1048,LY-2183240,2.535
NCIH1963,LY-2183240,2.545
NCIH82,LY-2183240,2.549
MOLM16,LY-2183240,2.602
EJM,LY-2183240,2.615
OVCAR8,LY-2183240,2.62
G401,LY-2183240,2.661
A375,LY-2183240,2.682
GP2D,LY-2183240,2.761
OVKATE,LY-2183240,2.772
NCIH2286,LY-2183240,2.793
HEC151,LY-2183240,2.806
ISHIKAWAHERAKLIO02ER,LY-2183240,2.836
HSC2,LY-2183240,2.838
CHAGOK1,LY-2183240,2.866
SNUC5,LY-2183240,2.963
NCIH841,LY-2183240,2.965
NCIH2029,LY-2183240,2.973
LP1,LY-2183240,2.973
COLO741,LY-2183240,2.986
NCIH810,LY-2183240,2.988
SNU398,LY-2183240,2.995
CALU6,LY-2183240,3
SUDHL5,LY-2183240,3.027
NCIH2141,LY-2183240,3.086
SKMEL5,LY-2183240,3.094
NCIH1299,LY-2183240,3.115
U937,LY-2183240,3.142
SHP77,LY-2183240,3.15
SNU81,LY-2183240,3.153
RPMI8226,LY-2183240,3.236
OVCAR4,LY-2183240,3.243
5637,LY-2183240,3.257
OVK18,LY-2183240,3.26
HT115,LY-2183240,3.271
A2780,LY-2183240,3.276
AMO1,LY-2183240,3.303
RKO,LY-2183240,3.307
SNUC4,LY-2183240,3.311
LS513,LY-2183240,3.329
AGS,LY-2183240,3.332
LS180,LY-2183240,3.345
HEC251,LY-2183240,3.37
COV434,LY-2183240,3.388
RKN,LY-2183240,3.394
MFE319,LY-2183240,3.402
KM12,LY-2183240,3.434
NCIH522,LY-2183240,3.455
P3HR1,LY-2183240,3.474
COLO320,LY-2183240,3.504
TYKNU,LY-2183240,3.54
HEC108,LY-2183240,3.548
VMRCLCD,LY-2183240,3.584
RMUGS,LY-2183240,3.59
MDST8,LY-2183240,3.592
LN229,LY-2183240,3.611
COLO668,LY-2183240,3.621
NCIH1568,LY-2183240,3.623
LOVO,LY-2183240,3.655
SNU175,LY-2183240,3.679
KLE,LY-2183240,3.712
HT1080,LY-2183240,3.753
HEYA8,LY-2183240,3.761
JHOS4,LY-2183240,3.773
NCIH596,LY-2183240,3.79
NCIH1930,LY-2183240,3.793
HCC1359,LY-2183240,3.803
DLD1,LY-2183240,3.839
NCIH1781,LY-2183240,3.881
NCIH661,LY-2183240,3.886
SUDHL4,LY-2183240,3.898
HCC33,LY-2183240,3.916
CL34,LY-2183240,3.941
OV90,LY-2183240,3.946
PC3,LY-2183240,3.957
RMGI,LY-2183240,3.966
NCIH1975,LY-2183240,3.993
KYSE410,LY-2183240,4.005
NCIH1105,LY-2183240,4.038
MCF7,LY-2183240,4.045
SKMEL1,LY-2183240,4.063
KNS62,LY-2183240,4.121
SNU1040,LY-2183240,4.123
OAW42,LY-2183240,4.141
HCC15,LY-2183240,4.148
NCIH1944,LY-2183240,4.206
RT4,LY-2183240,4.209
CORL23,LY-2183240,4.211
UMUC3,LY-2183240,4.212
NCIH2009,LY-2183240,4.229
LCLC97TM1,LY-2183240,4.237
NCIH1373,LY-2183240,4.249
NCIH508,LY-2183240,4.267
LS411N,LY-2183240,4.286
NCIH358,LY-2183240,4.302
HT55,LY-2183240,4.308
A549,LY-2183240,4.321
KP3,LY-2183240,4.339
NCIH1755,LY-2183240,4.357
QGP1,LY-2183240,4.36
HEC6,LY-2183240,4.388
SNU61,LY-2183240,4.394
HEC265,LY-2183240,4.401
HS852T,LY-2183240,4.406
HS936T,LY-2183240,4.417
LC1SQSF,LY-2183240,4.456
NCIH1792,LY-2183240,4.465
HARA,LY-2183240,4.484
HCC4006,LY-2183240,4.488
CW2,LY-2183240,4.51
KYSE140,LY-2183240,4.517
SNUC2A,LY-2183240,4.52
SW948,LY-2183240,4.537
HCT8,LY-2183240,4.546
SNGM,LY-2183240,4.564
SCC9,LY-2183240,4.565
COLO205,LY-2183240,4.585
SKCO1,LY-2183240,4.587
SKOV3,LY-2183240,4.627
NCIH2342,LY-2183240,4.63
CORL88,LY-2183240,4.633
SW480,LY-2183240,4.636
OCILY10,LY-2183240,4.637
HS944T,LY-2183240,4.646
LXF289,LY-2183240,4.648
G361,LY-2183240,4.673
NCIH650,LY-2183240,4.723
HCC78,LY-2183240,4.731
NCIH2122,LY-2183240,4.777
CAL12T,LY-2183240,4.79
U2OS,LY-2183240,4.798
NUGC4,LY-2183240,4.802
KYSE450,LY-2183240,4.809
NCIH2405,LY-2183240,4.817
JHOM1,LY-2183240,4.826
NCIH2081,LY-2183240,4.836
HCC2108,LY-2183240,4.845
LCLC103H,LY-2183240,4.88
MC116,LY-2183240,4.891
SW620,LY-2183240,4.935
PANC0327,LY-2183240,4.937
GAMG,LY-2183240,4.954
EBC1,LY-2183240,4.958
CL40,LY-2183240,4.985
HUPT4,LY-2183240,5
CORL51,LY-2183240,5.003
SF295,LY-2183240,5.004
NCIH1437,LY-2183240,5.056
SUIT2,LY-2183240,5.059
HT1376,LY-2183240,5.075
PATU8902,LY-2183240,5.084
NCIH28,LY-2183240,5.091
HCC44,LY-2183240,5.133
NCIH1435,LY-2183240,5.161
IGROV1,LY-2183240,5.166
EPLC272H,LY-2183240,5.172
HCC1833,LY-2183240,5.205
LS123,LY-2183240,5.239
JHOC5,LY-2183240,5.252
PANC1005,LY-2183240,5.299
SKLU1,LY-2183240,5.312
NCIH1793,LY-2183240,5.321
NCIH1666,LY-2183240,5.327
NCIH2110,LY-2183240,5.327
LU65,LY-2183240,5.34
C2BBE1,LY-2183240,5.355
NCIH2126,LY-2183240,5.363
RCC10RGB,LY-2183240,5.383
RERFLCKJ,LY-2183240,5.386
DV90,LY-2183240,5.428
CAOV3,LY-2183240,5.457
NCIH1915,LY-2183240,5.468
NCIH1355,LY-2183240,5.469
CALU3,LY-2183240,5.488
VMRCRCW,LY-2183240,5.494
T3M10,LY-2183240,5.52
SNU840,LY-2183240,5.526
SW403,LY-2183240,5.531
COV644,LY-2183240,5.559
SNU449,LY-2183240,5.573
HEC59,LY-2183240,5.582
COV362,LY-2183240,5.584
NCIH441,LY-2183240,5.591
EFO27,LY-2183240,5.601
NCIH727,LY-2183240,5.621
FU97,LY-2183240,5.633
MKN74,LY-2183240,5.683
HCC827,LY-2183240,5.703
NCIH2030,LY-2183240,5.783
RCM1,LY-2183240,5.8
HCC2935,LY-2183240,5.818
NCIH460,LY-2183240,5.879
HT29,LY-2183240,5.886
CAPAN2,LY-2183240,5.911
OVMANA,LY-2183240,5.941
NCIH1573,LY-2183240,5.945
SH10TC,LY-2183240,5.964
HCC1195,LY-2183240,5.966
NCIH2052,LY-2183240,5.989
OV7,LY-2183240,6.02
KMBC2,LY-2183240,6.131
MKN7,LY-2183240,6.208
SQ1,LY-2183240,6.311
EFO21,LY-2183240,6.327
NCIH2172,LY-2183240,6.327
NCIH3255,LY-2183240,6.418
HPAC,LY-2183240,6.515
BEN,LY-2183240,6.528
NCIH2023,LY-2183240,6.535
COV318,LY-2183240,6.604
CFPAC1,LY-2183240,6.641
COLO678,LY-2183240,6.677
JHH6,LY-2183240,6.69
HEPG2,LY-2183240,6.705
SKMEL28,LY-2183240,8.555
NCIH1694,manumycin A,1.13
NCIH1105,manumycin A,1.212
NUDUL1,manumycin A,1.463
WSUDLCL2,manumycin A,1.828
SKM1,manumycin A,1.845
GDM1,manumycin A,2.066
SUDHL5,manumycin A,2.133
NCIH1876,manumycin A,2.266
OVK18,manumycin A,2.319
PL21,manumycin A,2.345
NCIH1963,manumycin A,2.393
NCIH841,manumycin A,2.456
RPMI8226,manumycin A,2.735
OVCAR8,manumycin A,2.914
U937,manumycin A,2.959
NCIH1836,manumycin A,2.959
HCT116,manumycin A,3.222
EJM,manumycin A,3.364
KMS11,manumycin A,3.413
SW620,manumycin A,3.438
JHUEM2,manumycin A,3.632
SW480,manumycin A,3.695
BL70,manumycin A,3.954
SUDHL4,manumycin A,3.955
LP1,manumycin A,3.958
RKN,manumycin A,4.001
NCIH2081,manumycin A,4.008
HEC108,manumycin A,4.058
SNU175,manumycin A,4.16
CORL23,manumycin A,4.194
OVCAR4,manumycin A,4.221
A2780,manumycin A,4.358
CORL51,manumycin A,4.369
OVKATE,manumycin A,4.38
HEC151,manumycin A,4.396
COV434,manumycin A,4.423
NOMO1,manumycin A,4.487
MOLM16,manumycin A,4.495
HCC1359,manumycin A,4.501
OV90,manumycin A,4.506
RMGI,manumycin A,4.54
NCIH1930,manumycin A,4.583
THP1,manumycin A,4.641
SNU81,manumycin A,4.649
NCIH2342,manumycin A,4.666
HCC4006,manumycin A,4.733
NCIH596,manumycin A,4.739
OCIAML3,manumycin A,4.787
NCIH1781,manumycin A,4.791
COLO668,manumycin A,4.865
SNUC5,manumycin A,4.983
A375,manumycin A,5.009
NCIH2286,manumycin A,5.053
SNU840,manumycin A,5.115
COLO320,manumycin A,5.143
HT1080,manumycin A,5.162
JHOC5,manumycin A,5.259
SNU398,manumycin A,5.276
PC3,manumycin A,5.286
ISHIKAWAHERAKLIO02ER,manumycin A,5.29
SNGM,manumycin A,5.299
CW2,manumycin A,5.321
SKMEL1,manumycin A,5.324
NCIH2141,manumycin A,5.379
RKO,manumycin A,5.387
NCIH1915,manumycin A,5.419
JHOS4,manumycin A,5.465
OCILY10,manumycin A,5.478
JHOM1,manumycin A,5.498
LXF289,manumycin A,5.534
RERFLCKJ,manumycin A,5.559
TYKNU,manumycin A,5.575
KLE,manumycin A,5.58
LS180,manumycin A,5.594
LN229,manumycin A,5.597
IGROV1,manumycin A,5.617
LS123,manumycin A,5.628
NCIH1435,manumycin A,5.672
RMUGS,manumycin A,5.739
MKN74,manumycin A,5.749
SKMEL5,manumycin A,5.749
LOVO,manumycin A,5.753
EFO27,manumycin A,5.76
SCLC21H,manumycin A,5.776
HCC15,manumycin A,5.777
AGS,manumycin A,5.784
HCC1195,manumycin A,5.795
SNU449,manumycin A,5.84
OV7,manumycin A,5.852
RCC10RGB,manumycin A,5.854
HS852T,manumycin A,5.873
SCC9,manumycin A,5.906
CAOV3,manumycin A,5.908
NCIH441,manumycin A,5.967
HEC59,manumycin A,5.977
SNUC4,manumycin A,5.983
HCC2935,manumycin A,6.008
JHH6,manumycin A,6.024
HCT8,manumycin A,6.051
MCF7,manumycin A,6.086
NCIH508,manumycin A,6.101
OVMANA,manumycin A,6.128
NCIH1755,manumycin A,6.138
HCC2108,manumycin A,6.145
NCIH2023,manumycin A,6.158
SNU1040,manumycin A,6.173
CL34,manumycin A,6.182
GAMG,manumycin A,6.197
HCC827,manumycin A,6.198
COV644,manumycin A,6.207
SKMEL28,manumycin A,6.207
U2OS,manumycin A,6.215
NCIH2110,manumycin A,6.22
HT55,manumycin A,6.232
SQ1,manumycin A,6.233
RCM1,manumycin A,6.239
PATU8902,manumycin A,6.285
NCIH3255,manumycin A,6.302
COLO678,manumycin A,6.34
COV318,manumycin A,6.468
KM12,manumycin A,6.474
T3M10,manumycin A,6.476
AMO1,manumycin A,6.59
HT29,manumycin A,6.594
HCC1833,manumycin A,6.609
NCIH2122,manumycin A,6.627
SKLU1,manumycin A,6.639
CAL12T,manumycin A,6.641
MDST8,manumycin A,6.646
NCIH2030,manumycin A,6.706
SNU61,manumycin A,6.733
NCIH460,manumycin A,6.745
HT115,manumycin A,6.879
SW948,manumycin A,6.915
OAW42,manumycin A,6.944
NCIH2172,manumycin A,7.032
CL40,manumycin A,7.066
HEPG2,manumycin A,7.102
COV362,manumycin A,7.463
SKM1,Merck60,0.285
OCIAML3,Merck60,0.417
NUDUL1,Merck60,0.467
NOMO1,Merck60,1.005
SUDHL5,Merck60,1.144
KMS11,Merck60,1.382
WSUDLCL2,Merck60,1.407
SNU175,Merck60,1.407
HEC151,Merck60,1.85
HCT116,Merck60,1.884
PL21,Merck60,1.91
HT115,Merck60,1.981
RPMI8226,Merck60,1.986
KE97,Merck60,2.053
THP1,Merck60,2.106
NCIH1963,Merck60,2.15
AGS,Merck60,2.26
NUGC4,Merck60,2.358
VMRCLCD,Merck60,2.406
SCLC21H,Merck60,2.437
HCT8,Merck60,2.448
MOLM16,Merck60,2.606
CORL51,Merck60,2.691
SUDHL4,Merck60,2.733
GDM1,Merck60,2.831
AMO1,Merck60,2.843
MC116,Merck60,2.872
P3HR1,Merck60,2.912
LOVO,Merck60,2.913
A2780,Merck60,2.956
HCC78,Merck60,2.967
COLO205,Merck60,3.02
SW948,Merck60,3.047
HT1080,Merck60,3.109
OVCAR8,Merck60,3.196
OVKATE,Merck60,3.213
NCIH2122,Merck60,3.228
HCC15,Merck60,3.329
HEC6,Merck60,3.348
CL34,Merck60,3.377
KU812,Merck60,3.394
LS180,Merck60,3.417
RCM1,Merck60,3.552
A375,Merck60,3.602
NCIH810,Merck60,3.605
MDST8,Merck60,3.645
DMS273,Merck60,3.723
NCIH82,Merck60,3.723
ISHIKAWAHERAKLIO02ER,Merck60,3.724
CORL23,Merck60,3.727
U937,Merck60,3.743
5637,Merck60,3.764
OCILY10,Merck60,3.777
OVK18,Merck60,3.784
COV644,Merck60,3.862
SKMEL5,Merck60,3.867
HCC33,Merck60,3.878
NCIH1105,Merck60,3.973
CORL279,Merck60,3.999
BL70,Merck60,4.075
PC3,Merck60,4.082
MSTO211H,Merck60,4.102
IGROV1,Merck60,4.108
SNUC4,Merck60,4.147
FU97,Merck60,4.155
CW2,Merck60,4.179
TYKNU,Merck60,4.212
G401,Merck60,4.226
HEYA8,Merck60,4.277
LC1SQSF,Merck60,4.28
HCC2108,Merck60,4.307
G361,Merck60,4.387
HCC4006,Merck60,4.461
NCIH1930,Merck60,4.463
RMGI,Merck60,4.48
RERFLCKJ,Merck60,4.489
CORL88,Merck60,4.498
SKMEL1,Merck60,4.522
HUPT4,Merck60,4.556
HEC265,Merck60,4.558
NCIH2110,Merck60,4.569
HCC827,Merck60,4.575
HT,Merck60,4.581
LCLC103H,Merck60,4.593
NCIH2009,Merck60,4.596
OVCAR4,Merck60,4.6
SNUC5,Merck60,4.601
NCIH1568,Merck60,4.611
RKN,Merck60,4.64
EBC1,Merck60,4.652
NCIH1975,Merck60,4.669
CALU3,Merck60,4.7
NCIH1694,Merck60,4.709
NCIH2081,Merck60,4.724
NCIH1781,Merck60,4.724
NCIH441,Merck60,4.729
JHUEM2,Merck60,4.737
JHOC5,Merck60,4.738
LCLC97TM1,Merck60,4.74
NCIH23,Merck60,4.743
COV434,Merck60,4.782
SHP77,Merck60,4.819
OV90,Merck60,4.852
LS411N,Merck60,4.853
RMUGS,Merck60,4.86
GP2D,Merck60,4.882
NCIH2141,Merck60,4.953
MCF7,Merck60,4.953
KM12,Merck60,4.972
SQ1,Merck60,4.976
NCIH28,Merck60,5.059
NCIH1944,Merck60,5.076
NCIH2126,Merck60,5.076
HCC44,Merck60,5.086
SCC9,Merck60,5.09
NCIH1437,Merck60,5.102
LS123,Merck60,5.103
DLD1,Merck60,5.135
SNU840,Merck60,5.164
HCC1195,Merck60,5.184
KNS62,Merck60,5.192
NCIH1876,Merck60,5.207
COLO320,Merck60,5.236
BEN,Merck60,5.241
NCIH1666,Merck60,5.247
NCIH841,Merck60,5.251
NCIH508,Merck60,5.259
EJM,Merck60,5.27
A549,Merck60,5.274
LU99,Merck60,5.274
HS936T,Merck60,5.281
LS513,Merck60,5.291
CAL12T,Merck60,5.34
LXF289,Merck60,5.356
NCIH596,Merck60,5.367
NCIH1915,Merck60,5.374
SW480,Merck60,5.401
T3M10,Merck60,5.41
PATU8902,Merck60,5.413
EFO27,Merck60,5.433
NCIH1373,Merck60,5.436
SW620,Merck60,5.442
NCIH522,Merck60,5.449
KYSE140,Merck60,5.468
NCIH661,Merck60,5.482
NCIH2286,Merck60,5.493
HEC59,Merck60,5.518
SNU1040,Merck60,5.538
PANC1005,Merck60,5.543
CFPAC1,Merck60,5.545
SF295,Merck60,5.563
U2OS,Merck60,5.569
NCIH1355,Merck60,5.59
OV7,Merck60,5.603
SNU449,Merck60,5.604
NCIH2172,Merck60,5.604
RT4,Merck60,5.61
NCIH727,Merck60,5.65
RKO,Merck60,5.651
HT1376,Merck60,5.651
HEPG2,Merck60,5.665
NCIH1435,Merck60,5.684
RCC10RGB,Merck60,5.688
NCIH1048,Merck60,5.704
HS944T,Merck60,5.728
MFE319,Merck60,5.747
COLO678,Merck60,5.759
HT29,Merck60,5.81
OVMANA,Merck60,5.813
NCIH3255,Merck60,5.815
KYSE410,Merck60,5.817
EPLC272H,Merck60,5.835
NCIH1792,Merck60,5.84
NCIH1299,Merck60,5.843
HEC251,Merck60,5.85
SNGM,Merck60,5.867
KP3,Merck60,5.868
SUIT2,Merck60,5.89
LP1,Merck60,5.892
NCIH358,Merck60,5.911
JHOM1,Merck60,5.949
KYSE450,Merck60,5.957
NCIH1836,Merck60,6.008
HS852T,Merck60,6.024
GAMG,Merck60,6.039
SKCO1,Merck60,6.043
NCIH1755,Merck60,6.047
KLE,Merck60,6.057
SNU81,Merck60,6.061
VMRCRCW,Merck60,6.065
PANC0327,Merck60,6.069
LU65,Merck60,6.072
NCIH2405,Merck60,6.08
HT55,Merck60,6.08
UMUC3,Merck60,6.092
NCIH2029,Merck60,6.119
HSC2,Merck60,6.139
JHOS4,Merck60,6.144
CAPAN2,Merck60,6.152
HEC108,Merck60,6.168
LN229,Merck60,6.254
HCC2935,Merck60,6.255
DV90,Merck60,6.255
CALU6,Merck60,6.256
COLO741,Merck60,6.26
SKLU1,Merck60,6.292
OAW42,Merck60,6.298
C2BBE1,Merck60,6.322
NCIH2030,Merck60,6.362
SW403,Merck60,6.392
MKN7,Merck60,6.426
COLO668,Merck60,6.445
HCC1359,Merck60,6.448
HCC1833,Merck60,6.468
NCIH1573,Merck60,6.481
SNU398,Merck60,6.513
KMBC2,Merck60,6.539
SKOV3,Merck60,6.565
SKMEL28,Merck60,6.572
SW48,Merck60,6.616
CAOV3,Merck60,6.656
SNU61,Merck60,6.731
COV318,Merck60,6.747
NCIH460,Merck60,6.762
NCIH2052,Merck60,6.822
QGP1,Merck60,6.881
MKN74,Merck60,6.897
HARA,Merck60,6.912
SH10TC,Merck60,6.957
EFO21,Merck60,6.964
NCIH1793,Merck60,6.997
HPAC,Merck60,7.012
SNUC2A,Merck60,7.019
CHAGOK1,Merck60,7.03
NCIH650,Merck60,7.053
NCIH2342,Merck60,7.058
NCIH2023,Merck60,7.085
CL40,Merck60,7.219
COV362,Merck60,7.359
JHH6,Merck60,8.603
LXF289,mitomycin,0.971
KLE,mitomycin,2.276
ISHIKAWAHERAKLIO02ER,mitomycin,2.598
NCIH1435,mitomycin,3.103
BL70,mitomycin,3.332
GAMG,mitomycin,3.484
PATU8902,mitomycin,4.576
NCIH1930,mitomycin,5.035
RERFLCKJ,mitomycin,5.112
HEC59,mitomycin,5.158
COLO668,mitomycin,5.186
JHOS4,mitomycin,5.209
SNGM,mitomycin,5.213
OVMANA,mitomycin,5.499
COV318,mitomycin,5.6
PC3,mitomycin,5.941
HEC108,mitomycin,5.999
HS852T,mitomycin,6.119
NCIH2286,mitomycin,6.314
MKN74,mitomycin,6.346
NCIH1915,mitomycin,6.387
SNU449,mitomycin,6.624
JHH6,mitomycin,7.062
MOLM16,MK 1775,0.102
SCLC21H,MK 1775,0.152
SUDHL5,MK 1775,0.227
SKM1,MK 1775,0.231
NOMO1,MK 1775,0.258
NUDUL1,MK 1775,0.265
KMS11,MK 1775,0.332
GDM1,MK 1775,0.344
KE97,MK 1775,0.374
KU812,MK 1775,0.425
OVCAR8,MK 1775,0.448
NCIH1963,MK 1775,0.479
SUDHL4,MK 1775,0.572
EJM,MK 1775,0.584
NCIH1876,MK 1775,0.597
THP1,MK 1775,0.612
PL21,MK 1775,0.623
LS180,MK 1775,0.696
ISHIKAWAHERAKLIO02ER,MK 1775,0.709
AGS,MK 1775,0.714
LCLC97TM1,MK 1775,0.727
OCIAML3,MK 1775,0.754
U937,MK 1775,0.793
HEC6,MK 1775,0.803
WSUDLCL2,MK 1775,0.847
SW948,MK 1775,0.848
MSTO211H,MK 1775,0.877
SNUC4,MK 1775,0.887
OVCAR4,MK 1775,0.973
SNU175,MK 1775,0.98
BL70,MK 1775,1.015
HT,MK 1775,1.023
PANC0327,MK 1775,1.08
KM12,MK 1775,1.081
MFE319,MK 1775,1.086
CORL51,MK 1775,1.208
LOVO,MK 1775,1.236
TYKNU,MK 1775,1.239
NCIH1048,MK 1775,1.267
HEC151,MK 1775,1.347
NCIH2122,MK 1775,1.387
RKO,MK 1775,1.402
SNUC5,MK 1775,1.413
OVKATE,MK 1775,1.425
5637,MK 1775,1.455
CL34,MK 1775,1.46
VMRCLCD,MK 1775,1.508
NCIH841,MK 1775,1.511
NCIH1836,MK 1775,1.517
NCIH810,MK 1775,1.53
SNU61,MK 1775,1.587
KYSE140,MK 1775,1.596
OVK18,MK 1775,1.608
P3HR1,MK 1775,1.692
COV362,MK 1775,1.706
HCC4006,MK 1775,1.712
A375,MK 1775,1.749
NCIH2286,MK 1775,1.773
NCIH1299,MK 1775,1.777
OCILY10,MK 1775,1.801
HT1376,MK 1775,1.812
JHUEM2,MK 1775,1.827
CORL23,MK 1775,1.837
NCIH1694,MK 1775,1.839
MC116,MK 1775,1.839
G401,MK 1775,1.847
HUPT4,MK 1775,1.886
HT1080,MK 1775,1.893
EPLC272H,MK 1775,1.925
HT115,MK 1775,1.979
SNU398,MK 1775,1.982
A2780,MK 1775,1.996
RKN,MK 1775,2.004
NCIH2081,MK 1775,2.047
CAOV3,MK 1775,2.08
LXF289,MK 1775,2.098
RMUGS,MK 1775,2.102
CORL88,MK 1775,2.132
JHOC5,MK 1775,2.142
HEC265,MK 1775,2.15
SNU81,MK 1775,2.163
CHAGOK1,MK 1775,2.177
U2OS,MK 1775,2.182
DMS273,MK 1775,2.192
CALU6,MK 1775,2.197
NCIH1105,MK 1775,2.203
IGROV1,MK 1775,2.234
NCIH3255,MK 1775,2.239
SUIT2,MK 1775,2.255
JHOS4,MK 1775,2.297
RMGI,MK 1775,2.299
JHOM1,MK 1775,2.306
HCC827,MK 1775,2.377
NCIH508,MK 1775,2.389
HCT116,MK 1775,2.396
KYSE410,MK 1775,2.446
CW2,MK 1775,2.475
RCM1,MK 1775,2.519
NCIH82,MK 1775,2.57
HEC251,MK 1775,2.593
HCC15,MK 1775,2.64
SH10TC,MK 1775,2.652
KLE,MK 1775,2.688
CL40,MK 1775,2.689
HCC1833,MK 1775,2.707
HT55,MK 1775,2.717
SKLU1,MK 1775,2.729
HS852T,MK 1775,2.741
COLO668,MK 1775,2.748
NCIH2029,MK 1775,2.788
HEYA8,MK 1775,2.794
HSC2,MK 1775,2.804
COLO320,MK 1775,2.823
RT4,MK 1775,2.845
NCIH1666,MK 1775,2.847
GAMG,MK 1775,2.877
CORL279,MK 1775,2.88
SCC9,MK 1775,2.935
PATU8902,MK 1775,2.939
NCIH1930,MK 1775,2.943
HEC108,MK 1775,2.95
T3M10,MK 1775,2.958
HS936T,MK 1775,2.975
KYSE450,MK 1775,2.983
CAL12T,MK 1775,3.024
VMRCRCW,MK 1775,3.028
SNUC2A,MK 1775,3.056
SQ1,MK 1775,3.085
NCIH2141,MK 1775,3.096
LS123,MK 1775,3.101
LN229,MK 1775,3.11
NCIH596,MK 1775,3.113
NCIH2172,MK 1775,3.115
HCC2935,MK 1775,3.125
HEC59,MK 1775,3.137
RERFLCKJ,MK 1775,3.166
AMO1,MK 1775,3.215
LP1,MK 1775,3.252
NCIH1435,MK 1775,3.254
SKMEL5,MK 1775,3.262
OV90,MK 1775,3.275
KNS62,MK 1775,3.311
SNGM,MK 1775,3.324
NCIH1755,MK 1775,3.339
COV434,MK 1775,3.35
RPMI8226,MK 1775,3.369
SNU1040,MK 1775,3.391
SW620,MK 1775,3.392
NCIH1915,MK 1775,3.402
EFO27,MK 1775,3.407
NCIH1355,MK 1775,3.435
SKOV3,MK 1775,3.455
KP3,MK 1775,3.473
PC3,MK 1775,3.475
HCC2108,MK 1775,3.572
MCF7,MK 1775,3.599
SKMEL1,MK 1775,3.703
CAPAN2,MK 1775,3.775
KMBC2,MK 1775,3.829
NCIH2405,MK 1775,3.832
G361,MK 1775,3.853
HS944T,MK 1775,3.869
EFO21,MK 1775,3.871
NUGC4,MK 1775,3.934
NCIH1573,MK 1775,3.939
HCT8,MK 1775,3.976
NCIH2030,MK 1775,3.979
QGP1,MK 1775,4.018
MKN74,MK 1775,4.038
FU97,MK 1775,4.055
OV7,MK 1775,4.068
SW403,MK 1775,4.114
COV644,MK 1775,4.136
CALU3,MK 1775,4.306
OAW42,MK 1775,4.307
COV318,MK 1775,4.326
MKN7,MK 1775,4.456
NCIH650,MK 1775,4.557
SNU840,MK 1775,4.576
NCIH1781,MK 1775,4.604
NCIH441,MK 1775,4.606
NCIH2052,MK 1775,4.655
HT29,MK 1775,4.664
NCIH2110,MK 1775,4.69
SF295,MK 1775,4.69
HEPG2,MK 1775,4.716
JHH6,MK 1775,4.744
NCIH2342,MK 1775,4.749
COLO678,MK 1775,4.753
UMUC3,MK 1775,4.795
MDST8,MK 1775,4.871
RCC10RGB,MK 1775,4.883
SW480,MK 1775,5.018
SNU449,MK 1775,5.3
NCIH2023,MK 1775,5.37
HCC1359,MK 1775,5.397
HCC1195,MK 1775,5.493
OVMANA,MK 1775,5.888
NCIH460,MK 1775,6.404
SKMEL28,MK 1775,6.92
SUDHL5,MK-2206,0.493
NUDUL1,MK-2206,0.631
WSUDLCL2,MK-2206,1.44
PL21,MK-2206,1.784
OCIAML3,MK-2206,1.889
LOVO,MK-2206,2.232
THP1,MK-2206,2.259
GDM1,MK-2206,2.397
NCIH596,MK-2206,2.566
SUDHL4,MK-2206,2.628
NOMO1,MK-2206,2.661
NCIH508,MK-2206,2.904
SNU840,MK-2206,3.197
JHUEM2,MK-2206,3.436
RMUGS,MK-2206,3.524
CL40,MK-2206,3.574
CL34,MK-2206,3.741
HCC15,MK-2206,3.808
SKM1,MK-2206,3.809
NCIH2122,MK-2206,3.866
U937,MK-2206,3.998
NCIH1781,MK-2206,4.138
HT55,MK-2206,4.154
LS123,MK-2206,4.295
MDST8,MK-2206,4.322
COV644,MK-2206,4.344
NCIH1755,MK-2206,4.491
HT29,MK-2206,4.516
NCIH441,MK-2206,4.592
T3M10,MK-2206,4.615
RPMI8226,MK-2206,4.616
MOLM16,MK-2206,4.687
SW480,MK-2206,4.743
HT115,MK-2206,4.762
OV90,MK-2206,4.781
LN229,MK-2206,4.786
TYKNU,MK-2206,4.804
SKMEL5,MK-2206,4.876
A375,MK-2206,5.125
HCT116,MK-2206,5.131
OV7,MK-2206,5.134
COLO678,MK-2206,5.162
SKLU1,MK-2206,5.173
SKMEL28,MK-2206,5.299
NCIH460,MK-2206,5.321
CAOV3,MK-2206,5.364
HCT8,MK-2206,5.398
RKO,MK-2206,5.401
RCM1,MK-2206,5.441
HT1080,MK-2206,5.449
SNU1040,MK-2206,5.525
SKMEL1,MK-2206,5.549
SW620,MK-2206,6.069
HEC151,MK-591,2.134
NCIH1105,MK-591,2.37
NCIH1963,MK-591,2.446
LP1,MK-591,2.663
A2780,MK-591,2.832
OVCAR8,MK-591,2.87
JHOM1,MK-591,2.986
NCIH1694,MK-591,3.035
NCIH2141,MK-591,3.091
RPMI8226,MK-591,3.114
KMS11,MK-591,3.191
SW480,MK-591,3.214
SW620,MK-591,3.237
SKM1,MK-591,3.287
LS180,MK-591,3.343
THP1,MK-591,3.349
NCIH841,MK-591,3.364
AGS,MK-591,3.38
WSUDLCL2,MK-591,3.384
OVK18,MK-591,3.404
OVKATE,MK-591,3.505
T3M10,MK-591,3.563
OVCAR4,MK-591,3.565
NCIH2342,MK-591,3.577
NUDUL1,MK-591,3.581
RMGI,MK-591,3.628
HCC2108,MK-591,3.643
RKN,MK-591,3.655
SNU398,MK-591,3.688
GDM1,MK-591,3.693
JHUEM2,MK-591,3.805
OCIAML3,MK-591,3.947
NCIH596,MK-591,3.947
PL21,MK-591,3.958
NCIH2023,MK-591,4.016
CAL12T,MK-591,4.18
SKMEL5,MK-591,4.253
HCT116,MK-591,4.269
OV90,MK-591,4.277
SUDHL5,MK-591,4.301
SW948,MK-591,4.335
HCC4006,MK-591,4.358
LN229,MK-591,4.359
NCIH2122,MK-591,4.36
NCIH441,MK-591,4.365
CW2,MK-591,4.376
NOMO1,MK-591,4.396
COV434,MK-591,4.398
IGROV1,MK-591,4.399
JHOC5,MK-591,4.418
SNUC4,MK-591,4.433
HCC1195,MK-591,4.474
HCC1833,MK-591,4.504
U937,MK-591,4.506
RMUGS,MK-591,4.56
NCIH1876,MK-591,4.584
COLO320,MK-591,4.591
SCLC21H,MK-591,4.62
SNU840,MK-591,4.65
SNUC5,MK-591,4.698
NCIH2081,MK-591,4.744
NCIH1836,MK-591,4.771
KM12,MK-591,4.824
SNU175,MK-591,4.832
SCC9,MK-591,4.866
SNU1040,MK-591,4.909
MCF7,MK-591,4.918
RCC10RGB,MK-591,5.024
NCIH1755,MK-591,5.047
TYKNU,MK-591,5.07
CORL51,MK-591,5.112
EJM,MK-591,5.114
HCT8,MK-591,5.117
HT1080,MK-591,5.188
HCC2935,MK-591,5.227
NCIH2110,MK-591,5.233
LOVO,MK-591,5.274
NCIH508,MK-591,5.292
HCC827,MK-591,5.296
NCIH2030,MK-591,5.341
NCIH2172,MK-591,5.352
SNU61,MK-591,5.412
SNU81,MK-591,5.442
NCIH1781,MK-591,5.444
HCC15,MK-591,5.449
SKLU1,MK-591,5.451
HT55,MK-591,5.457
RCM1,MK-591,5.474
MDST8,MK-591,5.479
LS123,MK-591,5.479
U2OS,MK-591,5.483
A375,MK-591,5.496
MOLM16,MK-591,5.504
SUDHL4,MK-591,5.714
OCILY10,MK-591,5.728
SKMEL1,MK-591,5.83
COLO678,MK-591,5.877
CORL23,MK-591,5.883
COV644,MK-591,5.898
NCIH460,MK-591,5.909
EFO27,MK-591,6.003
CAOV3,MK-591,6.021
OV7,MK-591,6.149
HT115,MK-591,6.16
RKO,MK-591,6.179
AMO1,MK-591,6.242
HEPG2,MK-591,6.389
CL34,MK-591,6.467
OAW42,MK-591,6.523
HCC1359,MK-591,6.536
CL40,MK-591,6.566
SQ1,MK-591,6.775
HT29,MK-591,6.803
NCIH3255,MK-591,6.9
SKMEL28,MK-591,7.067
COV362,MK-591,7.563
COV434,ML006,2.53
PL21,ML006,2.655
GDM1,ML006,2.745
HEC151,ML006,2.822
OVKATE,ML006,2.882
MCF7,ML006,3.061
OCIAML3,ML006,3.112
KMS11,ML006,3.21
LP1,ML006,3.21
RMUGS,ML006,3.372
SNU398,ML006,3.38
OVK18,ML006,3.38
SUDHL5,ML006,3.433
U937,ML006,3.437
A2780,ML006,3.454
SCLC21H,ML006,3.464
NCIH2342,ML006,3.57
RCC10RGB,ML006,3.643
HCC1833,ML006,3.646
AGS,ML006,3.657
THP1,ML006,3.837
IGROV1,ML006,3.865
WSUDLCL2,ML006,3.906
RPMI8226,ML006,3.922
JHOM1,ML006,3.941
NCIH841,ML006,3.99
JHUEM2,ML006,4.016
LS180,ML006,4.025
CW2,ML006,4.066
OCILY10,ML006,4.066
SNUC4,ML006,4.079
NCIH2122,ML006,4.079
COLO320,ML006,4.091
SNUC5,ML006,4.13
HCC2108,ML006,4.205
OVCAR8,ML006,4.226
SKM1,ML006,4.275
OVCAR4,ML006,4.29
SNU81,ML006,4.315
NCIH2141,ML006,4.437
RMGI,ML006,4.469
NCIH2030,ML006,4.486
LOVO,ML006,4.533
NCIH596,ML006,4.563
HCC2935,ML006,4.567
HCC4006,ML006,4.572
CAL12T,ML006,4.606
SW480,ML006,4.608
HCC1195,ML006,4.612
JHOC5,ML006,4.627
SNU840,ML006,4.637
SNU61,ML006,4.64
NCIH1105,ML006,4.644
NCIH2081,ML006,4.648
NCIH3255,ML006,4.86
NOMO1,ML006,4.871
SNU175,ML006,4.882
EJM,ML006,4.889
NCIH1876,ML006,4.923
NCIH2110,ML006,4.962
MOLM16,ML006,4.986
HCC827,ML006,5.035
CAOV3,ML006,5.083
NCIH1694,ML006,5.14
KM12,ML006,5.141
RCM1,ML006,5.151
NCIH1836,ML006,5.157
NCIH441,ML006,5.176
COLO678,ML006,5.181
SW948,ML006,5.192
NCIH2023,ML006,5.197
HT115,ML006,5.289
HT29,ML006,5.333
NCIH2172,ML006,5.361
T3M10,ML006,5.372
SCC9,ML006,5.413
NCIH1755,ML006,5.439
HEPG2,ML006,5.447
SW620,ML006,5.464
NCIH1963,ML006,5.484
NCIH1781,ML006,5.532
EFO27,ML006,5.553
OV90,ML006,5.59
NCIH508,ML006,5.602
SUDHL4,ML006,5.605
RKN,ML006,5.651
SKLU1,ML006,5.658
HCT116,ML006,5.688
SKMEL5,ML006,5.723
COV644,ML006,5.822
OAW42,ML006,5.859
HCC15,ML006,5.907
CORL51,ML006,5.915
CL40,ML006,5.934
HCT8,ML006,5.944
MDST8,ML006,5.946
LS123,ML006,5.952
CL34,ML006,6.037
TYKNU,ML006,6.051
LN229,ML006,6.198
A375,ML006,6.243
HT55,ML006,6.273
HT1080,ML006,6.292
AMO1,ML006,6.335
HCC1359,ML006,6.343
SNU1040,ML006,6.385
NUDUL1,ML006,6.491
SQ1,ML006,6.522
RKO,ML006,6.543
OV7,ML006,6.608
NCIH460,ML006,6.615
CORL23,ML006,6.692
SKMEL28,ML006,6.716
SKMEL1,ML006,6.774
COV362,ML006,6.819
KMS11,ML030,2.728
HEC151,ML030,2.973
SKM1,ML030,3.022
AMO1,ML030,3.305
PL21,ML030,3.487
EJM,ML030,3.593
NUDUL1,ML030,3.634
MOLM16,ML030,3.68
U937,ML030,3.683
SNU175,ML030,3.721
BL70,ML030,3.738
WSUDLCL2,ML030,3.905
GDM1,ML030,3.995
SUDHL5,ML030,4.017
JHUEM2,ML030,4.045
OVCAR4,ML030,4.064
ISHIKAWAHERAKLIO02ER,ML030,4.15
OCIAML3,ML030,4.161
NCIH2141,ML030,4.227
A375,ML030,4.274
LOVO,ML030,4.277
OVCAR8,ML030,4.288
SNUC5,ML030,4.351
NCIH1876,ML030,4.407
LS180,ML030,4.456
OVKATE,ML030,4.5
RKO,ML030,4.528
NCIH841,ML030,4.546
THP1,ML030,4.575
SNUC4,ML030,4.587
JHOS4,ML030,4.587
NOMO1,ML030,4.588
NCIH2286,ML030,4.596
HT115,ML030,4.61
HT1080,ML030,4.617
HEC108,ML030,4.636
RPMI8226,ML030,4.676
NCIH2122,ML030,4.68
HCT116,ML030,4.704
HS852T,ML030,4.724
JHOM1,ML030,4.726
KM12,ML030,4.727
RMUGS,ML030,4.734
SNU81,ML030,4.741
AGS,ML030,4.761
OVK18,ML030,4.773
A2780,ML030,4.783
HCC2108,ML030,4.798
CAOV3,ML030,4.903
KLE,ML030,4.918
HCC4006,ML030,4.921
SCLC21H,ML030,4.935
COLO668,ML030,4.957
SNU398,ML030,4.978
PC3,ML030,5.006
SW948,ML030,5.008
LXF289,ML030,5.02
SNGM,ML030,5.028
RKN,ML030,5.066
LP1,ML030,5.109
CW2,ML030,5.126
NCIH596,ML030,5.14
RMGI,ML030,5.175
SNU1040,ML030,5.193
NCIH1836,ML030,5.194
SUDHL4,ML030,5.202
HCC15,ML030,5.223
TYKNU,ML030,5.293
NCIH508,ML030,5.345
GAMG,ML030,5.358
NCIH1781,ML030,5.371
JHOC5,ML030,5.382
NCIH1105,ML030,5.41
MDST8,ML030,5.418
SW620,ML030,5.476
SKMEL1,ML030,5.476
OV90,ML030,5.477
CL34,ML030,5.507
SNU449,ML030,5.575
MCF7,ML030,5.578
NCIH1755,ML030,5.588
U2OS,ML030,5.589
SNU61,ML030,5.597
CORL23,ML030,5.623
NCIH1915,ML030,5.649
HEC59,ML030,5.653
SCC9,ML030,5.656
COV644,ML030,5.669
SKLU1,ML030,5.699
T3M10,ML030,5.701
COV362,ML030,5.705
OCILY10,ML030,5.711
OVMANA,ML030,5.739
EFO27,ML030,5.747
LN229,ML030,5.764
NCIH1694,ML030,5.769
CORL51,ML030,5.781
RCC10RGB,ML030,5.813
LS123,ML030,5.827
PATU8902,ML030,5.838
SKMEL5,ML030,5.855
COV434,ML030,5.859
SNU840,ML030,5.919
NCIH3255,ML030,5.926
MKN74,ML030,5.941
RERFLCKJ,ML030,5.965
NCIH2081,ML030,5.968
HCC827,ML030,5.994
NCIH1963,ML030,6.104
NCIH1435,ML030,6.126
IGROV1,ML030,6.133
NCIH460,ML030,6.144
HCC1359,ML030,6.153
NCIH2030,ML030,6.173
NCIH2110,ML030,6.269
SW480,ML030,6.288
NCIH441,ML030,6.3
NCIH1930,ML030,6.325
RCM1,ML030,6.367
CL40,ML030,6.379
SQ1,ML030,6.385
OV7,ML030,6.392
COV318,ML030,6.433
COLO678,ML030,6.441
NCIH2172,ML030,6.444
HT29,ML030,6.485
HCT8,ML030,6.496
CAL12T,ML030,6.514
HCC2935,ML030,6.58
NCIH2023,ML030,6.707
OAW42,ML030,6.818
HCC1833,ML030,6.84
HT55,ML030,6.854
HCC1195,ML030,6.931
HEPG2,ML030,6.948
JHH6,ML030,7.087
NCIH2342,ML030,7.092
SKMEL28,ML030,7.511
WSUDLCL2,ML162,0.05
IGROV1,ML162,0.052
JHOS4,ML162,0.053
RCC10RGB,ML162,0.055
GDM1,ML162,0.058
HCC1359,ML162,0.059
PL21,ML162,0.06
COLO668,ML162,0.062
NOMO1,ML162,0.063
NCIH508,ML162,0.064
RKN,ML162,0.07
SUDHL5,ML162,0.071
SKM1,ML162,0.071
JHOC5,ML162,0.073
EFO27,ML162,0.077
OVK18,ML162,0.09
SUDHL4,ML162,0.103
EJM,ML162,0.108
SCLC21H,ML162,0.108
OVCAR8,ML162,0.111
RMUGS,ML162,0.112
HS852T,ML162,0.122
OVCAR4,ML162,0.13
HCC827,ML162,0.131
BL70,ML162,0.133
NCIH1694,ML162,0.199
LS123,ML162,0.209
SW948,ML162,0.212
PC3,ML162,0.232
OVKATE,ML162,0.237
RMGI,ML162,0.245
TYKNU,ML162,0.245
CORL23,ML162,0.255
OCIAML3,ML162,0.28
KMS11,ML162,0.281
NUDUL1,ML162,0.282
NCIH1963,ML162,0.341
A2780,ML162,0.35
KM12,ML162,0.39
SNU840,ML162,0.402
SNU449,ML162,0.415
NCIH441,ML162,0.44
MDST8,ML162,0.453
COV434,ML162,0.467
HCC2108,ML162,0.493
THP1,ML162,0.523
LP1,ML162,0.525
MOLM16,ML162,0.526
NCIH1781,ML162,0.61
HEC59,ML162,0.62
HEC151,ML162,0.689
NCIH1876,ML162,0.762
HCC1195,ML162,0.9
NCIH2141,ML162,0.925
KLE,ML162,0.931
RPMI8226,ML162,1.001
U937,ML162,1.054
NCIH2286,ML162,1.067
HCC4006,ML162,1.076
OVMANA,ML162,1.101
SNUC4,ML162,1.109
SNGM,ML162,1.21
HCC1833,ML162,1.39
SNUC5,ML162,1.403
SNU398,ML162,1.438
COLO678,ML162,1.591
NCIH3255,ML162,1.598
AMO1,ML162,1.741
COV318,ML162,1.89
HT29,ML162,1.955
NCIH841,ML162,1.972
A375,ML162,2.186
SQ1,ML162,2.209
SKLU1,ML162,2.217
HT1080,ML162,2.254
LXF289,ML162,2.26
ISHIKAWAHERAKLIO02ER,ML162,2.305
NCIH1105,ML162,2.348
HCC15,ML162,2.46
NCIH1755,ML162,2.488
AGS,ML162,2.548
CW2,ML162,2.575
NCIH1930,ML162,2.609
OV90,ML162,2.691
NCIH2081,ML162,2.723
OV7,ML162,2.726
SNU81,ML162,2.793
CL40,ML162,2.88
NCIH1836,ML162,2.95
NCIH596,ML162,2.952
T3M10,ML162,2.961
SNU1040,ML162,2.996
LS180,ML162,3.076
LOVO,ML162,3.077
SW480,ML162,3.104
GAMG,ML162,3.172
CORL51,ML162,3.27
SCC9,ML162,3.335
HCT116,ML162,3.403
NCIH2342,ML162,3.504
JHOM1,ML162,3.582
SNU61,ML162,3.615
MKN74,ML162,3.725
PATU8902,ML162,3.783
LN229,ML162,3.813
RKO,ML162,3.819
HEC108,ML162,3.916
NCIH1435,ML162,3.993
U2OS,ML162,4.331
HEPG2,ML162,4.42
MCF7,ML162,4.457
NCIH2110,ML162,4.482
JHUEM2,ML162,4.605
NCIH1915,ML162,4.623
SNU175,ML162,4.65
OAW42,ML162,4.7
COV644,ML162,4.813
SKMEL1,ML162,4.854
CAOV3,ML162,4.871
JHH6,ML162,4.925
HCC2935,ML162,4.972
HT115,ML162,5.013
RERFLCKJ,ML162,5.057
SW620,ML162,5.112
RCM1,ML162,5.209
HT55,ML162,5.239
CAL12T,ML162,5.256
CL34,ML162,5.275
SKMEL5,ML162,5.463
HCT8,ML162,5.536
OCILY10,ML162,5.924
NCIH2122,ML162,6.056
COV362,ML162,6.082
NCIH2172,ML162,6.166
NCIH2030,ML162,6.301
SKMEL28,ML162,6.488
NCIH460,ML162,6.551
NCIH2023,ML162,6.647
NCIH508,ML203,0.65
NCIH1963,ML203,3.61
LP1,ML203,3.623
KMS11,ML203,3.757
SCLC21H,ML203,3.841
SW480,ML203,3.908
U937,ML203,4.031
HEC151,ML203,4.13
PL21,ML203,4.201
COV644,ML203,4.256
MCF7,ML203,4.382
OCIAML3,ML203,4.609
SW620,ML203,4.617
OVCAR8,ML203,4.715
OV90,ML203,4.789
WSUDLCL2,ML203,4.817
RMGI,ML203,4.886
SNU81,ML203,4.893
RPMI8226,ML203,4.988
RMUGS,ML203,5.02
SNU61,ML203,5.098
OVCAR4,ML203,5.126
OVK18,ML203,5.141
AMO1,ML203,5.26
SNUC4,ML203,5.26
NCIH2172,ML203,5.375
COV434,ML203,5.388
NCIH1694,ML203,5.389
SNU398,ML203,5.481
A2780,ML203,5.487
COLO320,ML203,5.491
SKM1,ML203,5.499
HCC4006,ML203,5.499
GDM1,ML203,5.504
LS180,ML203,5.513
OCILY10,ML203,5.543
THP1,ML203,5.568
MOLM16,ML203,5.585
TYKNU,ML203,5.683
NCIH2081,ML203,5.709
NCIH1876,ML203,5.715
NCIH841,ML203,5.742
HCC2108,ML203,5.774
NCIH3255,ML203,5.779
OVKATE,ML203,5.816
HCT116,ML203,5.833
JHOM1,ML203,5.855
SKMEL5,ML203,5.88
SNU175,ML203,5.897
NOMO1,ML203,5.898
JHOC5,ML203,5.899
CL40,ML203,5.923
NCIH1836,ML203,5.949
LN229,ML203,5.955
IGROV1,ML203,5.956
HCC1833,ML203,5.962
SUDHL4,ML203,5.975
LS123,ML203,6.041
SKLU1,ML203,6.063
RKN,ML203,6.089
SUDHL5,ML203,6.092
NCIH1105,ML203,6.116
SNU840,ML203,6.136
HT115,ML203,6.154
SW948,ML203,6.22
NCIH2342,ML203,6.225
HT55,ML203,6.251
NCIH596,ML203,6.255
SKMEL1,ML203,6.257
T3M10,ML203,6.28
NUDUL1,ML203,6.293
RKO,ML203,6.308
NCIH460,ML203,6.318
NCIH2030,ML203,6.321
SNUC5,ML203,6.326
CORL51,ML203,6.343
SQ1,ML203,6.353
JHUEM2,ML203,6.374
HCC827,ML203,6.385
EJM,ML203,6.398
CW2,ML203,6.424
HCC1195,ML203,6.426
HCC2935,ML203,6.43
NCIH2110,ML203,6.481
SKMEL28,ML203,6.486
EFO27,ML203,6.489
HCC15,ML203,6.49
HT1080,ML203,6.528
KM12,ML203,6.565
LOVO,ML203,6.571
NCIH2023,ML203,6.576
U2OS,ML203,6.58
RCM1,ML203,6.612
NCIH2122,ML203,6.635
CAL12T,ML203,6.647
HEPG2,ML203,6.675
SNU1040,ML203,6.771
MDST8,ML203,6.793
NCIH1781,ML203,6.929
HCT8,ML203,6.952
CAOV3,ML203,7.004
HCC1359,ML203,7.015
COLO678,ML203,7.019
OV7,ML203,7.106
CL34,ML203,7.134
HT29,ML203,7.162
NCIH441,ML203,7.17
NCIH2141,ML203,7.189
NCIH1755,ML203,7.24
SCC9,ML203,7.243
A375,ML203,7.349
RCC10RGB,ML203,7.603
CORL23,ML203,7.656
AGS,ML203,7.686
COV362,ML203,7.765
OAW42,ML203,8.029
GDM1,ML210,0.057
WSUDLCL2,ML210,0.063
SUDHL4,ML210,0.065
NOMO1,ML210,0.066
MOLM16,ML210,0.067
SUDHL5,ML210,0.072
RKN,ML210,0.074
PL21,ML210,0.087
RCC10RGB,ML210,0.097
SKM1,ML210,0.105
OVCAR4,ML210,0.14
RMUGS,ML210,0.235
NCIH1694,ML210,0.292
NUDUL1,ML210,0.307
MDST8,ML210,0.325
NCIH508,ML210,0.349
SCLC21H,ML210,0.386
SW948,ML210,0.489
OVK18,ML210,0.58
LS123,ML210,0.663
KM12,ML210,0.704
JHOC5,ML210,0.721
KMS11,ML210,0.722
U937,ML210,0.729
CORL23,ML210,0.827
EFO27,ML210,0.911
HCC1359,ML210,0.97
EJM,ML210,0.978
RMGI,ML210,1.021
OCIAML3,ML210,1.114
NCIH1781,ML210,1.201
IGROV1,ML210,1.236
OVKATE,ML210,1.251
SNU840,ML210,1.298
OVCAR8,ML210,1.382
SNUC4,ML210,1.504
NCIH1963,ML210,1.52
TYKNU,ML210,1.864
HCC1833,ML210,1.893
THP1,ML210,1.938
A2780,ML210,2.09
COLO678,ML210,2.235
HEC151,ML210,2.263
COLO320,ML210,2.672
COV434,ML210,2.796
NCIH441,ML210,2.829
HCC2108,ML210,2.988
HCC827,ML210,3.106
OV90,ML210,3.356
SW480,ML210,3.795
HT1080,ML210,3.88
AMO1,ML210,4.033
T3M10,ML210,4.105
SNU1040,ML210,4.16
CL40,ML210,4.229
NCIH1876,ML210,4.327
RPMI8226,ML210,4.621
HCC4006,ML210,4.67
OV7,ML210,4.721
NCIH1755,ML210,4.724
LP1,ML210,4.852
NCIH2110,ML210,4.872
JHUEM2,ML210,4.992
HCC15,ML210,5.132
SNU398,ML210,5.137
NCIH2141,ML210,5.146
NCIH3255,ML210,5.387
HT29,ML210,5.472
LN229,ML210,5.54
SNUC5,ML210,5.562
A375,ML210,5.612
CW2,ML210,5.629
SNU61,ML210,5.674
HCC1195,ML210,5.768
SKLU1,ML210,5.797
SNU81,ML210,5.881
LOVO,ML210,5.882
NCIH2081,ML210,5.939
COV644,ML210,6.031
NCIH596,ML210,6.132
RKO,ML210,6.235
MCF7,ML210,6.236
NCIH841,ML210,6.251
SNU175,ML210,6.257
HCT116,ML210,6.269
RCM1,ML210,6.36
NCIH2342,ML210,6.366
SKMEL1,ML210,6.37
SW620,ML210,6.446
NCIH1836,ML210,6.465
SQ1,ML210,6.504
HEPG2,ML210,6.529
CL34,ML210,6.532
JHOM1,ML210,6.566
SKMEL5,ML210,6.646
OCILY10,ML210,6.694
NCIH2023,ML210,6.722
NCIH2122,ML210,6.731
CAOV3,ML210,6.731
NCIH2030,ML210,6.74
NCIH2172,ML210,6.762
HT55,ML210,6.773
HCC2935,ML210,6.823
SKMEL28,ML210,6.904
CAL12T,ML210,6.915
HCT8,ML210,6.937
NCIH460,ML210,6.95
HT115,ML210,7.001
NCIH1105,ML210,7.032
OAW42,ML210,7.169
COV362,ML210,7.176
SCC9,ML210,7.193
LS180,ML210,7.251
AGS,ML210,7.35
CORL51,ML210,8.467
NUDUL1,ML214,0.861
PL21,ML214,0.993
NOMO1,ML214,1.066
OCIAML3,ML214,1.378
THP1,ML214,1.462
SUDHL5,ML214,1.634
GDM1,ML214,1.713
SNU175,ML214,1.772
SKM1,ML214,1.807
NCIH1836,ML214,1.908
SNU81,ML214,1.973
SNU840,ML214,2.094
U937,ML214,2.118
RKO,ML214,2.119
WSUDLCL2,ML214,2.128
NCIH1694,ML214,2.174
COLO678,ML214,2.325
SW948,ML214,2.336
RMGI,ML214,2.341
RPMI8226,ML214,2.378
OVK18,ML214,2.383
NCIH2342,ML214,2.424
CW2,ML214,2.468
NCIH1876,ML214,2.521
COV644,ML214,2.595
SNU61,ML214,2.622
NCIH2081,ML214,2.629
SNUC5,ML214,2.674
NCIH3255,ML214,2.837
CL40,ML214,2.939
NCIH1105,ML214,2.943
EJM,ML214,2.966
NCIH441,ML214,3.033
KM12,ML214,3.159
HCC1359,ML214,3.166
OV90,ML214,3.195
HCT116,ML214,3.202
HT55,ML214,3.226
COV434,ML214,3.237
HCC2935,ML214,3.241
SNUC4,ML214,3.302
NCIH1781,ML214,3.319
NCIH508,ML214,3.376
SUDHL4,ML214,3.377
HEPG2,ML214,3.386
MOLM16,ML214,3.451
JHUEM2,ML214,3.466
HCC827,ML214,3.531
TYKNU,ML214,3.549
LOVO,ML214,3.593
HT115,ML214,3.633
RMUGS,ML214,3.662
CAOV3,ML214,3.664
SQ1,ML214,3.669
MCF7,ML214,3.679
NCIH596,ML214,3.692
LS123,ML214,3.736
CL34,ML214,3.739
SKMEL1,ML214,3.756
JHOM1,ML214,3.767
RCM1,ML214,3.831
CORL23,ML214,3.859
COLO320,ML214,3.88
HCC4006,ML214,3.968
NCIH841,ML214,3.987
T3M10,ML214,4.018
HCC1833,ML214,4.036
HCC15,ML214,4.071
JHOC5,ML214,4.162
HCC1195,ML214,4.174
HCC2108,ML214,4.256
SKMEL5,ML214,4.323
A375,ML214,4.383
HCT8,ML214,4.389
NCIH2122,ML214,4.423
SKLU1,ML214,4.527
EFO27,ML214,4.745
CAL12T,ML214,4.955
SW620,ML214,5.042
MDST8,ML214,5.105
HT29,ML214,5.168
SW480,ML214,5.299
OV7,ML214,5.347
LN229,ML214,5.581
NCIH2110,ML214,5.595
HT1080,ML214,5.654
COV362,ML214,5.883
SKMEL28,ML214,5.911
NCIH2030,ML214,5.941
NCIH2172,ML214,6.195
NCIH460,ML214,6.212
NCIH1755,ML214,6.303
OAW42,ML214,6.502
SNU1040,ML214,6.65
NCIH2023,ML214,6.906
OCIAML3,MLN-4924,0.059
PL21,MLN-4924,0.078
SKM1,MLN-4924,0.082
U937,MLN-4924,0.09
NOMO1,MLN-4924,0.095
WSUDLCL2,MLN-4924,0.127
SUDHL5,MLN-4924,0.148
HCT116,MLN-4924,0.152
MSTO211H,MLN-4924,0.229
NUDUL1,MLN-4924,0.282
THP1,MLN-4924,0.315
KU812,MLN-4924,0.32
OVCAR8,MLN-4924,0.327
GDM1,MLN-4924,0.338
SCLC21H,MLN-4924,0.396
SUDHL4,MLN-4924,0.416
RKO,MLN-4924,0.516
KE97,MLN-4924,0.531
MC116,MLN-4924,0.533
CALU6,MLN-4924,0.569
LU99,MLN-4924,0.61
KMS11,MLN-4924,0.611
HEC151,MLN-4924,0.689
TYKNU,MLN-4924,0.709
CL34,MLN-4924,0.798
CORL279,MLN-4924,0.878
CAOV3,MLN-4924,0.94
MOLM16,MLN-4924,1.109
NCIH1963,MLN-4924,1.115
NCIH1299,MLN-4924,1.153
SW48,MLN-4924,1.163
EPLC272H,MLN-4924,1.183
NCIH2286,MLN-4924,1.196
HSC2,MLN-4924,1.224
HCC15,MLN-4924,1.297
A375,MLN-4924,1.301
HS936T,MLN-4924,1.318
RKN,MLN-4924,1.344
HARA,MLN-4924,1.381
LCLC97TM1,MLN-4924,1.468
P3HR1,MLN-4924,1.572
NCIH1930,MLN-4924,1.574
NCIH1944,MLN-4924,1.583
SNU81,MLN-4924,1.61
UMUC3,MLN-4924,1.612
ISHIKAWAHERAKLIO02ER,MLN-4924,1.614
NCIH82,MLN-4924,1.615
SNUC5,MLN-4924,1.638
HCC1833,MLN-4924,1.697
NCIH1048,MLN-4924,1.771
KYSE450,MLN-4924,1.772
SNU175,MLN-4924,1.796
NCIH508,MLN-4924,1.853
KYSE140,MLN-4924,1.919
G401,MLN-4924,1.946
NCIH1781,MLN-4924,1.956
COLO668,MLN-4924,1.98
LS180,MLN-4924,2.038
JHOC5,MLN-4924,2.042
LS513,MLN-4924,2.051
SKLU1,MLN-4924,2.07
OV90,MLN-4924,2.074
HT1080,MLN-4924,2.084
SNGM,MLN-4924,2.094
HEC265,MLN-4924,2.104
JHOS4,MLN-4924,2.118
COLO205,MLN-4924,2.12
SNU1040,MLN-4924,2.147
KNS62,MLN-4924,2.154
RT4,MLN-4924,2.155
GAMG,MLN-4924,2.157
NCIH1568,MLN-4924,2.166
LXF289,MLN-4924,2.176
LOVO,MLN-4924,2.185
HT55,MLN-4924,2.226
PANC1005,MLN-4924,2.232
HCC44,MLN-4924,2.287
LP1,MLN-4924,2.327
GP2D,MLN-4924,2.442
EBC1,MLN-4924,2.453
OVK18,MLN-4924,2.456
OVKATE,MLN-4924,2.48
PANC0327,MLN-4924,2.5
5637,MLN-4924,2.516
NCIH841,MLN-4924,2.551
COV644,MLN-4924,2.56
NCIH596,MLN-4924,2.584
MCF7,MLN-4924,2.588
SNUC4,MLN-4924,2.61
HCC78,MLN-4924,2.611
NCIH1373,MLN-4924,2.621
SKMEL5,MLN-4924,2.641
SKCO1,MLN-4924,2.646
KM12,MLN-4924,2.672
HEYA8,MLN-4924,2.679
NCIH2122,MLN-4924,2.688
EJM,MLN-4924,2.715
CL40,MLN-4924,2.719
NCIH2030,MLN-4924,2.747
NCIH1105,MLN-4924,2.754
NCIH2405,MLN-4924,2.762
NCIH23,MLN-4924,2.781
A549,MLN-4924,2.795
U2OS,MLN-4924,2.809
HCC1359,MLN-4924,2.827
HT115,MLN-4924,2.865
LS411N,MLN-4924,2.968
JHUEM2,MLN-4924,3.028
HEC6,MLN-4924,3.033
SQ1,MLN-4924,3.047
KLE,MLN-4924,3.08
AMO1,MLN-4924,3.104
DLD1,MLN-4924,3.123
RERFLCKJ,MLN-4924,3.147
SF295,MLN-4924,3.155
AGS,MLN-4924,3.157
SUIT2,MLN-4924,3.16
COLO741,MLN-4924,3.161
NCIH1694,MLN-4924,3.196
LCLC103H,MLN-4924,3.204
QGP1,MLN-4924,3.231
CFPAC1,MLN-4924,3.275
COV434,MLN-4924,3.285
HCC33,MLN-4924,3.304
A2780,MLN-4924,3.308
OCILY10,MLN-4924,3.319
CAL12T,MLN-4924,3.394
PC3,MLN-4924,3.441
NCIH810,MLN-4924,3.456
IGROV1,MLN-4924,3.472
NCIH2023,MLN-4924,3.494
LN229,MLN-4924,3.53
PATU8902,MLN-4924,3.546
RCM1,MLN-4924,3.568
HCT8,MLN-4924,3.576
NCIH650,MLN-4924,3.581
G361,MLN-4924,3.613
HS852T,MLN-4924,3.632
VMRCLCD,MLN-4924,3.639
DMS273,MLN-4924,3.647
LU65,MLN-4924,3.654
SW620,MLN-4924,3.673
SKMEL1,MLN-4924,3.686
NCIH358,MLN-4924,3.722
NCIH2009,MLN-4924,3.725
CALU3,MLN-4924,3.737
NCIH460,MLN-4924,3.814
CORL23,MLN-4924,3.838
RPMI8226,MLN-4924,3.882
CHAGOK1,MLN-4924,3.913
KMBC2,MLN-4924,3.943
OVCAR4,MLN-4924,3.952
NCIH1755,MLN-4924,4
BL70,MLN-4924,4.055
NCIH1836,MLN-4924,4.057
NUGC4,MLN-4924,4.059
NCIH2081,MLN-4924,4.073
NCIH522,MLN-4924,4.08
HS944T,MLN-4924,4.103
KYSE410,MLN-4924,4.116
T3M10,MLN-4924,4.147
HT,MLN-4924,4.162
SW480,MLN-4924,4.184
NCIH28,MLN-4924,4.227
LC1SQSF,MLN-4924,4.253
NCIH2029,MLN-4924,4.268
SHP77,MLN-4924,4.336
CORL51,MLN-4924,4.395
SW948,MLN-4924,4.442
NCIH727,MLN-4924,4.462
MFE319,MLN-4924,4.479
NCIH2110,MLN-4924,4.482
HEC59,MLN-4924,4.494
COV362,MLN-4924,4.557
HCC827,MLN-4924,4.598
HEC251,MLN-4924,4.718
SKOV3,MLN-4924,4.735
NCIH1437,MLN-4924,4.774
MKN74,MLN-4924,4.816
HEC108,MLN-4924,4.819
MDST8,MLN-4924,4.952
RCC10RGB,MLN-4924,4.956
HPAC,MLN-4924,4.96
RMGI,MLN-4924,4.962
BEN,MLN-4924,5.028
NCIH1355,MLN-4924,5.035
NCIH661,MLN-4924,5.04
NCIH1792,MLN-4924,5.073
HT1376,MLN-4924,5.118
NCIH1793,MLN-4924,5.122
HCC2108,MLN-4924,5.131
HUPT4,MLN-4924,5.175
NCIH1975,MLN-4924,5.206
C2BBE1,MLN-4924,5.239
SCC9,MLN-4924,5.256
NCIH2126,MLN-4924,5.258
HCC4006,MLN-4924,5.263
HCC2935,MLN-4924,5.335
NCIH441,MLN-4924,5.402
NCIH1435,MLN-4924,5.494
SNU61,MLN-4924,5.496
CAPAN2,MLN-4924,5.505
KP3,MLN-4924,5.539
SW403,MLN-4924,5.549
SNU398,MLN-4924,5.58
NCIH1876,MLN-4924,5.599
SKMEL28,MLN-4924,5.62
SNUC2A,MLN-4924,5.634
JHH6,MLN-4924,5.637
JHOM1,MLN-4924,5.645
RMUGS,MLN-4924,5.674
LS123,MLN-4924,5.707
MKN7,MLN-4924,5.71
COLO678,MLN-4924,5.775
SNU840,MLN-4924,5.803
OV7,MLN-4924,5.818
DV90,MLN-4924,5.835
OAW42,MLN-4924,5.877
COLO320,MLN-4924,6.082
SNU449,MLN-4924,6.123
EFO27,MLN-4924,6.156
NCIH1915,MLN-4924,6.163
EFO21,MLN-4924,6.181
NCIH2342,MLN-4924,6.223
VMRCRCW,MLN-4924,6.283
NCIH2172,MLN-4924,6.34
CW2,MLN-4924,6.358
NCIH2052,MLN-4924,6.484
FU97,MLN-4924,6.58
COV318,MLN-4924,6.702
NCIH2141,MLN-4924,6.779
HCC1195,MLN-4924,6.971
HT29,MLN-4924,6.981
NCIH3255,MLN-4924,7.091
NCIH1666,MLN-4924,7.133
NCIH1573,MLN-4924,7.2
SH10TC,MLN-4924,7.411
OVMANA,MLN-4924,7.508
CORL88,MLN-4924,7.81
HEPG2,MLN-4924,7.812
SKM1,MST-312,0.089
A2780,MST-312,0.243
OVCAR8,MST-312,0.313
OVKATE,MST-312,0.333
OVK18,MST-312,0.396
MOLM16,MST-312,0.431
MSTO211H,MST-312,0.446
NCIH1963,MST-312,0.482
OCIAML3,MST-312,0.577
THP1,MST-312,0.578
WSUDLCL2,MST-312,0.587
SW48,MST-312,0.596
HEC265,MST-312,0.674
NCIH1930,MST-312,0.748
CORL51,MST-312,0.862
MC116,MST-312,0.871
JHUEM2,MST-312,0.877
SHP77,MST-312,0.894
NUDUL1,MST-312,0.899
SUDHL4,MST-312,0.9
HCT116,MST-312,0.911
SW620,MST-312,0.919
HEC6,MST-312,0.942
SKMEL5,MST-312,1.033
U937,MST-312,1.081
JHOC5,MST-312,1.096
TYKNU,MST-312,1.113
NCIH2286,MST-312,1.117
BL70,MST-312,1.149
NCIH82,MST-312,1.158
NCIH1694,MST-312,1.163
HEC151,MST-312,1.182
LU99,MST-312,1.272
DMS273,MST-312,1.279
SW480,MST-312,1.361
NCIH1048,MST-312,1.405
NCIH1876,MST-312,1.421
LS123,MST-312,1.446
G401,MST-312,1.484
KE97,MST-312,1.497
HSC2,MST-312,1.498
AMO1,MST-312,1.625
SNGM,MST-312,1.629
HEC108,MST-312,1.639
OVCAR4,MST-312,1.652
EJM,MST-312,1.661
NCIH1568,MST-312,1.686
IGROV1,MST-312,1.707
HEYA8,MST-312,1.707
NCIH23,MST-312,1.719
SUDHL5,MST-312,1.739
G361,MST-312,1.761
NCIH661,MST-312,1.777
KU812,MST-312,1.82
RPMI8226,MST-312,1.84
NCIH841,MST-312,1.842
LS180,MST-312,1.877
HEC251,MST-312,1.911
NCIH522,MST-312,1.936
HCC1833,MST-312,1.956
SKMEL1,MST-312,1.96
KMS11,MST-312,2.007
COV434,MST-312,2.046
SNU1040,MST-312,2.063
NCIH2122,MST-312,2.083
RKN,MST-312,2.09
NCIH1299,MST-312,2.099
GP2D,MST-312,2.147
HT,MST-312,2.162
5637,MST-312,2.172
LU65,MST-312,2.172
CORL279,MST-312,2.175
LXF289,MST-312,2.194
RMUGS,MST-312,2.198
HT1080,MST-312,2.269
A375,MST-312,2.284
NCIH810,MST-312,2.322
EPLC272H,MST-312,2.324
HCC44,MST-312,2.33
NOMO1,MST-312,2.345
SNU398,MST-312,2.351
A549,MST-312,2.369
HCC1359,MST-312,2.373
MKN74,MST-312,2.388
ISHIKAWAHERAKLIO02ER,MST-312,2.408
PL21,MST-312,2.423
SQ1,MST-312,2.475
COLO741,MST-312,2.477
HCC2108,MST-312,2.514
OV90,MST-312,2.559
P3HR1,MST-312,2.561
MFE319,MST-312,2.573
KYSE140,MST-312,2.607
LCLC97TM1,MST-312,2.616
LS513,MST-312,2.631
NCIH2009,MST-312,2.641
NCIH2081,MST-312,2.667
LOVO,MST-312,2.671
SCLC21H,MST-312,2.767
KYSE450,MST-312,2.772
NCIH1944,MST-312,2.776
HT55,MST-312,2.778
LS411N,MST-312,2.815
RCM1,MST-312,2.816
NCIH1105,MST-312,2.824
CORL23,MST-312,2.859
NCIH596,MST-312,2.866
LCLC103H,MST-312,2.871
HCC78,MST-312,2.897
EBC1,MST-312,2.934
DLD1,MST-312,2.95
NCIH2405,MST-312,2.985
LP1,MST-312,2.987
HCC4006,MST-312,3.035
HARA,MST-312,3.039
KLE,MST-312,3.043
MDST8,MST-312,3.055
VMRCLCD,MST-312,3.058
SNU449,MST-312,3.068
NCIH2029,MST-312,3.089
NCIH1836,MST-312,3.099
CAPAN2,MST-312,3.114
UMUC3,MST-312,3.115
KNS62,MST-312,3.116
NCIH2141,MST-312,3.143
SNU840,MST-312,3.153
GDM1,MST-312,3.153
COLO668,MST-312,3.167
NCIH650,MST-312,3.174
SCC9,MST-312,3.177
SNU175,MST-312,3.183
SNUC2A,MST-312,3.198
COLO205,MST-312,3.229
EFO27,MST-312,3.275
NCIH727,MST-312,3.279
NCIH1781,MST-312,3.308
NCIH2030,MST-312,3.344
HUPT4,MST-312,3.349
SNUC5,MST-312,3.36
SKLU1,MST-312,3.387
NCIH1573,MST-312,3.389
HEC59,MST-312,3.415
RMGI,MST-312,3.431
CHAGOK1,MST-312,3.439
HCC15,MST-312,3.462
MCF7,MST-312,3.504
NCIH358,MST-312,3.53
CALU6,MST-312,3.545
PANC0327,MST-312,3.564
RT4,MST-312,3.57
U2OS,MST-312,3.57
RERFLCKJ,MST-312,3.571
QGP1,MST-312,3.645
HCT8,MST-312,3.651
PC3,MST-312,3.663
NCIH1373,MST-312,3.666
KYSE410,MST-312,3.735
NCIH1666,MST-312,3.784
NCIH1975,MST-312,3.802
NCIH1792,MST-312,3.824
HCC33,MST-312,3.844
NUGC4,MST-312,3.865
SW403,MST-312,3.87
HT1376,MST-312,3.889
HCC1195,MST-312,3.896
JHOS4,MST-312,3.899
HCC827,MST-312,3.909
NCIH460,MST-312,3.926
NCIH1915,MST-312,3.966
RKO,MST-312,4.015
CALU3,MST-312,4.06
SNUC4,MST-312,4.069
SF295,MST-312,4.095
NCIH1793,MST-312,4.095
AGS,MST-312,4.096
OV7,MST-312,4.096
NCIH1355,MST-312,4.098
JHOM1,MST-312,4.125
KM12,MST-312,4.166
NCIH1755,MST-312,4.174
NCIH441,MST-312,4.193
HS936T,MST-312,4.199
PATU8902,MST-312,4.279
CL34,MST-312,4.298
SNU81,MST-312,4.31
OCILY10,MST-312,4.35
C2BBE1,MST-312,4.355
T3M10,MST-312,4.374
HS852T,MST-312,4.384
SKOV3,MST-312,4.388
HCC2935,MST-312,4.389
LC1SQSF,MST-312,4.399
SKCO1,MST-312,4.42
NCIH28,MST-312,4.442
COLO320,MST-312,4.459
CFPAC1,MST-312,4.469
CORL88,MST-312,4.47
VMRCRCW,MST-312,4.476
CAOV3,MST-312,4.478
CAL12T,MST-312,4.504
DV90,MST-312,4.566
NCIH3255,MST-312,4.583
NCIH1435,MST-312,4.607
HT115,MST-312,4.628
KP3,MST-312,4.703
NCIH2023,MST-312,4.704
OVMANA,MST-312,4.76
NCIH2342,MST-312,4.776
HS944T,MST-312,4.822
NCIH2052,MST-312,4.836
GAMG,MST-312,4.845
PANC1005,MST-312,4.845
LN229,MST-312,4.946
RCC10RGB,MST-312,4.969
OAW42,MST-312,5.001
FU97,MST-312,5.024
JHH6,MST-312,5.026
COV644,MST-312,5.029
MKN7,MST-312,5.102
COLO678,MST-312,5.135
CW2,MST-312,5.152
BEN,MST-312,5.16
NCIH1437,MST-312,5.199
SKMEL28,MST-312,5.258
HEPG2,MST-312,5.31
KMBC2,MST-312,5.384
COV318,MST-312,5.51
HPAC,MST-312,5.526
SUIT2,MST-312,5.594
NCIH2110,MST-312,5.594
COV362,MST-312,5.942
SW948,MST-312,6.067
HT29,MST-312,6.12
NCIH508,MST-312,6.362
CL40,MST-312,6.498
EFO21,MST-312,6.536
SNU61,MST-312,6.57
NCIH2172,MST-312,6.634
SH10TC,MST-312,6.798
NCIH2126,MST-312,7.794
OCIAML3,N9-isopropylolomoucine,2.245
HEC151,N9-isopropylolomoucine,2.731
PL21,N9-isopropylolomoucine,2.939
NUDUL1,N9-isopropylolomoucine,2.992
A2780,N9-isopropylolomoucine,3.04
GDM1,N9-isopropylolomoucine,3.216
SUDHL4,N9-isopropylolomoucine,3.23
SKM1,N9-isopropylolomoucine,3.292
KMS11,N9-isopropylolomoucine,3.357
SNU398,N9-isopropylolomoucine,3.372
OVKATE,N9-isopropylolomoucine,3.397
OCILY10,N9-isopropylolomoucine,3.416
LS180,N9-isopropylolomoucine,3.449
NCIH2122,N9-isopropylolomoucine,3.591
SNU81,N9-isopropylolomoucine,3.594
LP1,N9-isopropylolomoucine,3.603
RCC10RGB,N9-isopropylolomoucine,3.604
JHOC5,N9-isopropylolomoucine,3.616
WSUDLCL2,N9-isopropylolomoucine,3.633
U937,N9-isopropylolomoucine,3.636
THP1,N9-isopropylolomoucine,3.637
HCT116,N9-isopropylolomoucine,3.659
COV434,N9-isopropylolomoucine,3.706
OVCAR8,N9-isopropylolomoucine,3.838
NOMO1,N9-isopropylolomoucine,3.89
HCC4006,N9-isopropylolomoucine,3.925
MCF7,N9-isopropylolomoucine,4.002
JHUEM2,N9-isopropylolomoucine,4.01
TYKNU,N9-isopropylolomoucine,4.059
NCIH596,N9-isopropylolomoucine,4.064
RMUGS,N9-isopropylolomoucine,4.096
OVCAR4,N9-isopropylolomoucine,4.165
RCM1,N9-isopropylolomoucine,4.166
OVK18,N9-isopropylolomoucine,4.21
HCC1833,N9-isopropylolomoucine,4.212
CAL12T,N9-isopropylolomoucine,4.232
HCT8,N9-isopropylolomoucine,4.282
NCIH1963,N9-isopropylolomoucine,4.34
AMO1,N9-isopropylolomoucine,4.371
IGROV1,N9-isopropylolomoucine,4.392
HEPG2,N9-isopropylolomoucine,4.467
COLO320,N9-isopropylolomoucine,4.469
CL34,N9-isopropylolomoucine,4.482
CL40,N9-isopropylolomoucine,4.485
CORL51,N9-isopropylolomoucine,4.519
SNUC4,N9-isopropylolomoucine,4.537
NCIH1694,N9-isopropylolomoucine,4.551
SCC9,N9-isopropylolomoucine,4.597
KM12,N9-isopropylolomoucine,4.615
EJM,N9-isopropylolomoucine,4.665
EFO27,N9-isopropylolomoucine,4.684
NCIH2081,N9-isopropylolomoucine,4.728
HCC2108,N9-isopropylolomoucine,4.749
HT1080,N9-isopropylolomoucine,4.806
SNU175,N9-isopropylolomoucine,4.826
SNU840,N9-isopropylolomoucine,4.863
SW480,N9-isopropylolomoucine,4.873
CW2,N9-isopropylolomoucine,4.916
HCC827,N9-isopropylolomoucine,4.928
AGS,N9-isopropylolomoucine,4.967
LOVO,N9-isopropylolomoucine,4.985
MDST8,N9-isopropylolomoucine,5.006
COV644,N9-isopropylolomoucine,5.011
SW948,N9-isopropylolomoucine,5.027
HCC1195,N9-isopropylolomoucine,5.03
JHOM1,N9-isopropylolomoucine,5.061
RMGI,N9-isopropylolomoucine,5.072
A375,N9-isopropylolomoucine,5.114
HCC15,N9-isopropylolomoucine,5.143
RKN,N9-isopropylolomoucine,5.161
NCIH1876,N9-isopropylolomoucine,5.165
NCIH508,N9-isopropylolomoucine,5.173
SNU61,N9-isopropylolomoucine,5.176
NCIH2342,N9-isopropylolomoucine,5.226
RPMI8226,N9-isopropylolomoucine,5.237
OV90,N9-isopropylolomoucine,5.245
MOLM16,N9-isopropylolomoucine,5.252
COLO678,N9-isopropylolomoucine,5.26
SKMEL1,N9-isopropylolomoucine,5.289
SNU1040,N9-isopropylolomoucine,5.321
SCLC21H,N9-isopropylolomoucine,5.338
RKO,N9-isopropylolomoucine,5.349
NCIH1836,N9-isopropylolomoucine,5.397
CORL23,N9-isopropylolomoucine,5.416
NCIH1755,N9-isopropylolomoucine,5.426
HT55,N9-isopropylolomoucine,5.485
HT115,N9-isopropylolomoucine,5.532
NCIH2110,N9-isopropylolomoucine,5.546
NCIH2172,N9-isopropylolomoucine,5.562
SUDHL5,N9-isopropylolomoucine,5.567
LS123,N9-isopropylolomoucine,5.571
HCC2935,N9-isopropylolomoucine,5.597
NCIH441,N9-isopropylolomoucine,5.621
SNUC5,N9-isopropylolomoucine,5.625
NCIH2030,N9-isopropylolomoucine,5.648
SKLU1,N9-isopropylolomoucine,5.691
OV7,N9-isopropylolomoucine,5.761
SW620,N9-isopropylolomoucine,5.805
NCIH2141,N9-isopropylolomoucine,5.807
LN229,N9-isopropylolomoucine,5.812
T3M10,N9-isopropylolomoucine,5.853
NCIH460,N9-isopropylolomoucine,5.9
NCIH2023,N9-isopropylolomoucine,6.012
NCIH1781,N9-isopropylolomoucine,6.07
NCIH841,N9-isopropylolomoucine,6.114
HT29,N9-isopropylolomoucine,6.3
NCIH1105,N9-isopropylolomoucine,6.302
SKMEL5,N9-isopropylolomoucine,6.31
NCIH3255,N9-isopropylolomoucine,6.402
SQ1,N9-isopropylolomoucine,6.469
CAOV3,N9-isopropylolomoucine,6.58
SKMEL28,N9-isopropylolomoucine,6.582
COV362,N9-isopropylolomoucine,7.418
OAW42,N9-isopropylolomoucine,7.662
HCC1359,N9-isopropylolomoucine,8.882
WSUDLCL2,nakiterpiosin,0.055
U937,nakiterpiosin,0.067
SKM1,nakiterpiosin,0.073
PL21,nakiterpiosin,0.092
SUDHL5,nakiterpiosin,0.14
KMS11,nakiterpiosin,0.191
NUDUL1,nakiterpiosin,0.261
NOMO1,nakiterpiosin,0.276
OCIAML3,nakiterpiosin,0.322
ISHIKAWAHERAKLIO02ER,nakiterpiosin,0.331
GDM1,nakiterpiosin,0.488
SUDHL4,nakiterpiosin,0.513
MOLM16,nakiterpiosin,0.568
OVCAR8,nakiterpiosin,0.575
NCIH23,nakiterpiosin,0.624
GP2D,nakiterpiosin,0.629
SNU175,nakiterpiosin,0.664
RPMI8226,nakiterpiosin,0.689
AMO1,nakiterpiosin,0.739
BL70,nakiterpiosin,0.742
SW48,nakiterpiosin,0.789
HCT116,nakiterpiosin,0.823
SCLC21H,nakiterpiosin,0.87
KU812,nakiterpiosin,0.894
LS513,nakiterpiosin,1.004
MSTO211H,nakiterpiosin,1.016
EJM,nakiterpiosin,1.035
KE97,nakiterpiosin,1.038
SNUC4,nakiterpiosin,1.057
HEC151,nakiterpiosin,1.077
RKO,nakiterpiosin,1.087
THP1,nakiterpiosin,1.101
SHP77,nakiterpiosin,1.101
NCIH841,nakiterpiosin,1.105
NCIH596,nakiterpiosin,1.108
VMRCLCD,nakiterpiosin,1.143
LU99,nakiterpiosin,1.15
HT115,nakiterpiosin,1.187
AGS,nakiterpiosin,1.207
NCIH2122,nakiterpiosin,1.227
MC116,nakiterpiosin,1.238
NCIH1437,nakiterpiosin,1.252
RKN,nakiterpiosin,1.284
LS180,nakiterpiosin,1.319
HT1080,nakiterpiosin,1.367
SNU81,nakiterpiosin,1.385
NCIH82,nakiterpiosin,1.386
KM12,nakiterpiosin,1.39
DLD1,nakiterpiosin,1.4
5637,nakiterpiosin,1.442
LOVO,nakiterpiosin,1.519
NCIH1944,nakiterpiosin,1.568
NCIH358,nakiterpiosin,1.588
JHUEM2,nakiterpiosin,1.6
COLO741,nakiterpiosin,1.625
NCIH1876,nakiterpiosin,1.676
HT,nakiterpiosin,1.68
NCIH1975,nakiterpiosin,1.697
SNUC5,nakiterpiosin,1.703
SW948,nakiterpiosin,1.707
OVCAR4,nakiterpiosin,1.717
A375,nakiterpiosin,1.734
OVK18,nakiterpiosin,1.739
NCIH1048,nakiterpiosin,1.788
MFE319,nakiterpiosin,1.79
NCIH1568,nakiterpiosin,1.819
HSC2,nakiterpiosin,1.833
LC1SQSF,nakiterpiosin,1.85
NCIH1963,nakiterpiosin,1.86
HEC108,nakiterpiosin,1.914
A2780,nakiterpiosin,1.919
LP1,nakiterpiosin,1.926
LCLC97TM1,nakiterpiosin,1.927
NCIH2009,nakiterpiosin,1.954
COLO205,nakiterpiosin,1.97
NCIH2286,nakiterpiosin,1.978
G401,nakiterpiosin,2.028
NCIH1781,nakiterpiosin,2.033
CL34,nakiterpiosin,2.046
SNGM,nakiterpiosin,2.085
RT4,nakiterpiosin,2.094
NCIH1792,nakiterpiosin,2.141
NCIH508,nakiterpiosin,2.143
A549,nakiterpiosin,2.174
OVKATE,nakiterpiosin,2.202
DMS273,nakiterpiosin,2.206
NCIH1836,nakiterpiosin,2.216
SNU1040,nakiterpiosin,2.218
NCIH522,nakiterpiosin,2.249
MDST8,nakiterpiosin,2.262
HCC4006,nakiterpiosin,2.265
CORL279,nakiterpiosin,2.303
HCC1359,nakiterpiosin,2.308
KNS62,nakiterpiosin,2.341
CALU6,nakiterpiosin,2.357
SNU61,nakiterpiosin,2.36
LXF289,nakiterpiosin,2.381
P3HR1,nakiterpiosin,2.385
NCIH1930,nakiterpiosin,2.392
NCIH1694,nakiterpiosin,2.433
CORL51,nakiterpiosin,2.449
LN229,nakiterpiosin,2.451
CW2,nakiterpiosin,2.453
SKMEL5,nakiterpiosin,2.5
NCIH1299,nakiterpiosin,2.502
CHAGOK1,nakiterpiosin,2.503
EBC1,nakiterpiosin,2.508
HEC265,nakiterpiosin,2.571
KYSE410,nakiterpiosin,2.571
TYKNU,nakiterpiosin,2.581
SCC9,nakiterpiosin,2.594
HCC15,nakiterpiosin,2.66
CORL23,nakiterpiosin,2.681
HS852T,nakiterpiosin,2.698
SKCO1,nakiterpiosin,2.702
RMGI,nakiterpiosin,2.727
KLE,nakiterpiosin,2.774
HCC44,nakiterpiosin,2.797
JHOM1,nakiterpiosin,2.807
COLO668,nakiterpiosin,2.852
LU65,nakiterpiosin,2.897
PC3,nakiterpiosin,2.919
OV90,nakiterpiosin,2.927
SNU398,nakiterpiosin,2.95
LCLC103H,nakiterpiosin,2.973
PANC1005,nakiterpiosin,2.985
HT55,nakiterpiosin,2.992
HARA,nakiterpiosin,3.001
GAMG,nakiterpiosin,3.004
HCT8,nakiterpiosin,3.018
NCIH1793,nakiterpiosin,3.034
NCIH2081,nakiterpiosin,3.038
NCIH1373,nakiterpiosin,3.052
SH10TC,nakiterpiosin,3.067
HCC2108,nakiterpiosin,3.068
NUGC4,nakiterpiosin,3.078
NCIH1755,nakiterpiosin,3.083
HCC33,nakiterpiosin,3.097
CAL12T,nakiterpiosin,3.102
HUPT4,nakiterpiosin,3.112
NCIH2029,nakiterpiosin,3.149
LS411N,nakiterpiosin,3.153
JHOS4,nakiterpiosin,3.198
MCF7,nakiterpiosin,3.206
COLO320,nakiterpiosin,3.21
RMUGS,nakiterpiosin,3.236
KP3,nakiterpiosin,3.245
SF295,nakiterpiosin,3.271
NCIH460,nakiterpiosin,3.278
SQ1,nakiterpiosin,3.325
NCIH810,nakiterpiosin,3.344
NCIH661,nakiterpiosin,3.352
OCILY10,nakiterpiosin,3.366
HEC251,nakiterpiosin,3.391
HS944T,nakiterpiosin,3.494
HCC78,nakiterpiosin,3.51
DV90,nakiterpiosin,3.512
EPLC272H,nakiterpiosin,3.557
OAW42,nakiterpiosin,3.587
SKOV3,nakiterpiosin,3.597
T3M10,nakiterpiosin,3.668
NCIH28,nakiterpiosin,3.689
NCIH2030,nakiterpiosin,3.719
G361,nakiterpiosin,3.725
QGP1,nakiterpiosin,3.738
HS936T,nakiterpiosin,3.768
HEYA8,nakiterpiosin,3.787
COV434,nakiterpiosin,3.816
CL40,nakiterpiosin,3.84
UMUC3,nakiterpiosin,3.866
COV362,nakiterpiosin,3.882
NCIH2141,nakiterpiosin,3.917
JHOC5,nakiterpiosin,3.996
HCC1833,nakiterpiosin,4.053
NCIH727,nakiterpiosin,4.072
HT1376,nakiterpiosin,4.085
PANC0327,nakiterpiosin,4.088
HEC6,nakiterpiosin,4.113
SNUC2A,nakiterpiosin,4.182
NCIH1573,nakiterpiosin,4.185
SKMEL1,nakiterpiosin,4.187
HCC827,nakiterpiosin,4.197
COV644,nakiterpiosin,4.198
NCIH2342,nakiterpiosin,4.202
KYSE140,nakiterpiosin,4.205
NCIH1355,nakiterpiosin,4.22
NCIH2405,nakiterpiosin,4.243
U2OS,nakiterpiosin,4.261
CAPAN2,nakiterpiosin,4.278
NCIH1666,nakiterpiosin,4.332
SUIT2,nakiterpiosin,4.345
CFPAC1,nakiterpiosin,4.348
SNU840,nakiterpiosin,4.365
NCIH1435,nakiterpiosin,4.373
C2BBE1,nakiterpiosin,4.382
VMRCRCW,nakiterpiosin,4.394
NCIH1105,nakiterpiosin,4.413
RERFLCKJ,nakiterpiosin,4.416
SNU449,nakiterpiosin,4.419
HCC2935,nakiterpiosin,4.434
SW480,nakiterpiosin,4.435
SW620,nakiterpiosin,4.508
NCIH441,nakiterpiosin,4.511
RCC10RGB,nakiterpiosin,4.516
PATU8902,nakiterpiosin,4.533
MKN74,nakiterpiosin,4.558
NCIH3255,nakiterpiosin,4.559
CORL88,nakiterpiosin,4.564
IGROV1,nakiterpiosin,4.61
LS123,nakiterpiosin,4.612
EFO27,nakiterpiosin,4.628
NCIH2110,nakiterpiosin,4.69
SKLU1,nakiterpiosin,4.703
HEC59,nakiterpiosin,4.75
NCIH2172,nakiterpiosin,4.784
KYSE450,nakiterpiosin,4.796
CAOV3,nakiterpiosin,4.842
EFO21,nakiterpiosin,4.976
FU97,nakiterpiosin,5.116
HT29,nakiterpiosin,5.127
OVMANA,nakiterpiosin,5.141
CALU3,nakiterpiosin,5.157
NCIH1915,nakiterpiosin,5.163
RCM1,nakiterpiosin,5.2
NCIH2052,nakiterpiosin,5.26
HPAC,nakiterpiosin,5.331
OV7,nakiterpiosin,5.592
KMBC2,nakiterpiosin,5.626
HCC1195,nakiterpiosin,5.728
JHH6,nakiterpiosin,5.755
NCIH650,nakiterpiosin,5.81
SW403,nakiterpiosin,5.813
NCIH2023,nakiterpiosin,5.849
BEN,nakiterpiosin,5.888
COV318,nakiterpiosin,5.925
MKN7,nakiterpiosin,6.031
NCIH2126,nakiterpiosin,6.311
COLO678,nakiterpiosin,6.34
HEPG2,nakiterpiosin,6.536
SKMEL28,nakiterpiosin,9.128
GDM1,navitoclax,0.059
NCIH1105,navitoclax,0.071
NCIH1836,navitoclax,0.236
JHOC5,navitoclax,0.289
NCIH1963,navitoclax,0.333
NCIH1930,navitoclax,0.353
NUDUL1,navitoclax,0.482
CORL279,navitoclax,0.499
RPMI8226,navitoclax,0.612
SW48,navitoclax,0.779
T3M10,navitoclax,0.867
CORL88,navitoclax,0.963
RMUGS,navitoclax,0.973
SUDHL4,navitoclax,1.027
NCIH3255,navitoclax,1.053
SNU175,navitoclax,1.247
SKCO1,navitoclax,1.287
CORL51,navitoclax,1.37
NCIH2141,navitoclax,1.451
SW948,navitoclax,1.465
SKMEL1,navitoclax,1.513
PL21,navitoclax,1.513
COLO678,navitoclax,1.74
NCIH1048,navitoclax,1.753
JHOM1,navitoclax,1.803
WSUDLCL2,navitoclax,1.884
SCLC21H,navitoclax,1.898
HEC108,navitoclax,1.904
MOLM16,navitoclax,1.98
KMS11,navitoclax,1.992
HEC265,navitoclax,2.001
SW480,navitoclax,2.019
SW620,navitoclax,2.031
NCIH1435,navitoclax,2.067
NCIH2342,navitoclax,2.075
HEC151,navitoclax,2.122
EBC1,navitoclax,2.209
NCIH2029,navitoclax,2.221
RCM1,navitoclax,2.239
CAPAN2,navitoclax,2.25
KU812,navitoclax,2.284
RMGI,navitoclax,2.372
AGS,navitoclax,2.458
RCC10RGB,navitoclax,2.56
LS513,navitoclax,2.578
COLO668,navitoclax,2.599
RT4,navitoclax,2.654
NCIH1694,navitoclax,2.703
COLO205,navitoclax,2.822
SHP77,navitoclax,2.885
SNU398,navitoclax,2.997
CALU3,navitoclax,3.009
HCC15,navitoclax,3.101
SNGM,navitoclax,3.137
CW2,navitoclax,3.156
OV90,navitoclax,3.157
OVKATE,navitoclax,3.235
NCIH1944,navitoclax,3.254
LS180,navitoclax,3.267
SNUC4,navitoclax,3.291
NCIH2081,navitoclax,3.356
NCIH1666,navitoclax,3.378
HCC2935,navitoclax,3.379
OCILY10,navitoclax,3.389
HT1376,navitoclax,3.404
EJM,navitoclax,3.457
SNU81,navitoclax,3.484
SQ1,navitoclax,3.501
NCIH810,navitoclax,3.505
KMBC2,navitoclax,3.52
VMRCLCD,navitoclax,3.522
NCIH1573,navitoclax,3.566
HUPT4,navitoclax,3.567
SNUC5,navitoclax,3.604
NCIH1876,navitoclax,3.643
OVCAR4,navitoclax,3.679
U937,navitoclax,3.785
NCIH1568,navitoclax,3.799
BEN,navitoclax,3.808
SNUC2A,navitoclax,3.852
OVMANA,navitoclax,3.867
LS123,navitoclax,3.876
NCIH82,navitoclax,3.889
NCIH28,navitoclax,3.95
G401,navitoclax,3.962
HCC1833,navitoclax,4.017
HEC6,navitoclax,4.018
LS411N,navitoclax,4.049
LP1,navitoclax,4.066
CL40,navitoclax,4.067
NCIH661,navitoclax,4.12
MFE319,navitoclax,4.138
VMRCRCW,navitoclax,4.155
HT55,navitoclax,4.204
NCIH23,navitoclax,4.24
SKM1,navitoclax,4.267
HEC251,navitoclax,4.284
NUGC4,navitoclax,4.316
NCIH508,navitoclax,4.332
NCIH441,navitoclax,4.339
MSTO211H,navitoclax,4.351
MDST8,navitoclax,4.361
HCC4006,navitoclax,4.366
GP2D,navitoclax,4.381
KP3,navitoclax,4.411
LU99,navitoclax,4.411
HT,navitoclax,4.438
HSC2,navitoclax,4.449
LCLC97TM1,navitoclax,4.462
HCC78,navitoclax,4.466
5637,navitoclax,4.474
SNU1040,navitoclax,4.479
PANC0327,navitoclax,4.489
MKN7,navitoclax,4.522
LU65,navitoclax,4.54
G361,navitoclax,4.547
JHH6,navitoclax,4.585
NCIH2126,navitoclax,4.592
NCIH2052,navitoclax,4.602
HT1080,navitoclax,4.616
OVCAR8,navitoclax,4.618
SKLU1,navitoclax,4.634
CALU6,navitoclax,4.638
MC116,navitoclax,4.681
DLD1,navitoclax,4.682
CAOV3,navitoclax,4.691
JHOS4,navitoclax,4.701
UMUC3,navitoclax,4.713
NCIH2405,navitoclax,4.745
NCIH1975,navitoclax,4.768
COV362,navitoclax,4.771
CL34,navitoclax,4.778
HCC44,navitoclax,4.782
COLO741,navitoclax,4.789
NOMO1,navitoclax,4.798
PANC1005,navitoclax,4.813
NCIH727,navitoclax,4.85
HEYA8,navitoclax,4.861
NCIH522,navitoclax,4.882
NCIH1915,navitoclax,4.885
NCIH1755,navitoclax,4.91
NCIH1355,navitoclax,4.914
HCC1195,navitoclax,4.941
NCIH841,navitoclax,4.951
NCIH1792,navitoclax,4.962
NCIH1437,navitoclax,4.971
KE97,navitoclax,5.009
SKOV3,navitoclax,5.009
NCIH358,navitoclax,5.01
NCIH1373,navitoclax,5.036
QGP1,navitoclax,5.051
NCIH1793,navitoclax,5.058
A2780,navitoclax,5.078
MKN74,navitoclax,5.095
HS852T,navitoclax,5.112
KYSE410,navitoclax,5.116
LXF289,navitoclax,5.135
C2BBE1,navitoclax,5.165
NCIH2286,navitoclax,5.172
A549,navitoclax,5.173
HS944T,navitoclax,5.174
CHAGOK1,navitoclax,5.185
BL70,navitoclax,5.19
NCIH2122,navitoclax,5.207
KYSE450,navitoclax,5.229
SUDHL5,navitoclax,5.241
HARA,navitoclax,5.251
DMS273,navitoclax,5.256
KYSE140,navitoclax,5.274
LC1SQSF,navitoclax,5.34
COV434,navitoclax,5.343
THP1,navitoclax,5.344
HCC33,navitoclax,5.386
LCLC103H,navitoclax,5.396
PC3,navitoclax,5.397
NCIH1781,navitoclax,5.432
JHUEM2,navitoclax,5.443
HPAC,navitoclax,5.446
NCIH650,navitoclax,5.451
SNU449,navitoclax,5.459
LN229,navitoclax,5.46
NCIH2009,navitoclax,5.461
HT115,navitoclax,5.488
KM12,navitoclax,5.492
NCIH2110,navitoclax,5.515
NCIH2023,navitoclax,5.574
SUIT2,navitoclax,5.576
EPLC272H,navitoclax,5.579
MCF7,navitoclax,5.581
ISHIKAWAHERAKLIO02ER,navitoclax,5.602
SKMEL5,navitoclax,5.684
SW403,navitoclax,5.747
RERFLCKJ,navitoclax,5.749
NCIH596,navitoclax,5.754
SNU840,navitoclax,5.776
NCIH1299,navitoclax,5.793
KLE,navitoclax,5.793
FU97,navitoclax,5.804
SH10TC,navitoclax,5.866
IGROV1,navitoclax,5.949
HCC2108,navitoclax,5.977
HCT116,navitoclax,6.039
HS936T,navitoclax,6.061
OV7,navitoclax,6.09
NCIH2172,navitoclax,6.103
GAMG,navitoclax,6.109
CFPAC1,navitoclax,6.116
KNS62,navitoclax,6.127
HEC59,navitoclax,6.149
HCT8,navitoclax,6.15
LOVO,navitoclax,6.205
COV318,navitoclax,6.24
SKMEL28,navitoclax,6.279
PATU8902,navitoclax,6.311
HCC1359,navitoclax,6.383
P3HR1,navitoclax,6.385
EFO27,navitoclax,6.443
SCC9,navitoclax,6.466
SNU61,navitoclax,6.478
EFO21,navitoclax,6.483
RKN,navitoclax,6.489
SF295,navitoclax,6.491
NCIH2030,navitoclax,6.502
TYKNU,navitoclax,6.519
HCC827,navitoclax,6.528
CAL12T,navitoclax,6.606
NCIH460,navitoclax,6.667
OVK18,navitoclax,6.694
HEPG2,navitoclax,6.705
OAW42,navitoclax,6.822
U2OS,navitoclax,7.013
OCIAML3,navitoclax,7.047
CORL23,navitoclax,7.059
HT29,navitoclax,7.117
AMO1,navitoclax,7.184
RKO,navitoclax,7.21
A375,navitoclax,7.316
COV644,navitoclax,7.397
DV90,navitoclax,8.249
NCIH1963,necrostatin-1,2.419
NUDUL1,necrostatin-1,3.879
LP1,necrostatin-1,4.924
NCIH1876,necrostatin-1,4.926
JHOM1,necrostatin-1,4.981
HEC151,necrostatin-1,5.054
RMUGS,necrostatin-1,5.152
NCIH2110,necrostatin-1,5.207
OVK18,necrostatin-1,5.298
HCC2108,necrostatin-1,5.36
T3M10,necrostatin-1,5.373
OCIAML3,necrostatin-1,5.466
NCIH2172,necrostatin-1,5.479
OVCAR4,necrostatin-1,5.523
HCC4006,necrostatin-1,5.53
RPMI8226,necrostatin-1,5.565
U937,necrostatin-1,5.565
SW480,necrostatin-1,5.636
KMS11,necrostatin-1,5.656
NCIH1694,necrostatin-1,5.803
EJM,necrostatin-1,5.805
SW620,necrostatin-1,5.807
IGROV1,necrostatin-1,5.81
OV90,necrostatin-1,5.811
OVCAR8,necrostatin-1,5.813
HT1080,necrostatin-1,5.859
OCILY10,necrostatin-1,5.872
NCIH1836,necrostatin-1,5.883
HEPG2,necrostatin-1,5.889
NCIH2122,necrostatin-1,5.892
RMGI,necrostatin-1,5.939
SKMEL5,necrostatin-1,5.958
SKM1,necrostatin-1,5.958
SKLU1,necrostatin-1,6.002
COV434,necrostatin-1,6.003
NCIH2342,necrostatin-1,6.029
PL21,necrostatin-1,6.038
HCT116,necrostatin-1,6.039
MCF7,necrostatin-1,6.04
NCIH596,necrostatin-1,6.048
JHOC5,necrostatin-1,6.069
LN229,necrostatin-1,6.08
GDM1,necrostatin-1,6.103
SNU1040,necrostatin-1,6.112
HCC15,necrostatin-1,6.165
NCIH841,necrostatin-1,6.167
SUDHL5,necrostatin-1,6.193
NCIH2081,necrostatin-1,6.206
COLO678,necrostatin-1,6.221
JHUEM2,necrostatin-1,6.236
SKMEL1,necrostatin-1,6.242
NOMO1,necrostatin-1,6.248
NCIH2030,necrostatin-1,6.257
SNU398,necrostatin-1,6.262
NCIH1755,necrostatin-1,6.265
TYKNU,necrostatin-1,6.344
RKN,necrostatin-1,6.357
THP1,necrostatin-1,6.362
EFO27,necrostatin-1,6.371
LS123,necrostatin-1,6.424
NCIH2023,necrostatin-1,6.478
NCIH1781,necrostatin-1,6.485
LOVO,necrostatin-1,6.489
A2780,necrostatin-1,6.499
OVKATE,necrostatin-1,6.517
CAL12T,necrostatin-1,6.52
OV7,necrostatin-1,6.525
A375,necrostatin-1,6.538
SNU840,necrostatin-1,6.55
COLO320,necrostatin-1,6.604
HCC2935,necrostatin-1,6.694
SCLC21H,necrostatin-1,6.713
CL34,necrostatin-1,6.716
MDST8,necrostatin-1,6.74
HCC827,necrostatin-1,6.756
MOLM16,necrostatin-1,6.81
HCT8,necrostatin-1,6.822
KM12,necrostatin-1,6.824
SUDHL4,necrostatin-1,6.831
RCM1,necrostatin-1,6.86
COV644,necrostatin-1,6.863
HCC1833,necrostatin-1,6.872
NCIH441,necrostatin-1,6.874
LS180,necrostatin-1,6.878
NCIH1105,necrostatin-1,6.888
NCIH3255,necrostatin-1,6.888
CW2,necrostatin-1,6.911
SQ1,necrostatin-1,6.913
HCC1195,necrostatin-1,6.913
HT29,necrostatin-1,6.961
NCIH2141,necrostatin-1,6.966
SCC9,necrostatin-1,6.967
SNUC5,necrostatin-1,6.971
SNUC4,necrostatin-1,7.007
COV362,necrostatin-1,7.024
WSUDLCL2,necrostatin-1,7.031
HT55,necrostatin-1,7.05
NCIH508,necrostatin-1,7.079
RKO,necrostatin-1,7.082
OAW42,necrostatin-1,7.11
SKMEL28,necrostatin-1,7.17
SNU81,necrostatin-1,7.194
RCC10RGB,necrostatin-1,7.23
NCIH460,necrostatin-1,7.309
CAOV3,necrostatin-1,7.463
SW948,necrostatin-1,7.524
SNU61,necrostatin-1,7.554
HT115,necrostatin-1,7.636
CORL51,necrostatin-1,7.726
SNU175,necrostatin-1,7.733
CORL23,necrostatin-1,7.843
CL40,necrostatin-1,7.886
HCC1359,necrostatin-1,7.992
AMO1,necrostatin-1,8.624
AGS,necrostatin-1,9.474
SW620,neopeltolide,1.519
HCC15,neopeltolide,1.788
SNUC5,neopeltolide,1.842
PL21,neopeltolide,2.065
AGS,neopeltolide,2.238
HEC151,neopeltolide,2.32
KMS11,neopeltolide,2.386
RCC10RGB,neopeltolide,2.548
SCLC21H,neopeltolide,2.724
SW480,neopeltolide,2.761
CW2,neopeltolide,2.902
CAL12T,neopeltolide,2.924
SUDHL5,neopeltolide,2.94
NCIH1963,neopeltolide,3.018
LS180,neopeltolide,3.17
NCIH2030,neopeltolide,3.291
CL34,neopeltolide,3.317
SNU175,neopeltolide,3.327
THP1,neopeltolide,3.334
NCIH596,neopeltolide,3.35
U2OS,neopeltolide,3.508
WSUDLCL2,neopeltolide,3.521
NCIH3255,neopeltolide,3.546
HCT116,neopeltolide,3.561
NCIH1781,neopeltolide,3.561
LN229,neopeltolide,3.568
RKO,neopeltolide,3.57
SUDHL4,neopeltolide,3.611
GDM1,neopeltolide,3.612
NCIH1755,neopeltolide,3.618
MOLM16,neopeltolide,3.659
U937,neopeltolide,3.664
NCIH1105,neopeltolide,3.733
SKLU1,neopeltolide,3.811
OVK18,neopeltolide,3.868
OVKATE,neopeltolide,3.886
KM12,neopeltolide,3.887
OCIAML3,neopeltolide,3.911
SKMEL5,neopeltolide,3.928
HCT8,neopeltolide,3.93
JHUEM2,neopeltolide,3.954
COV434,neopeltolide,3.978
RMGI,neopeltolide,4.011
NCIH1836,neopeltolide,4.023
SW948,neopeltolide,4.027
A375,neopeltolide,4.059
SNUC4,neopeltolide,4.121
RPMI8226,neopeltolide,4.14
SNU1040,neopeltolide,4.186
COV644,neopeltolide,4.242
OVCAR8,neopeltolide,4.303
A2780,neopeltolide,4.312
AMO1,neopeltolide,4.34
SKM1,neopeltolide,4.42
EJM,neopeltolide,4.431
HT1080,neopeltolide,4.441
CORL51,neopeltolide,4.538
OCILY10,neopeltolide,4.557
SKMEL1,neopeltolide,4.592
COV362,neopeltolide,4.615
NUDUL1,neopeltolide,4.645
SKMEL28,neopeltolide,4.657
RKN,neopeltolide,4.668
OVCAR4,neopeltolide,4.704
SNU81,neopeltolide,4.755
T3M10,neopeltolide,4.866
CORL23,neopeltolide,4.872
NCIH2172,neopeltolide,4.916
HEPG2,neopeltolide,4.917
HT115,neopeltolide,4.923
NCIH2110,neopeltolide,4.936
HCC1833,neopeltolide,4.967
CL40,neopeltolide,4.969
NCIH841,neopeltolide,4.987
OV90,neopeltolide,5.028
HCC2935,neopeltolide,5.037
HT55,neopeltolide,5.106
LOVO,neopeltolide,5.153
NCIH1694,neopeltolide,5.188
HCC2108,neopeltolide,5.205
MCF7,neopeltolide,5.226
RMUGS,neopeltolide,5.323
LP1,neopeltolide,5.335
NCIH441,neopeltolide,5.341
SNU61,neopeltolide,5.346
HCC1359,neopeltolide,5.367
RCM1,neopeltolide,5.429
NCIH2342,neopeltolide,5.434
TYKNU,neopeltolide,5.437
NCIH2081,neopeltolide,5.449
EFO27,neopeltolide,5.475
NCIH2141,neopeltolide,5.522
JHOM1,neopeltolide,5.576
NCIH508,neopeltolide,5.587
NCIH1876,neopeltolide,5.681
HT29,neopeltolide,5.705
HCC4006,neopeltolide,5.734
IGROV1,neopeltolide,5.772
JHOC5,neopeltolide,5.791
MDST8,neopeltolide,5.814
COLO678,neopeltolide,5.815
NCIH2122,neopeltolide,5.851
NOMO1,neopeltolide,5.862
SCC9,neopeltolide,5.867
SNU840,neopeltolide,6.069
LS123,neopeltolide,6.098
HCC1195,neopeltolide,6.135
NCIH460,neopeltolide,6.144
NCIH2023,neopeltolide,6.164
OV7,neopeltolide,6.35
HCC827,neopeltolide,6.43
SQ1,neopeltolide,6.494
SNU398,neopeltolide,6.532
CAOV3,neopeltolide,6.563
OAW42,neopeltolide,7.113
BL70,neratinib,0.182
SCLC21H,neratinib,0.221
OVCAR8,neratinib,0.253
OVKATE,neratinib,0.277
HCC4006,neratinib,0.283
CORL51,neratinib,0.286
HCC2935,neratinib,0.321
MOLM16,neratinib,0.322
COV434,neratinib,0.459
GDM1,neratinib,0.474
NCIH1963,neratinib,0.579
KMS11,neratinib,0.593
NCIH3255,neratinib,0.743
OVCAR4,neratinib,0.745
HEC151,neratinib,0.767
SKM1,neratinib,0.802
JHOS4,neratinib,0.839
OCIAML3,neratinib,0.843
HCC827,neratinib,0.856
NCIH1435,neratinib,0.888
IGROV1,neratinib,0.901
SNUC4,neratinib,0.978
LS180,neratinib,1.038
HT115,neratinib,1.061
SCC9,neratinib,1.067
HS852T,neratinib,1.208
LXF289,neratinib,1.241
NCIH508,neratinib,1.244
PATU8902,neratinib,1.346
ISHIKAWAHERAKLIO02ER,neratinib,1.407
CAL12T,neratinib,1.415
GAMG,neratinib,1.427
HT55,neratinib,1.462
NCIH2141,neratinib,1.465
CW2,neratinib,1.476
SNU398,neratinib,1.622
NCIH2286,neratinib,1.718
NCIH1105,neratinib,1.77
NCIH1836,neratinib,1.797
SNGM,neratinib,1.799
JHOC5,neratinib,1.84
NOMO1,neratinib,1.857
RMGI,neratinib,1.912
PC3,neratinib,1.973
COLO668,neratinib,2.021
AGS,neratinib,2.038
EJM,neratinib,2.042
NUDUL1,neratinib,2.11
PL21,neratinib,2.115
OVK18,neratinib,2.285
LOVO,neratinib,2.301
CL40,neratinib,2.368
SNUC5,neratinib,2.369
RKN,neratinib,2.389
SNU449,neratinib,2.44
SW948,neratinib,2.468
SNU175,neratinib,2.478
NCIH1694,neratinib,2.523
RCC10RGB,neratinib,2.527
NCIH1876,neratinib,2.569
EFO27,neratinib,2.606
NCIH2081,neratinib,2.746
MKN74,neratinib,2.766
U937,neratinib,2.854
NCIH2122,neratinib,2.877
SNU81,neratinib,2.923
TYKNU,neratinib,2.936
LP1,neratinib,2.983
A375,neratinib,2.994
KM12,neratinib,2.998
NCIH441,neratinib,3.032
RCM1,neratinib,3.103
COLO678,neratinib,3.126
RMUGS,neratinib,3.135
THP1,neratinib,3.166
LN229,neratinib,3.241
SNU61,neratinib,3.255
HCC2108,neratinib,3.31
SNU840,neratinib,3.322
WSUDLCL2,neratinib,3.33
NCIH1915,neratinib,3.349
KLE,neratinib,3.395
COV362,neratinib,3.437
CORL23,neratinib,3.437
MCF7,neratinib,3.441
SUDHL4,neratinib,3.465
SKMEL1,neratinib,3.471
HCT116,neratinib,3.514
NCIH2030,neratinib,3.567
RPMI8226,neratinib,3.608
COV644,neratinib,3.619
SKLU1,neratinib,3.65
HCC1833,neratinib,3.655
SW620,neratinib,3.656
SQ1,neratinib,3.738
T3M10,neratinib,3.747
JHUEM2,neratinib,3.821
AMO1,neratinib,3.828
A2780,neratinib,3.893
NCIH841,neratinib,3.911
RERFLCKJ,neratinib,3.926
SKMEL5,neratinib,3.982
NCIH2342,neratinib,3.993
RKO,neratinib,4.004
HEC108,neratinib,4.015
HCC1359,neratinib,4.139
U2OS,neratinib,4.14
OVMANA,neratinib,4.214
JHOM1,neratinib,4.248
HCC15,neratinib,4.256
NCIH596,neratinib,4.293
OCILY10,neratinib,4.323
NCIH1755,neratinib,4.442
NCIH2110,neratinib,4.482
HCT8,neratinib,4.492
COV318,neratinib,4.564
LS123,neratinib,4.649
CAOV3,neratinib,4.665
SW480,neratinib,4.689
JHH6,neratinib,4.742
SNU1040,neratinib,4.753
CL34,neratinib,4.778
OV7,neratinib,4.919
HCC1195,neratinib,5.063
HEC59,neratinib,5.173
SUDHL5,neratinib,5.341
NCIH1781,neratinib,5.351
HEPG2,neratinib,5.388
OV90,neratinib,5.734
MDST8,neratinib,5.771
NCIH1930,neratinib,5.983
NCIH2172,neratinib,5.994
HT29,neratinib,6.268
NCIH2023,neratinib,6.374
OAW42,neratinib,6.518
HT1080,neratinib,6.535
NCIH460,neratinib,6.935
SKMEL28,neratinib,6.987
OCIAML3,NPC-26,0.903
SNUC5,NPC-26,1.238
SNU175,NPC-26,1.329
KMS11,NPC-26,1.609
LS180,NPC-26,1.615
OVK18,NPC-26,1.842
OVCAR8,NPC-26,1.955
NCIH2342,NPC-26,2.051
CW2,NPC-26,2.089
HEC151,NPC-26,2.114
NCIH1836,NPC-26,2.122
SNUC4,NPC-26,2.278
RKO,NPC-26,2.31
SKM1,NPC-26,2.387
NUDUL1,NPC-26,2.428
NOMO1,NPC-26,2.443
NCIH1105,NPC-26,2.463
AGS,NPC-26,2.466
SW620,NPC-26,2.557
OCILY10,NPC-26,2.588
SNU61,NPC-26,2.593
WSUDLCL2,NPC-26,2.659
SNU81,NPC-26,2.677
LOVO,NPC-26,2.714
OV90,NPC-26,2.805
SW480,NPC-26,2.873
NCIH596,NPC-26,2.878
HCC2108,NPC-26,2.977
COV434,NPC-26,2.996
HCC15,NPC-26,3.001
TYKNU,NPC-26,3.015
COV644,NPC-26,3.053
THP1,NPC-26,3.111
SCLC21H,NPC-26,3.114
HCT116,NPC-26,3.117
KM12,NPC-26,3.119
OVCAR4,NPC-26,3.186
SKLU1,NPC-26,3.187
A375,NPC-26,3.207
JHUEM2,NPC-26,3.285
NCIH841,NPC-26,3.287
HCC2935,NPC-26,3.309
HCC1833,NPC-26,3.329
NCIH1876,NPC-26,3.349
SW948,NPC-26,3.383
LN229,NPC-26,3.418
SKMEL5,NPC-26,3.426
NCIH2141,NPC-26,3.494
PL21,NPC-26,3.508
MCF7,NPC-26,3.527
CL34,NPC-26,3.528
CAL12T,NPC-26,3.548
COLO320,NPC-26,3.563
T3M10,NPC-26,3.585
RPMI8226,NPC-26,3.632
HT115,NPC-26,3.64
NCIH2122,NPC-26,3.677
NCIH441,NPC-26,3.687
SUDHL5,NPC-26,3.699
NCIH1963,NPC-26,3.737
COLO678,NPC-26,3.799
NCIH1694,NPC-26,3.848
NCIH508,NPC-26,3.917
NCIH3255,NPC-26,3.938
SNU398,NPC-26,3.967
A2780,NPC-26,3.968
HT55,NPC-26,4.025
RMUGS,NPC-26,4.086
OV7,NPC-26,4.087
SCC9,NPC-26,4.133
NCIH460,NPC-26,4.136
NCIH2030,NPC-26,4.192
HCT8,NPC-26,4.26
NCIH2172,NPC-26,4.273
HCC4006,NPC-26,4.286
HEPG2,NPC-26,4.33
OVKATE,NPC-26,4.359
SNU840,NPC-26,4.378
IGROV1,NPC-26,4.394
RMGI,NPC-26,4.402
HCC1195,NPC-26,4.434
HT29,NPC-26,4.446
JHOC5,NPC-26,4.504
AMO1,NPC-26,4.511
CL40,NPC-26,4.515
LP1,NPC-26,4.59
RCM1,NPC-26,4.617
NCIH2081,NPC-26,4.648
NCIH2110,NPC-26,4.65
CORL23,NPC-26,4.681
COV362,NPC-26,4.729
LS123,NPC-26,4.782
SQ1,NPC-26,4.783
HCC827,NPC-26,4.821
CORL51,NPC-26,4.829
NCIH1781,NPC-26,4.889
EFO27,NPC-26,4.915
RCC10RGB,NPC-26,4.963
JHOM1,NPC-26,4.996
SNU1040,NPC-26,5.008
CAOV3,NPC-26,5.051
HCC1359,NPC-26,5.186
SKMEL1,NPC-26,5.189
MDST8,NPC-26,5.234
SKMEL28,NPC-26,5.268
NCIH1755,NPC-26,5.432
OAW42,NPC-26,5.65
EJM,NPC-26,5.699
NCIH2023,NPC-26,5.719
SUDHL4,NPC-26,5.754
RKN,NPC-26,5.799
GDM1,NPC-26,6.245
U937,NPC-26,6.334
HT1080,NPC-26,6.656
MOLM16,NPC-26,7.274
SNU398,NSC 74859,2.107
NCIH1963,NSC 74859,5.214
HEC151,NSC 74859,5.758
NUDUL1,NSC 74859,5.76
OCIAML3,NSC 74859,5.889
OVCAR4,NSC 74859,5.966
KMS11,NSC 74859,6.252
OVCAR8,NSC 74859,6.269
SW480,NSC 74859,6.353
SKMEL1,NSC 74859,6.362
SKM1,NSC 74859,6.374
NCIH1781,NSC 74859,6.436
NOMO1,NSC 74859,6.491
CORL51,NSC 74859,6.495
HT1080,NSC 74859,6.495
OCILY10,NSC 74859,6.518
OVKATE,NSC 74859,6.528
COLO320,NSC 74859,6.553
OVK18,NSC 74859,6.563
GDM1,NSC 74859,6.596
T3M10,NSC 74859,6.616
COLO678,NSC 74859,6.619
HCC2108,NSC 74859,6.625
U937,NSC 74859,6.665
A375,NSC 74859,6.695
NCIH2141,NSC 74859,6.703
SW620,NSC 74859,6.717
JHUEM2,NSC 74859,6.729
RMUGS,NSC 74859,6.755
COV434,NSC 74859,6.757
NCIH2023,NSC 74859,6.76
LN229,NSC 74859,6.76
CL34,NSC 74859,6.773
SKMEL28,NSC 74859,6.787
RMGI,NSC 74859,6.793
LP1,NSC 74859,6.807
EFO27,NSC 74859,6.812
HCC4006,NSC 74859,6.842
OV7,NSC 74859,6.888
NCIH2081,NSC 74859,6.894
HCC15,NSC 74859,6.903
TYKNU,NSC 74859,6.904
NCIH596,NSC 74859,6.908
NCIH1694,NSC 74859,6.94
NCIH2342,NSC 74859,6.94
SNU1040,NSC 74859,6.944
SNU840,NSC 74859,6.956
NCIH2030,NSC 74859,6.964
IGROV1,NSC 74859,6.966
MCF7,NSC 74859,6.968
HEPG2,NSC 74859,6.97
LS123,NSC 74859,6.971
NCIH441,NSC 74859,6.981
EJM,NSC 74859,6.986
SKLU1,NSC 74859,6.986
JHOC5,NSC 74859,6.989
NCIH2172,NSC 74859,6.992
NCIH460,NSC 74859,7.005
THP1,NSC 74859,7.012
CAOV3,NSC 74859,7.024
OV90,NSC 74859,7.035
NCIH2122,NSC 74859,7.064
HCC1195,NSC 74859,7.068
NCIH1755,NSC 74859,7.07
HCC1359,NSC 74859,7.075
CW2,NSC 74859,7.082
LS180,NSC 74859,7.088
NCIH1876,NSC 74859,7.088
SNU61,NSC 74859,7.091
RKN,NSC 74859,7.099
JHOM1,NSC 74859,7.099
A2780,NSC 74859,7.102
SKMEL5,NSC 74859,7.109
NCIH508,NSC 74859,7.11
MDST8,NSC 74859,7.126
HCT8,NSC 74859,7.127
HCT116,NSC 74859,7.128
HCC827,NSC 74859,7.174
SQ1,NSC 74859,7.181
HT29,NSC 74859,7.183
PL21,NSC 74859,7.187
RKO,NSC 74859,7.207
SCC9,NSC 74859,7.228
HT55,NSC 74859,7.243
LOVO,NSC 74859,7.249
RCM1,NSC 74859,7.255
NCIH841,NSC 74859,7.264
NCIH1836,NSC 74859,7.271
COV362,NSC 74859,7.281
HCC2935,NSC 74859,7.288
CAL12T,NSC 74859,7.328
COV644,NSC 74859,7.344
RPMI8226,NSC 74859,7.363
KM12,NSC 74859,7.382
SUDHL4,NSC 74859,7.42
CORL23,NSC 74859,7.491
HT115,NSC 74859,7.53
WSUDLCL2,NSC 74859,7.617
NCIH2110,NSC 74859,7.621
OAW42,NSC 74859,7.636
NCIH1105,NSC 74859,7.713
MOLM16,NSC 74859,7.716
SCLC21H,NSC 74859,7.719
RCC10RGB,NSC 74859,7.73
HCC1833,NSC 74859,7.731
SNUC5,NSC 74859,7.878
CL40,NSC 74859,7.881
AGS,NSC 74859,7.942
SW948,NSC 74859,8.025
SNU175,NSC 74859,8.026
SUDHL5,NSC 74859,8.033
SNU81,NSC 74859,8.115
NCIH3255,NSC 74859,8.135
SNUC4,NSC 74859,8.617
AMO1,NSC 74859,8.639
SCLC21H,NSC23766,0.201
PL21,NSC23766,0.86
COV434,NSC23766,0.88
THP1,NSC23766,0.917
OCIAML3,NSC23766,1.357
SNU175,NSC23766,1.766
KM12,NSC23766,1.935
CORL51,NSC23766,1.939
WSUDLCL2,NSC23766,2.03
NCIH1963,NSC23766,2.222
SNUC5,NSC23766,2.222
SKM1,NSC23766,2.381
EJM,NSC23766,2.46
CAL12T,NSC23766,2.513
OVK18,NSC23766,2.517
NCIH1836,NSC23766,2.535
SCC9,NSC23766,2.578
RKO,NSC23766,2.695
COV644,NSC23766,2.74
SUDHL5,NSC23766,2.803
OCILY10,NSC23766,2.861
CL34,NSC23766,2.932
MCF7,NSC23766,3.131
HCC2108,NSC23766,3.18
NCIH1876,NSC23766,3.19
OVCAR4,NSC23766,3.205
SUDHL4,NSC23766,3.332
NCIH2342,NSC23766,3.524
NCIH1694,NSC23766,3.552
AGS,NSC23766,3.552
HCC1359,NSC23766,3.617
NOMO1,NSC23766,3.648
NCIH596,NSC23766,3.661
KMS11,NSC23766,3.679
HCC1195,NSC23766,3.74
RPMI8226,NSC23766,3.849
HCC4006,NSC23766,3.895
LN229,NSC23766,3.901
HEC151,NSC23766,4.018
NCIH1105,NSC23766,4.115
GDM1,NSC23766,4.229
TYKNU,NSC23766,4.318
SNU81,NSC23766,4.434
CAOV3,NSC23766,4.443
EFO27,NSC23766,4.561
SNU398,NSC23766,4.611
OVCAR8,NSC23766,4.628
JHOC5,NSC23766,4.663
SKLU1,NSC23766,4.682
JHUEM2,NSC23766,4.697
NCIH841,NSC23766,4.72
COLO678,NSC23766,4.749
A2780,NSC23766,4.758
HCC2935,NSC23766,4.921
SNU61,NSC23766,4.932
NCIH2081,NSC23766,4.941
HCC15,NSC23766,4.965
NCIH441,NSC23766,4.98
RMUGS,NSC23766,5.004
OV90,NSC23766,5.047
SNU840,NSC23766,5.124
LP1,NSC23766,5.133
SQ1,NSC23766,5.142
U937,NSC23766,5.173
HCC827,NSC23766,5.196
NCIH2110,NSC23766,5.214
CORL23,NSC23766,5.215
IGROV1,NSC23766,5.277
MDST8,NSC23766,5.277
MOLM16,NSC23766,5.278
NCIH1755,NSC23766,5.378
CL40,NSC23766,5.416
RKN,NSC23766,5.439
HEPG2,NSC23766,5.461
HCT116,NSC23766,5.502
A375,NSC23766,5.509
LS180,NSC23766,5.686
NCIH508,NSC23766,5.769
NCIH2122,NSC23766,5.771
T3M10,NSC23766,5.839
HT1080,NSC23766,5.852
RMGI,NSC23766,5.857
JHOM1,NSC23766,5.966
NCIH2172,NSC23766,5.977
OVKATE,NSC23766,5.993
OV7,NSC23766,6.036
HT29,NSC23766,6.044
SKMEL5,NSC23766,6.075
NCIH2023,NSC23766,6.107
NCIH2141,NSC23766,6.127
SNU1040,NSC23766,6.205
NUDUL1,NSC23766,6.217
HCC1833,NSC23766,6.263
LS123,NSC23766,6.329
RCM1,NSC23766,6.347
HT115,NSC23766,6.41
HCT8,NSC23766,6.451
LOVO,NSC23766,6.521
NCIH460,NSC23766,6.54
RCC10RGB,NSC23766,6.585
COLO320,NSC23766,6.671
NCIH2030,NSC23766,6.691
SW480,NSC23766,6.7
SKMEL28,NSC23766,6.742
SW620,NSC23766,6.748
HT55,NSC23766,6.797
OAW42,NSC23766,6.952
NCIH3255,NSC23766,7.096
AMO1,NSC23766,7.37
NCIH1781,NSC23766,7.557
SW948,NSC23766,7.792
COV362,NSC23766,7.892
SKMEL1,NSC23766,7.922
CW2,NSC23766,8.384
SNUC4,NSC23766,8.931
OCIAML3,NSC632839,0.994
KMS11,NSC632839,1.684
NUDUL1,NSC632839,1.801
NCIH810,NSC632839,2.042
PL21,NSC632839,2.086
KE97,NSC632839,2.119
MSTO211H,NSC632839,2.151
SKM1,NSC632839,2.162
SNUC5,NSC632839,2.18
NCIH2029,NSC632839,2.208
NCIH1963,NSC632839,2.268
HSC2,NSC632839,2.3
WSUDLCL2,NSC632839,2.318
NCIH1048,NSC632839,2.329
RPMI8226,NSC632839,2.336
HEYA8,NSC632839,2.373
VMRCLCD,NSC632839,2.377
OVCAR8,NSC632839,2.385
SCLC21H,NSC632839,2.447
GDM1,NSC632839,2.461
HEC151,NSC632839,2.531
OVCAR4,NSC632839,2.57
MC116,NSC632839,2.592
SHP77,NSC632839,2.601
OVK18,NSC632839,2.716
NOMO1,NSC632839,2.723
CORL51,NSC632839,2.75
NCIH1573,NSC632839,2.76
KNS62,NSC632839,2.84
HCT116,NSC632839,2.866
KM12,NSC632839,2.874
KU812,NSC632839,2.9
RKO,NSC632839,2.911
G401,NSC632839,2.925
NCIH596,NSC632839,2.931
BL70,NSC632839,2.935
RT4,NSC632839,2.94
THP1,NSC632839,2.979
LS180,NSC632839,2.997
NCIH1836,NSC632839,2.999
CHAGOK1,NSC632839,3.006
CW2,NSC632839,3.011
NCIH1105,NSC632839,3.014
HT1376,NSC632839,3.061
CALU6,NSC632839,3.069
SNU398,NSC632839,3.073
MFE319,NSC632839,3.106
KP3,NSC632839,3.157
A375,NSC632839,3.178
HEC6,NSC632839,3.189
NCIH82,NSC632839,3.209
AGS,NSC632839,3.231
COV434,NSC632839,3.298
DMS273,NSC632839,3.309
NCIH1781,NSC632839,3.354
HT,NSC632839,3.369
LS513,NSC632839,3.379
LCLC97TM1,NSC632839,3.403
SW620,NSC632839,3.414
KYSE450,NSC632839,3.418
SW48,NSC632839,3.431
LN229,NSC632839,3.433
KYSE140,NSC632839,3.434
JHUEM2,NSC632839,3.438
HARA,NSC632839,3.444
SUDHL5,NSC632839,3.453
HS852T,NSC632839,3.471
HEC265,NSC632839,3.474
SNU840,NSC632839,3.48
ISHIKAWAHERAKLIO02ER,NSC632839,3.498
SNU81,NSC632839,3.522
A2780,NSC632839,3.557
NCIH1694,NSC632839,3.559
TYKNU,NSC632839,3.565
COLO668,NSC632839,3.581
CL34,NSC632839,3.589
OV90,NSC632839,3.6
EBC1,NSC632839,3.608
CORL23,NSC632839,3.61
JHOM1,NSC632839,3.61
OVKATE,NSC632839,3.634
EPLC272H,NSC632839,3.641
NCIH1568,NSC632839,3.65
RKN,NSC632839,3.665
LC1SQSF,NSC632839,3.669
HT55,NSC632839,3.672
NCIH727,NSC632839,3.675
HCC44,NSC632839,3.682
EJM,NSC632839,3.696
COLO205,NSC632839,3.704
CAOV3,NSC632839,3.711
VMRCRCW,NSC632839,3.751
SUDHL4,NSC632839,3.753
LP1,NSC632839,3.773
HEC251,NSC632839,3.782
NCIH1944,NSC632839,3.795
LOVO,NSC632839,3.804
PANC0327,NSC632839,3.808
RMUGS,NSC632839,3.817
NCIH1792,NSC632839,3.835
JHOC5,NSC632839,3.847
NCIH1299,NSC632839,3.847
PC3,NSC632839,3.863
SKLU1,NSC632839,3.875
HT115,NSC632839,3.885
NUGC4,NSC632839,3.901
NCIH2286,NSC632839,3.916
NCIH23,NSC632839,3.932
HCC15,NSC632839,3.961
SNUC4,NSC632839,3.963
QGP1,NSC632839,3.972
NCIH508,NSC632839,3.972
NCIH1666,NSC632839,3.977
U937,NSC632839,4.024
KYSE410,NSC632839,4.025
HCC1359,NSC632839,4.039
NCIH2009,NSC632839,4.06
NCIH28,NSC632839,4.061
DLD1,NSC632839,4.061
IGROV1,NSC632839,4.065
RCM1,NSC632839,4.07
SW480,NSC632839,4.074
NCIH1876,NSC632839,4.097
G361,NSC632839,4.109
NCIH441,NSC632839,4.111
NCIH1915,NSC632839,4.134
HUPT4,NSC632839,4.141
NCIH1373,NSC632839,4.141
NCIH2052,NSC632839,4.146
LU99,NSC632839,4.149
SNGM,NSC632839,4.154
SKMEL1,NSC632839,4.164
HCC33,NSC632839,4.167
HCC4006,NSC632839,4.17
LCLC103H,NSC632839,4.179
HEC108,NSC632839,4.182
COLO678,NSC632839,4.191
SF295,NSC632839,4.192
NCIH1975,NSC632839,4.203
NCIH2122,NSC632839,4.224
T3M10,NSC632839,4.228
SNUC2A,NSC632839,4.243
SCC9,NSC632839,4.274
RMGI,NSC632839,4.275
NCIH358,NSC632839,4.281
RCC10RGB,NSC632839,4.296
HS936T,NSC632839,4.311
HCC78,NSC632839,4.325
SW948,NSC632839,4.338
SKOV3,NSC632839,4.34
COV644,NSC632839,4.361
PANC1005,NSC632839,4.363
HT1080,NSC632839,4.367
A549,NSC632839,4.372
U2OS,NSC632839,4.375
HEC59,NSC632839,4.412
KMBC2,NSC632839,4.429
NCIH841,NSC632839,4.457
UMUC3,NSC632839,4.469
5637,NSC632839,4.495
HCC827,NSC632839,4.497
HCC1833,NSC632839,4.502
NCIH522,NSC632839,4.502
FU97,NSC632839,4.51
BEN,NSC632839,4.529
SKCO1,NSC632839,4.529
SNU449,NSC632839,4.535
NCIH661,NSC632839,4.537
HCT8,NSC632839,4.545
GP2D,NSC632839,4.567
SKMEL5,NSC632839,4.568
SNU175,NSC632839,4.579
CORL279,NSC632839,4.586
P3HR1,NSC632839,4.61
NCIH1437,NSC632839,4.625
MKN74,NSC632839,4.63
DV90,NSC632839,4.63
CFPAC1,NSC632839,4.658
RERFLCKJ,NSC632839,4.659
CAPAN2,NSC632839,4.663
LS411N,NSC632839,4.672
C2BBE1,NSC632839,4.672
PATU8902,NSC632839,4.673
NCIH1793,NSC632839,4.68
LXF289,NSC632839,4.724
NCIH1755,NSC632839,4.766
HCC1195,NSC632839,4.767
NCIH650,NSC632839,4.769
HPAC,NSC632839,4.78
HCC2108,NSC632839,4.834
COLO320,NSC632839,4.839
JHOS4,NSC632839,4.843
CL40,NSC632839,4.849
NCIH2405,NSC632839,4.875
SNU1040,NSC632839,4.889
OAW42,NSC632839,4.913
NCIH1435,NSC632839,4.915
NCIH1355,NSC632839,4.921
SQ1,NSC632839,4.936
SUIT2,NSC632839,4.95
EFO27,NSC632839,4.957
LS123,NSC632839,5.011
MDST8,NSC632839,5.049
JHH6,NSC632839,5.108
OCILY10,NSC632839,5.122
MKN7,NSC632839,5.127
COLO741,NSC632839,5.129
HCC2935,NSC632839,5.143
SNU61,NSC632839,5.151
NCIH3255,NSC632839,5.167
OVMANA,NSC632839,5.184
NCIH2081,NSC632839,5.226
NCIH2030,NSC632839,5.287
KLE,NSC632839,5.302
NCIH1930,NSC632839,5.33
MOLM16,NSC632839,5.334
HT29,NSC632839,5.407
NCIH460,NSC632839,5.422
HEPG2,NSC632839,5.426
CAL12T,NSC632839,5.485
NCIH2141,NSC632839,5.525
HS944T,NSC632839,5.543
SKMEL28,NSC632839,5.552
LU65,NSC632839,5.567
MCF7,NSC632839,5.568
CORL88,NSC632839,5.677
NCIH2342,NSC632839,5.718
OV7,NSC632839,5.72
NCIH2110,NSC632839,5.808
GAMG,NSC632839,5.817
AMO1,NSC632839,5.855
NCIH2023,NSC632839,5.899
NCIH2126,NSC632839,5.927
NCIH2172,NSC632839,5.951
CALU3,NSC632839,6.076
COV318,NSC632839,6.145
SH10TC,NSC632839,6.203
SW403,NSC632839,6.267
EFO21,NSC632839,6.416
COV362,NSC632839,7.019
NUDUL1,NSC95397,0.596
P3HR1,NSC95397,0.903
NCIH810,NSC95397,1.029
HCC33,NSC95397,1.263
WSUDLCL2,NSC95397,1.296
SUDHL5,NSC95397,1.327
G401,NSC95397,1.415
KMS11,NSC95397,1.584
HEC6,NSC95397,1.613
KU812,NSC95397,1.618
NCIH1963,NSC95397,1.631
GDM1,NSC95397,1.641
OVCAR8,NSC95397,1.713
NCIH1568,NSC95397,1.715
SKM1,NSC95397,1.748
OCIAML3,NSC95397,1.773
OVK18,NSC95397,1.778
NOMO1,NSC95397,1.794
KE97,NSC95397,1.823
OVCAR4,NSC95397,1.831
SW48,NSC95397,1.903
NCIH82,NSC95397,1.948
LS513,NSC95397,1.976
NCIH1299,NSC95397,2.039
AGS,NSC95397,2.049
VMRCLCD,NSC95397,2.07
HEYA8,NSC95397,2.091
NCIH2029,NSC95397,2.201
PL21,NSC95397,2.217
JHOS4,NSC95397,2.239
NCIH23,NSC95397,2.257
SHP77,NSC95397,2.273
MC116,NSC95397,2.296
NCIH1694,NSC95397,2.397
NCIH1048,NSC95397,2.405
HS852T,NSC95397,2.487
DMS273,NSC95397,2.499
COV434,NSC95397,2.52
HEC151,NSC95397,2.546
MFE319,NSC95397,2.551
HSC2,NSC95397,2.557
PC3,NSC95397,2.636
HT,NSC95397,2.652
EPLC272H,NSC95397,2.662
KMBC2,NSC95397,2.668
NCIH1975,NSC95397,2.676
SNUC2A,NSC95397,2.793
NCIH1666,NSC95397,2.834
NCIH1105,NSC95397,2.849
SNGM,NSC95397,2.861
NCIH727,NSC95397,2.865
KLE,NSC95397,2.885
CALU6,NSC95397,2.941
THP1,NSC95397,2.964
RT4,NSC95397,2.983
SCLC21H,NSC95397,2.996
G361,NSC95397,3.021
LP1,NSC95397,3.038
HT1376,NSC95397,3.054
EJM,NSC95397,3.063
RCC10RGB,NSC95397,3.065
RMUGS,NSC95397,3.087
NCIH522,NSC95397,3.096
NCIH1876,NSC95397,3.097
CORL88,NSC95397,3.115
OVKATE,NSC95397,3.122
SNUC5,NSC95397,3.128
PANC0327,NSC95397,3.148
HCC1359,NSC95397,3.176
KYSE140,NSC95397,3.18
MSTO211H,NSC95397,3.201
DLD1,NSC95397,3.202
GP2D,NSC95397,3.212
CW2,NSC95397,3.238
MKN7,NSC95397,3.24
NCIH2141,NSC95397,3.243
PANC1005,NSC95397,3.243
JHUEM2,NSC95397,3.26
KP3,NSC95397,3.28
SKMEL5,NSC95397,3.287
ISHIKAWAHERAKLIO02ER,NSC95397,3.309
CHAGOK1,NSC95397,3.312
COLO205,NSC95397,3.336
HCC78,NSC95397,3.354
NCIH1781,NSC95397,3.357
PATU8902,NSC95397,3.372
HS936T,NSC95397,3.437
NCIH2405,NSC95397,3.451
UMUC3,NSC95397,3.477
COLO668,NSC95397,3.503
BL70,NSC95397,3.507
5637,NSC95397,3.517
NCIH2009,NSC95397,3.522
HUPT4,NSC95397,3.53
HEC251,NSC95397,3.557
MCF7,NSC95397,3.574
NCIH1836,NSC95397,3.597
NCIH2286,NSC95397,3.607
RPMI8226,NSC95397,3.621
LCLC97TM1,NSC95397,3.623
CL34,NSC95397,3.626
LS180,NSC95397,3.656
SUDHL4,NSC95397,3.673
NCIH841,NSC95397,3.679
NCIH650,NSC95397,3.686
CORL51,NSC95397,3.713
EBC1,NSC95397,3.754
HEC265,NSC95397,3.765
LU99,NSC95397,3.814
CAPAN2,NSC95397,3.815
C2BBE1,NSC95397,3.819
HEC108,NSC95397,3.821
COLO678,NSC95397,3.825
SKCO1,NSC95397,3.848
TYKNU,NSC95397,3.85
CORL279,NSC95397,3.87
LCLC103H,NSC95397,3.88
SNU449,NSC95397,3.894
NCIH2052,NSC95397,3.898
A2780,NSC95397,3.973
SKLU1,NSC95397,3.975
HCC1833,NSC95397,3.989
EFO27,NSC95397,3.994
A375,NSC95397,4.025
VMRCRCW,NSC95397,4.027
HT55,NSC95397,4.028
NCIH28,NSC95397,4.034
NCIH3255,NSC95397,4.049
COV318,NSC95397,4.066
NCIH1435,NSC95397,4.07
U937,NSC95397,4.075
RKO,NSC95397,4.076
HCT116,NSC95397,4.089
NCIH2342,NSC95397,4.096
HCC2108,NSC95397,4.118
SNU175,NSC95397,4.139
FU97,NSC95397,4.141
CORL23,NSC95397,4.146
RCM1,NSC95397,4.194
RERFLCKJ,NSC95397,4.24
SUIT2,NSC95397,4.252
SNU61,NSC95397,4.289
KYSE450,NSC95397,4.289
QGP1,NSC95397,4.308
JHOC5,NSC95397,4.315
NCIH358,NSC95397,4.316
SNU398,NSC95397,4.342
LS411N,NSC95397,4.348
SCC9,NSC95397,4.358
LN229,NSC95397,4.364
AMO1,NSC95397,4.369
SW480,NSC95397,4.408
NCIH441,NSC95397,4.45
A549,NSC95397,4.452
SNU840,NSC95397,4.509
COV644,NSC95397,4.511
SW403,NSC95397,4.532
HEC59,NSC95397,4.559
MOLM16,NSC95397,4.615
SKOV3,NSC95397,4.627
COLO741,NSC95397,4.636
SNU1040,NSC95397,4.638
MKN74,NSC95397,4.638
NCIH661,NSC95397,4.642
SW948,NSC95397,4.648
RMGI,NSC95397,4.658
HCC2935,NSC95397,4.664
OV90,NSC95397,4.664
NCIH596,NSC95397,4.672
IGROV1,NSC95397,4.699
SW620,NSC95397,4.719
KNS62,NSC95397,4.728
SNU81,NSC95397,4.763
SNUC4,NSC95397,4.801
NCIH2081,NSC95397,4.809
NCIH2110,NSC95397,4.809
NCIH1930,NSC95397,4.832
GAMG,NSC95397,4.865
NCIH1373,NSC95397,4.892
EFO21,NSC95397,4.911
SKMEL1,NSC95397,4.916
NCIH1755,NSC95397,4.921
JHOM1,NSC95397,4.931
CAL12T,NSC95397,4.935
KM12,NSC95397,4.939
HARA,NSC95397,4.95
LXF289,NSC95397,4.958
LS123,NSC95397,4.967
HCC15,NSC95397,4.968
HCC4006,NSC95397,4.971
HT115,NSC95397,4.994
RKN,NSC95397,5.008
SQ1,NSC95397,5.009
NCIH1944,NSC95397,5.039
HS944T,NSC95397,5.076
NCIH1792,NSC95397,5.097
CAOV3,NSC95397,5.126
OCILY10,NSC95397,5.126
OVMANA,NSC95397,5.128
BEN,NSC95397,5.152
HCC1195,NSC95397,5.152
NCIH2122,NSC95397,5.169
OV7,NSC95397,5.201
CL40,NSC95397,5.229
HCC827,NSC95397,5.238
NCIH1915,NSC95397,5.254
NCIH1355,NSC95397,5.278
HT1080,NSC95397,5.309
CFPAC1,NSC95397,5.332
NCIH2126,NSC95397,5.352
T3M10,NSC95397,5.375
HEPG2,NSC95397,5.399
LC1SQSF,NSC95397,5.408
NCIH508,NSC95397,5.416
KYSE410,NSC95397,5.443
DV90,NSC95397,5.483
HCT8,NSC95397,5.484
MDST8,NSC95397,5.517
NCIH1573,NSC95397,5.597
LU65,NSC95397,5.598
HCC44,NSC95397,5.602
LOVO,NSC95397,5.624
JHH6,NSC95397,5.724
NCIH1437,NSC95397,5.737
HPAC,NSC95397,5.752
CALU3,NSC95397,5.763
HT29,NSC95397,5.798
NCIH1793,NSC95397,5.875
SH10TC,NSC95397,5.875
NCIH460,NSC95397,5.878
COV362,NSC95397,5.969
SF295,NSC95397,5.996
NCIH2030,NSC95397,6.037
U2OS,NSC95397,6.238
NCIH2172,NSC95397,6.314
NCIH2023,NSC95397,6.372
OAW42,NSC95397,6.482
NUGC4,NSC95397,6.595
SKMEL28,NSC95397,6.751
JHUEM2,nutlin-3,0.33
GDM1,nutlin-3,0.398
OCIAML3,nutlin-3,0.477
SUDHL5,nutlin-3,0.675
SNU175,nutlin-3,1.025
LS180,nutlin-3,1.546
OVKATE,nutlin-3,1.721
CW2,nutlin-3,1.763
HEC151,nutlin-3,1.857
NUDUL1,nutlin-3,1.878
COV434,nutlin-3,2.087
NCIH2122,nutlin-3,2.139
AGS,nutlin-3,2.172
NCIH596,nutlin-3,2.327
SNUC4,nutlin-3,2.329
AMO1,nutlin-3,2.33
HCT116,nutlin-3,2.425
A375,nutlin-3,2.502
OVK18,nutlin-3,2.531
LOVO,nutlin-3,2.554
A2780,nutlin-3,2.559
HT1080,nutlin-3,2.832
SNU1040,nutlin-3,2.978
MCF7,nutlin-3,3
RMGI,nutlin-3,3.551
NOMO1,nutlin-3,3.649
SKM1,nutlin-3,3.784
IGROV1,nutlin-3,3.869
OVCAR4,nutlin-3,3.872
RMUGS,nutlin-3,3.927
NCIH2342,nutlin-3,3.938
NCIH1963,nutlin-3,3.938
JHOC5,nutlin-3,3.941
PL21,nutlin-3,3.944
HCT8,nutlin-3,3.998
WSUDLCL2,nutlin-3,4.067
HEPG2,nutlin-3,4.14
COLO678,nutlin-3,4.16
MDST8,nutlin-3,4.189
T3M10,nutlin-3,4.21
THP1,nutlin-3,4.24
SNU840,nutlin-3,4.265
NCIH460,nutlin-3,4.285
SNU398,nutlin-3,4.337
OVCAR8,nutlin-3,4.343
OV90,nutlin-3,4.352
LN229,nutlin-3,4.354
KMS11,nutlin-3,4.399
SCLC21H,nutlin-3,4.403
RKO,nutlin-3,4.445
SKMEL1,nutlin-3,4.675
RPMI8226,nutlin-3,4.679
RCC10RGB,nutlin-3,4.736
NCIH441,nutlin-3,4.756
NCIH1836,nutlin-3,4.766
NCIH1694,nutlin-3,4.79
SW480,nutlin-3,4.795
HCC2108,nutlin-3,4.807
U937,nutlin-3,4.927
RCM1,nutlin-3,4.962
SKMEL5,nutlin-3,4.974
OCILY10,nutlin-3,4.98
CORL51,nutlin-3,5.009
HCC15,nutlin-3,5.019
SKLU1,nutlin-3,5.035
HCC1833,nutlin-3,5.04
SW620,nutlin-3,5.071
HCC4006,nutlin-3,5.1
CL40,nutlin-3,5.12
HCC2935,nutlin-3,5.125
LP1,nutlin-3,5.136
NCIH1876,nutlin-3,5.15
SW948,nutlin-3,5.193
NCIH508,nutlin-3,5.193
SNU81,nutlin-3,5.248
OV7,nutlin-3,5.322
NCIH841,nutlin-3,5.41
COV644,nutlin-3,5.465
TYKNU,nutlin-3,5.493
NCIH1781,nutlin-3,5.521
LS123,nutlin-3,5.558
HT55,nutlin-3,5.576
NCIH2081,nutlin-3,5.58
SNU61,nutlin-3,5.588
SUDHL4,nutlin-3,5.685
CL34,nutlin-3,5.723
NCIH2172,nutlin-3,5.753
MOLM16,nutlin-3,5.762
COV362,nutlin-3,5.764
HT115,nutlin-3,5.783
NCIH1755,nutlin-3,5.839
OAW42,nutlin-3,5.854
EFO27,nutlin-3,5.862
SKMEL28,nutlin-3,5.91
NCIH2110,nutlin-3,5.929
NCIH2023,nutlin-3,5.979
EJM,nutlin-3,6.016
KM12,nutlin-3,6.018
HCC1195,nutlin-3,6.032
COLO320,nutlin-3,6.035
SNUC5,nutlin-3,6.042
NCIH2030,nutlin-3,6.09
CAL12T,nutlin-3,6.101
NCIH2141,nutlin-3,6.148
HCC1359,nutlin-3,6.162
RKN,nutlin-3,6.212
JHOM1,nutlin-3,6.316
SQ1,nutlin-3,6.328
NCIH3255,nutlin-3,6.367
CAOV3,nutlin-3,6.373
HT29,nutlin-3,6.433
HCC827,nutlin-3,6.452
SCC9,nutlin-3,6.522
NCIH1105,nutlin-3,6.652
CORL23,nutlin-3,6.93
OCIAML3,NVP-AUY922,2.181
GDM1,NVP-AUY922,2.211
NCIH1963,NVP-AUY922,2.54
PL21,NVP-AUY922,2.946
AGS,NVP-AUY922,2.987
KMS11,NVP-AUY922,3.185
MOLM16,NVP-AUY922,3.246
AMO1,NVP-AUY922,3.254
JHUEM2,NVP-AUY922,3.274
NCIH2141,NVP-AUY922,3.316
WSUDLCL2,NVP-AUY922,3.319
OVCAR8,NVP-AUY922,3.528
HEPG2,NVP-AUY922,3.531
OVKATE,NVP-AUY922,3.538
NCIH596,NVP-AUY922,3.633
HEC151,NVP-AUY922,3.637
NUDUL1,NVP-AUY922,3.649
SKM1,NVP-AUY922,3.656
RKO,NVP-AUY922,3.657
NOMO1,NVP-AUY922,3.664
LN229,NVP-AUY922,3.718
SUDHL4,NVP-AUY922,3.721
U937,NVP-AUY922,3.748
THP1,NVP-AUY922,3.753
OVK18,NVP-AUY922,3.758
CL34,NVP-AUY922,3.778
CAOV3,NVP-AUY922,3.779
HCC2108,NVP-AUY922,3.789
KM12,NVP-AUY922,3.8
HCT116,NVP-AUY922,3.804
NCIH1836,NVP-AUY922,3.852
U2OS,NVP-AUY922,3.865
SUDHL5,NVP-AUY922,3.867
CL40,NVP-AUY922,3.904
SCC9,NVP-AUY922,3.926
SNU1040,NVP-AUY922,3.929
A2780,NVP-AUY922,3.94
HCC15,NVP-AUY922,3.998
SNU175,NVP-AUY922,4.013
HCC2935,NVP-AUY922,4.036
OCILY10,NVP-AUY922,4.048
EJM,NVP-AUY922,4.062
SKMEL1,NVP-AUY922,4.077
OV90,NVP-AUY922,4.123
T3M10,NVP-AUY922,4.129
NCIH1755,NVP-AUY922,4.163
LOVO,NVP-AUY922,4.179
NCIH1694,NVP-AUY922,4.181
HT1080,NVP-AUY922,4.184
JHOC5,NVP-AUY922,4.185
IGROV1,NVP-AUY922,4.191
SNUC5,NVP-AUY922,4.303
NCIH1781,NVP-AUY922,4.306
NCIH2122,NVP-AUY922,4.327
RPMI8226,NVP-AUY922,4.339
NCIH2030,NVP-AUY922,4.341
CORL23,NVP-AUY922,4.351
NCIH460,NVP-AUY922,4.361
HCT8,NVP-AUY922,4.369
RKN,NVP-AUY922,4.37
SW620,NVP-AUY922,4.395
OV7,NVP-AUY922,4.401
LS180,NVP-AUY922,4.43
SNU81,NVP-AUY922,4.431
NCIH841,NVP-AUY922,4.436
JHOM1,NVP-AUY922,4.454
A375,NVP-AUY922,4.46
SNUC4,NVP-AUY922,4.461
CAL12T,NVP-AUY922,4.511
NCIH1105,NVP-AUY922,4.554
TYKNU,NVP-AUY922,4.564
CW2,NVP-AUY922,4.574
SQ1,NVP-AUY922,4.606
HT55,NVP-AUY922,4.631
HCC1833,NVP-AUY922,4.632
HCC827,NVP-AUY922,4.635
RCM1,NVP-AUY922,4.666
NCIH3255,NVP-AUY922,4.686
NCIH2081,NVP-AUY922,4.718
MDST8,NVP-AUY922,4.757
COV434,NVP-AUY922,4.766
HCC1359,NVP-AUY922,4.768
SNU398,NVP-AUY922,4.783
LS123,NVP-AUY922,4.788
EFO27,NVP-AUY922,4.825
LP1,NVP-AUY922,4.827
SCLC21H,NVP-AUY922,4.843
RMGI,NVP-AUY922,4.896
SW948,NVP-AUY922,4.898
NCIH1876,NVP-AUY922,4.926
CORL51,NVP-AUY922,4.948
OVCAR4,NVP-AUY922,4.968
SKLU1,NVP-AUY922,5.111
SW480,NVP-AUY922,5.145
HCC4006,NVP-AUY922,5.185
HT115,NVP-AUY922,5.193
RMUGS,NVP-AUY922,5.244
SNU840,NVP-AUY922,5.37
MCF7,NVP-AUY922,5.419
NCIH508,NVP-AUY922,5.518
COV644,NVP-AUY922,5.768
COV362,NVP-AUY922,5.773
NCIH441,NVP-AUY922,5.809
SNU61,NVP-AUY922,5.819
NCIH2023,NVP-AUY922,5.977
NCIH2110,NVP-AUY922,6.051
SKMEL5,NVP-AUY922,6.147
HCC1195,NVP-AUY922,6.364
NCIH2172,NVP-AUY922,6.422
OAW42,NVP-AUY922,6.569
HT29,NVP-AUY922,6.83
RCC10RGB,NVP-AUY922,6.918
COLO678,NVP-AUY922,7.011
NCIH2342,NVP-AUY922,7.16
SKMEL28,NVP-AUY922,8.046
SUDHL5,olaparib,0.998
JHUEM2,olaparib,1.196
NUDUL1,olaparib,1.784
NCIH1876,olaparib,2.802
OVCAR8,olaparib,2.976
THP1,olaparib,2.986
SKM1,olaparib,3.05
NCIH596,olaparib,3.143
NCIH1105,olaparib,3.319
OCIAML3,olaparib,3.632
WSUDLCL2,olaparib,3.782
OVK18,olaparib,4.001
GDM1,olaparib,4.046
NCIH1963,olaparib,4.084
TYKNU,olaparib,4.187
NCIH1694,olaparib,4.215
SW480,olaparib,4.466
OVKATE,olaparib,4.477
SNUC4,olaparib,4.666
SNU81,olaparib,4.689
HEC151,olaparib,4.691
A2780,olaparib,4.757
HT1080,olaparib,4.794
LS180,olaparib,4.805
SUDHL4,olaparib,4.896
SKLU1,olaparib,4.98
OVCAR4,olaparib,5.011
COV362,olaparib,5.052
CAOV3,olaparib,5.066
U937,olaparib,5.082
RMUGS,olaparib,5.085
SNU175,olaparib,5.105
KMS11,olaparib,5.197
SW620,olaparib,5.222
LP1,olaparib,5.279
MOLM16,olaparib,5.357
NCIH2081,olaparib,5.358
NCIH2110,olaparib,5.363
NCIH2342,olaparib,5.423
SCLC21H,olaparib,5.463
RPMI8226,olaparib,5.466
SNUC5,olaparib,5.516
HCT116,olaparib,5.517
OV90,olaparib,5.52
NCIH3255,olaparib,5.535
COV434,olaparib,5.597
CW2,olaparib,5.608
OCILY10,olaparib,5.615
IGROV1,olaparib,5.62
LOVO,olaparib,5.641
MCF7,olaparib,5.666
HCC2108,olaparib,5.688
HT115,olaparib,5.737
MDST8,olaparib,5.771
COLO678,olaparib,5.783
RKN,olaparib,5.82
SNU1040,olaparib,5.823
LN229,olaparib,5.869
SNU840,olaparib,5.879
A375,olaparib,5.882
HCC15,olaparib,5.888
NCIH1755,olaparib,5.901
RMGI,olaparib,5.926
OV7,olaparib,5.93
JHOC5,olaparib,5.932
PL21,olaparib,5.947
JHOM1,olaparib,5.959
NCIH1781,olaparib,5.967
CORL51,olaparib,5.975
CL40,olaparib,6.129
HT29,olaparib,6.136
LS123,olaparib,6.159
NCIH2030,olaparib,6.161
NCIH2122,olaparib,6.177
EJM,olaparib,6.185
CAL12T,olaparib,6.186
SW948,olaparib,6.197
T3M10,olaparib,6.2
CL34,olaparib,6.216
HCC827,olaparib,6.218
NCIH841,olaparib,6.263
KM12,olaparib,6.274
EFO27,olaparib,6.296
COLO320,olaparib,6.33
SCC9,olaparib,6.333
NCIH460,olaparib,6.359
NCIH441,olaparib,6.376
AMO1,olaparib,6.382
NCIH2023,olaparib,6.436
NCIH2141,olaparib,6.441
NCIH2172,olaparib,6.444
SNU398,olaparib,6.523
HCC4006,olaparib,6.537
HCC2935,olaparib,6.548
AGS,olaparib,6.551
SKMEL1,olaparib,6.632
COV644,olaparib,6.659
SKMEL28,olaparib,6.686
SKMEL5,olaparib,6.689
RCM1,olaparib,6.712
HCC1833,olaparib,6.737
HCC1195,olaparib,6.739
SQ1,olaparib,6.831
CORL23,olaparib,6.91
SNU61,olaparib,6.969
NCIH1836,olaparib,6.971
RKO,olaparib,7
NOMO1,olaparib,7.051
NCIH508,olaparib,7.054
HT55,olaparib,7.134
OAW42,olaparib,7.231
HCT8,olaparib,7.388
RCC10RGB,olaparib,7.401
HEPG2,olaparib,7.475
HCC1359,olaparib,7.687
SW620,oligomycin A,0.088
SKMEL28,oligomycin A,0.128
BL70,oligomycin A,0.144
KU812,oligomycin A,0.178
SUDHL5,oligomycin A,0.195
MOLM16,oligomycin A,0.21
NUDUL1,oligomycin A,0.282
SNU175,oligomycin A,0.523
SW480,oligomycin A,0.678
NCIH1963,oligomycin A,0.688
HEC151,oligomycin A,0.689
HT,oligomycin A,0.725
LU65,oligomycin A,0.807
VMRCLCD,oligomycin A,0.826
HT1080,oligomycin A,0.932
NCIH82,oligomycin A,1.013
RT4,oligomycin A,1.052
UMUC3,oligomycin A,1.111
LU99,oligomycin A,1.125
COV434,oligomycin A,1.16
CW2,oligomycin A,1.194
SKLU1,oligomycin A,1.257
P3HR1,oligomycin A,1.27
SCLC21H,oligomycin A,1.31
G401,oligomycin A,1.372
LS513,oligomycin A,1.377
DMS273,oligomycin A,1.379
NCIH2029,oligomycin A,1.444
SNUC4,oligomycin A,1.456
THP1,oligomycin A,1.471
NOMO1,oligomycin A,1.563
PL21,oligomycin A,1.582
MSTO211H,oligomycin A,1.642
NCIH1944,oligomycin A,1.662
GDM1,oligomycin A,1.69
SHP77,oligomycin A,1.725
CORL279,oligomycin A,1.734
SNUC5,oligomycin A,1.75
MC116,oligomycin A,1.89
NCIH1930,oligomycin A,1.913
KE97,oligomycin A,1.955
HCC33,oligomycin A,1.995
CALU6,oligomycin A,2
KYSE140,oligomycin A,2.072
A549,oligomycin A,2.129
COLO668,oligomycin A,2.136
SKCO1,oligomycin A,2.17
SKM1,oligomycin A,2.218
NCIH23,oligomycin A,2.232
LS411N,oligomycin A,2.267
SW948,oligomycin A,2.281
NCIH1568,oligomycin A,2.291
OCIAML3,oligomycin A,2.292
SKMEL5,oligomycin A,2.309
HCC1833,oligomycin A,2.331
HARA,oligomycin A,2.347
OVK18,oligomycin A,2.385
NCIH810,oligomycin A,2.387
NCIH1437,oligomycin A,2.392
LOVO,oligomycin A,2.413
LCLC97TM1,oligomycin A,2.504
LP1,oligomycin A,2.511
CHAGOK1,oligomycin A,2.514
NCIH1299,oligomycin A,2.528
NCIH522,oligomycin A,2.576
NCIH841,oligomycin A,2.621
HCC44,oligomycin A,2.631
FU97,oligomycin A,2.654
G361,oligomycin A,2.663
NCIH727,oligomycin A,2.675
HT1376,oligomycin A,2.682
PANC1005,oligomycin A,2.717
LS180,oligomycin A,2.765
EPLC272H,oligomycin A,2.772
AMO1,oligomycin A,2.781
HUPT4,oligomycin A,2.795
OVCAR4,oligomycin A,2.812
HT55,oligomycin A,2.839
BEN,oligomycin A,2.848
U937,oligomycin A,2.863
HCC15,oligomycin A,2.981
NUGC4,oligomycin A,2.993
RMUGS,oligomycin A,2.998
NCIH1694,oligomycin A,3.016
NCIH1781,oligomycin A,3.017
NCIH1836,oligomycin A,3.035
NCIH28,oligomycin A,3.037
NCIH2126,oligomycin A,3.049
GP2D,oligomycin A,3.061
CAL12T,oligomycin A,3.071
NCIH1105,oligomycin A,3.084
RPMI8226,oligomycin A,3.086
KYSE410,oligomycin A,3.097
C2BBE1,oligomycin A,3.142
HCC78,oligomycin A,3.15
NCIH1975,oligomycin A,3.164
5637,oligomycin A,3.191
NCIH2009,oligomycin A,3.194
NCIH1048,oligomycin A,3.197
NCIH2172,oligomycin A,3.212
A2780,oligomycin A,3.224
SNU398,oligomycin A,3.227
NCIH661,oligomycin A,3.23
LXF289,oligomycin A,3.237
DLD1,oligomycin A,3.238
CALU3,oligomycin A,3.244
OVCAR8,oligomycin A,3.249
NCIH1373,oligomycin A,3.316
NCIH2342,oligomycin A,3.349
SNU449,oligomycin A,3.356
OV90,oligomycin A,3.377
NCIH1792,oligomycin A,3.383
RCC10RGB,oligomycin A,3.391
MCF7,oligomycin A,3.402
SF295,oligomycin A,3.414
LC1SQSF,oligomycin A,3.415
DV90,oligomycin A,3.421
HEC265,oligomycin A,3.441
SNU1040,oligomycin A,3.453
HCT116,oligomycin A,3.491
MKN74,oligomycin A,3.517
SNU81,oligomycin A,3.53
HEC59,oligomycin A,3.568
QGP1,oligomycin A,3.568
KMBC2,oligomycin A,3.574
SW48,oligomycin A,3.592
SNUC2A,oligomycin A,3.598
EBC1,oligomycin A,3.602
HEC6,oligomycin A,3.603
EJM,oligomycin A,3.65
LCLC103H,oligomycin A,3.659
CORL51,oligomycin A,3.661
NCIH1876,oligomycin A,3.664
NCIH1793,oligomycin A,3.678
CORL88,oligomycin A,3.682
COLO205,oligomycin A,3.706
COLO741,oligomycin A,3.729
JHUEM2,oligomycin A,3.738
OVKATE,oligomycin A,3.74
HEC108,oligomycin A,3.769
COLO320,oligomycin A,3.78
SW403,oligomycin A,3.798
NCIH508,oligomycin A,3.859
PATU8902,oligomycin A,3.865
HCC4006,oligomycin A,3.88
HEYA8,oligomycin A,3.91
KP3,oligomycin A,3.959
KMS11,oligomycin A,3.968
ISHIKAWAHERAKLIO02ER,oligomycin A,3.978
CL34,oligomycin A,3.983
MFE319,oligomycin A,4.016
WSUDLCL2,oligomycin A,4.027
HPAC,oligomycin A,4.06
NCIH596,oligomycin A,4.081
SKMEL1,oligomycin A,4.082
NCIH1355,oligomycin A,4.116
LN229,oligomycin A,4.125
KYSE450,oligomycin A,4.168
KLE,oligomycin A,4.177
RMGI,oligomycin A,4.181
HSC2,oligomycin A,4.211
NCIH358,oligomycin A,4.211
HCT8,oligomycin A,4.232
NCIH1666,oligomycin A,4.325
NCIH3255,oligomycin A,4.347
SUIT2,oligomycin A,4.394
PC3,oligomycin A,4.455
LS123,oligomycin A,4.467
T3M10,oligomycin A,4.502
JHOS4,oligomycin A,4.506
SNU61,oligomycin A,4.577
RERFLCKJ,oligomycin A,4.579
HCC2935,oligomycin A,4.584
VMRCRCW,oligomycin A,4.618
JHOC5,oligomycin A,4.626
TYKNU,oligomycin A,4.656
KM12,oligomycin A,4.658
CFPAC1,oligomycin A,4.662
HS852T,oligomycin A,4.68
SNGM,oligomycin A,4.686
NCIH2030,oligomycin A,4.709
KNS62,oligomycin A,4.716
SUDHL4,oligomycin A,4.774
NCIH2286,oligomycin A,4.777
HEC251,oligomycin A,4.786
SNU840,oligomycin A,4.796
NCIH1573,oligomycin A,4.799
NCIH2110,oligomycin A,4.81
JHOM1,oligomycin A,4.846
HCC2108,oligomycin A,4.859
SH10TC,oligomycin A,4.895
RCM1,oligomycin A,4.898
NCIH2081,oligomycin A,4.904
NCIH2405,oligomycin A,4.918
PANC0327,oligomycin A,4.933
HS944T,oligomycin A,4.957
EFO27,oligomycin A,4.974
NCIH2052,oligomycin A,5.021
COV644,oligomycin A,5.051
U2OS,oligomycin A,5.061
EFO21,oligomycin A,5.063
CAPAN2,oligomycin A,5.156
AGS,oligomycin A,5.203
NCIH1435,oligomycin A,5.208
MKN7,oligomycin A,5.253
RKN,oligomycin A,5.273
GAMG,oligomycin A,5.404
RKO,oligomycin A,5.44
HEPG2,oligomycin A,5.462
IGROV1,oligomycin A,5.486
NCIH2023,oligomycin A,5.493
NCIH441,oligomycin A,5.524
CAOV3,oligomycin A,5.535
HT115,oligomycin A,5.565
OVMANA,oligomycin A,5.628
HS936T,oligomycin A,5.676
SKOV3,oligomycin A,5.708
HCC1195,oligomycin A,5.717
NCIH1755,oligomycin A,5.779
JHH6,oligomycin A,5.813
COLO678,oligomycin A,5.855
NCIH2122,oligomycin A,5.871
COV318,oligomycin A,5.897
NCIH650,oligomycin A,6.041
CL40,oligomycin A,6.099
NCIH1915,oligomycin A,6.159
MDST8,oligomycin A,6.295
NCIH2141,oligomycin A,6.304
NCIH460,oligomycin A,6.441
HCC827,oligomycin A,6.553
A375,oligomycin A,6.615
OCILY10,oligomycin A,6.778
SQ1,oligomycin A,6.787
OV7,oligomycin A,7.192
HT29,oligomycin A,7.205
COV362,oligomycin A,7.268
HCC1359,oligomycin A,7.374
SCC9,oligomycin A,7.491
CORL23,oligomycin A,7.586
OAW42,oligomycin A,9.507
SUDHL4,OSW-1,0.048
WSUDLCL2,OSW-1,0.049
RPMI8226,OSW-1,0.049
OCIAML3,OSW-1,0.057
GDM1,OSW-1,0.058
PL21,OSW-1,0.059
U937,OSW-1,0.062
EJM,OSW-1,0.067
SKM1,OSW-1,0.072
BL70,OSW-1,0.078
A2780,OSW-1,0.079
CORL51,OSW-1,0.101
NOMO1,OSW-1,0.102
COLO668,OSW-1,0.103
SUDHL5,OSW-1,0.107
SCLC21H,OSW-1,0.108
OCILY10,OSW-1,0.114
NCIH2081,OSW-1,0.115
ISHIKAWAHERAKLIO02ER,OSW-1,0.122
OVK18,OSW-1,0.127
NCIH1876,OSW-1,0.128
HEC151,OSW-1,0.194
SKLU1,OSW-1,0.194
NCIH1694,OSW-1,0.195
JHOC5,OSW-1,0.197
AMO1,OSW-1,0.208
CAOV3,OSW-1,0.216
THP1,OSW-1,0.222
JHUEM2,OSW-1,0.226
NCIH1836,OSW-1,0.237
COV434,OSW-1,0.242
LXF289,OSW-1,0.248
NUDUL1,OSW-1,0.282
SNUC5,OSW-1,0.295
SNU1040,OSW-1,0.295
RMUGS,OSW-1,0.312
MOLM16,OSW-1,0.314
HEPG2,OSW-1,0.328
NCIH1963,OSW-1,0.342
KMS11,OSW-1,0.381
CORL23,OSW-1,0.386
HCC4006,OSW-1,0.394
OV90,OSW-1,0.411
NCIH508,OSW-1,0.423
KM12,OSW-1,0.432
SNGM,OSW-1,0.442
A375,OSW-1,0.461
HCC2108,OSW-1,0.464
MDST8,OSW-1,0.465
RMGI,OSW-1,0.468
OVCAR4,OSW-1,0.48
HCC827,OSW-1,0.484
HCT116,OSW-1,0.494
LS180,OSW-1,0.507
CL34,OSW-1,0.516
SW620,OSW-1,0.53
SCC9,OSW-1,0.544
NCIH1435,OSW-1,0.572
MCF7,OSW-1,0.598
TYKNU,OSW-1,0.618
HS852T,OSW-1,0.627
NCIH596,OSW-1,0.69
NCIH441,OSW-1,0.723
U2OS,OSW-1,0.782
SNUC4,OSW-1,0.787
T3M10,OSW-1,0.806
NCIH841,OSW-1,0.813
COV644,OSW-1,0.82
AGS,OSW-1,0.828
SNU175,OSW-1,0.922
HT1080,OSW-1,0.923
OVKATE,OSW-1,0.933
NCIH1105,OSW-1,0.951
NCIH1755,OSW-1,0.983
HT55,OSW-1,0.989
HCC15,OSW-1,1.068
JHOS4,OSW-1,1.093
SW948,OSW-1,1.097
LN229,OSW-1,1.103
RKN,OSW-1,1.131
RCM1,OSW-1,1.22
RKO,OSW-1,1.228
SNU398,OSW-1,1.313
HCC1833,OSW-1,1.348
MKN74,OSW-1,1.349
HT115,OSW-1,1.394
SQ1,OSW-1,1.41
NCIH1930,OSW-1,1.504
PC3,OSW-1,1.53
SKMEL1,OSW-1,1.53
NCIH2122,OSW-1,1.554
NCIH1915,OSW-1,1.632
NCIH3255,OSW-1,1.639
JHOM1,OSW-1,1.716
NCIH2023,OSW-1,1.8
JHH6,OSW-1,1.869
SNU61,OSW-1,1.893
NCIH2286,OSW-1,1.9
SNU840,OSW-1,1.904
KLE,OSW-1,1.967
LOVO,OSW-1,2.025
OVMANA,OSW-1,2.073
GAMG,OSW-1,2.082
NCIH460,OSW-1,2.121
LP1,OSW-1,2.136
COLO678,OSW-1,2.167
NCIH2172,OSW-1,2.252
COV362,OSW-1,2.267
OV7,OSW-1,2.303
OVCAR8,OSW-1,2.314
HEC108,OSW-1,2.353
LS123,OSW-1,2.376
SNU449,OSW-1,2.396
IGROV1,OSW-1,2.445
HCT8,OSW-1,2.563
CAL12T,OSW-1,2.643
NCIH2141,OSW-1,2.717
CL40,OSW-1,2.832
HCC1195,OSW-1,2.93
HCC2935,OSW-1,3.046
COLO320,OSW-1,3.108
COV318,OSW-1,3.125
NCIH2030,OSW-1,3.316
SKMEL28,OSW-1,3.518
SNU81,OSW-1,3.531
PATU8902,OSW-1,3.648
SW480,OSW-1,3.833
RERFLCKJ,OSW-1,3.884
EFO27,OSW-1,3.962
OAW42,OSW-1,4.17
NCIH2342,OSW-1,4.184
NCIH1781,OSW-1,4.345
NCIH2110,OSW-1,4.479
RCC10RGB,OSW-1,4.587
HT29,OSW-1,4.631
SKMEL5,OSW-1,4.856
HEC59,OSW-1,5.047
CW2,OSW-1,5.157
HCC1359,OSW-1,5.811
A375,P-0850,2.059
MOLM16,P-0850,2.552
CL34,P-0850,2.766
G361,P-0850,3.02
NCIH1666,P-0850,3.184
SKMEL1,P-0850,3.26
KE97,P-0850,3.678
GDM1,P-0850,3.766
KU812,P-0850,3.815
SKM1,P-0850,3.839
NCIH1048,P-0850,3.952
HEYA8,P-0850,3.96
SKMEL5,P-0850,3.998
HUPT4,P-0850,4.063
KYSE140,P-0850,4.092
NCIH3255,P-0850,4.102
MSTO211H,P-0850,4.123
HSC2,P-0850,4.154
SKLU1,P-0850,4.207
JHUEM2,P-0850,4.259
NCIH1355,P-0850,4.288
NUDUL1,P-0850,4.33
HEC265,P-0850,4.333
NCIH1755,P-0850,4.344
SNUC5,P-0850,4.351
HT1376,P-0850,4.386
RT4,P-0850,4.401
PL21,P-0850,4.484
RMUGS,P-0850,4.484
WSUDLCL2,P-0850,4.514
RMGI,P-0850,4.587
5637,P-0850,4.599
G401,P-0850,4.601
NCIH2141,P-0850,4.61
OVKATE,P-0850,4.667
SCC9,P-0850,4.71
BL70,P-0850,4.774
COV434,P-0850,4.777
AMO1,P-0850,4.795
EPLC272H,P-0850,4.805
RCM1,P-0850,4.829
NCIH2405,P-0850,4.831
LCLC97TM1,P-0850,4.833
OV90,P-0850,4.856
DMS273,P-0850,4.896
HCC2108,P-0850,4.954
KP3,P-0850,4.972
CHAGOK1,P-0850,4.973
COLO678,P-0850,4.98
HEC151,P-0850,4.996
HT55,P-0850,5.004
ISHIKAWAHERAKLIO02ER,P-0850,5.03
LOVO,P-0850,5.059
MFE319,P-0850,5.096
LXF289,P-0850,5.106
SUIT2,P-0850,5.113
MDST8,P-0850,5.173
SUDHL4,P-0850,5.176
NCIH2052,P-0850,5.192
CORL88,P-0850,5.204
CALU6,P-0850,5.217
NCIH82,P-0850,5.226
SKOV3,P-0850,5.232
NCIH2110,P-0850,5.244
NCIH1435,P-0850,5.26
VMRCLCD,P-0850,5.29
HCT116,P-0850,5.301
SNU840,P-0850,5.306
P3HR1,P-0850,5.309
KYSE410,P-0850,5.311
OVCAR8,P-0850,5.317
OCIAML3,P-0850,5.322
NCIH596,P-0850,5.323
NCIH1573,P-0850,5.324
HT,P-0850,5.327
NOMO1,P-0850,5.328
NCIH2286,P-0850,5.347
CAL12T,P-0850,5.349
AGS,P-0850,5.36
NCIH441,P-0850,5.369
IGROV1,P-0850,5.375
COLO320,P-0850,5.385
SW480,P-0850,5.391
HS944T,P-0850,5.402
SW620,P-0850,5.42
NCIH2122,P-0850,5.43
SNUC4,P-0850,5.447
U937,P-0850,5.458
LS180,P-0850,5.471
SKMEL28,P-0850,5.475
SNUC2A,P-0850,5.51
NCIH1299,P-0850,5.517
JHOS4,P-0850,5.527
LN229,P-0850,5.535
RKN,P-0850,5.536
HS852T,P-0850,5.59
PANC0327,P-0850,5.623
TYKNU,P-0850,5.642
KLE,P-0850,5.651
OV7,P-0850,5.656
OVCAR4,P-0850,5.669
CORL279,P-0850,5.673
SNU1040,P-0850,5.689
SW403,P-0850,5.694
NCIH1930,P-0850,5.702
LP1,P-0850,5.743
NCIH841,P-0850,5.762
EJM,P-0850,5.768
KYSE450,P-0850,5.781
SH10TC,P-0850,5.784
RCC10RGB,P-0850,5.808
U2OS,P-0850,5.82
PC3,P-0850,5.823
MC116,P-0850,5.843
UMUC3,P-0850,5.844
PATU8902,P-0850,5.852
HCC15,P-0850,5.87
MKN74,P-0850,5.874
CALU3,P-0850,5.878
JHOM1,P-0850,5.882
HT1080,P-0850,5.886
COLO668,P-0850,5.897
NCIH1876,P-0850,5.913
KMBC2,P-0850,5.927
HEC6,P-0850,5.929
NCIH2342,P-0850,5.939
HCC1833,P-0850,5.939
KMS11,P-0850,5.941
CAPAN2,P-0850,5.954
OVK18,P-0850,5.96
RPMI8226,P-0850,5.961
NCIH2029,P-0850,5.963
NCIH650,P-0850,5.978
KNS62,P-0850,5.981
HEC251,P-0850,6.018
SNGM,P-0850,6.035
HEC108,P-0850,6.044
NCIH2030,P-0850,6.045
SNU61,P-0850,6.072
T3M10,P-0850,6.074
NCIH1836,P-0850,6.094
RKO,P-0850,6.104
OVMANA,P-0850,6.113
OCILY10,P-0850,6.114
QGP1,P-0850,6.128
VMRCRCW,P-0850,6.133
MKN7,P-0850,6.137
CAOV3,P-0850,6.156
EFO27,P-0850,6.159
HCT8,P-0850,6.169
HEPG2,P-0850,6.175
GAMG,P-0850,6.175
HS936T,P-0850,6.195
CORL23,P-0850,6.214
THP1,P-0850,6.226
CL40,P-0850,6.228
MCF7,P-0850,6.235
SF295,P-0850,6.239
FU97,P-0850,6.261
HT29,P-0850,6.266
NCIH2081,P-0850,6.267
NCIH1781,P-0850,6.269
KM12,P-0850,6.291
COV362,P-0850,6.302
NCIH1915,P-0850,6.306
A2780,P-0850,6.306
JHOC5,P-0850,6.309
SNU81,P-0850,6.334
NCIH508,P-0850,6.334
NCIH810,P-0850,6.351
SCLC21H,P-0850,6.355
EFO21,P-0850,6.363
HCC4006,P-0850,6.403
COV318,P-0850,6.424
HCC2935,P-0850,6.425
RERFLCKJ,P-0850,6.43
COV644,P-0850,6.465
NUGC4,P-0850,6.475
HT115,P-0850,6.505
HEC59,P-0850,6.55
SW948,P-0850,6.559
NCIH2023,P-0850,6.606
SNU175,P-0850,6.632
LS123,P-0850,6.642
SNU449,P-0850,6.695
SQ1,P-0850,6.696
NCIH460,P-0850,6.822
HCC1195,P-0850,6.845
SUDHL5,P-0850,6.851
NCIH1694,P-0850,6.874
HCC827,P-0850,6.879
CORL51,P-0850,6.899
JHH6,P-0850,6.905
NCIH2172,P-0850,6.907
NCIH1105,P-0850,7.169
CW2,P-0850,7.202
OAW42,P-0850,7.237
NCIH1963,P-0850,7.365
SNU398,P-0850,7.468
HCC1359,P-0850,8.405
NCIH1963,PAC-1,1.62
COV434,PAC-1,2.653
LU99,PAC-1,2.778
MSTO211H,PAC-1,2.846
JHOS4,PAC-1,2.884
LS513,PAC-1,2.937
KE97,PAC-1,2.982
SHP77,PAC-1,2.989
NCIH2141,PAC-1,3.042
CORL88,PAC-1,3.074
VMRCLCD,PAC-1,3.22
BL70,PAC-1,3.355
LS180,PAC-1,3.402
SNU81,PAC-1,3.435
OVCAR8,PAC-1,3.439
KYSE140,PAC-1,3.509
NCIH1666,PAC-1,3.565
THP1,PAC-1,3.604
LP1,PAC-1,3.611
PL21,PAC-1,3.658
COLO320,PAC-1,3.692
COLO205,PAC-1,3.76
CAPAN2,PAC-1,3.765
SNU175,PAC-1,3.769
HT1376,PAC-1,3.774
RT4,PAC-1,3.778
SNU61,PAC-1,3.783
SUDHL5,PAC-1,3.791
COLO668,PAC-1,3.81
NCIH1876,PAC-1,3.818
CALU3,PAC-1,3.818
SUIT2,PAC-1,3.822
NCIH1568,PAC-1,3.829
NCIH23,PAC-1,3.834
SCLC21H,PAC-1,3.837
OVCAR4,PAC-1,3.844
SW48,PAC-1,3.858
NCIH661,PAC-1,3.866
G401,PAC-1,3.884
CW2,PAC-1,3.916
C2BBE1,PAC-1,3.918
OVK18,PAC-1,3.919
HEC151,PAC-1,3.963
NUGC4,PAC-1,3.997
HCC78,PAC-1,4.009
SKCO1,PAC-1,4.021
DLD1,PAC-1,4.046
P3HR1,PAC-1,4.046
JHOC5,PAC-1,4.071
KU812,PAC-1,4.088
NCIH1930,PAC-1,4.128
OVKATE,PAC-1,4.13
HT55,PAC-1,4.147
KNS62,PAC-1,4.172
HT,PAC-1,4.176
NCIH1944,PAC-1,4.19
NCIH1048,PAC-1,4.193
PANC0327,PAC-1,4.197
MC116,PAC-1,4.238
NCIH2029,PAC-1,4.238
G361,PAC-1,4.269
NCIH1373,PAC-1,4.28
HCC33,PAC-1,4.29
U2OS,PAC-1,4.298
OV90,PAC-1,4.301
HEYA8,PAC-1,4.316
HSC2,PAC-1,4.338
GDM1,PAC-1,4.338
NCIH1299,PAC-1,4.343
DMS273,PAC-1,4.356
NCIH2081,PAC-1,4.358
RCM1,PAC-1,4.385
LCLC103H,PAC-1,4.387
SKM1,PAC-1,4.388
SW948,PAC-1,4.391
NCIH2122,PAC-1,4.408
NCIH810,PAC-1,4.422
LS123,PAC-1,4.424
QGP1,PAC-1,4.427
KYSE450,PAC-1,4.452
SW620,PAC-1,4.466
GP2D,PAC-1,4.48
CORL279,PAC-1,4.492
OCIAML3,PAC-1,4.501
NCIH358,PAC-1,4.511
ISHIKAWAHERAKLIO02ER,PAC-1,4.515
NCIH2405,PAC-1,4.522
MCF7,PAC-1,4.524
5637,PAC-1,4.526
CORL51,PAC-1,4.539
U937,PAC-1,4.548
COLO741,PAC-1,4.558
MFE319,PAC-1,4.572
KP3,PAC-1,4.614
SW403,PAC-1,4.614
NCIH1435,PAC-1,4.617
NCIH2126,PAC-1,4.627
NCIH1792,PAC-1,4.632
HCC1195,PAC-1,4.633
SNUC4,PAC-1,4.668
KMS11,PAC-1,4.672
NCIH2009,PAC-1,4.679
SNUC5,PAC-1,4.681
LCLC97TM1,PAC-1,4.687
HS852T,PAC-1,4.691
SW480,PAC-1,4.702
HEC265,PAC-1,4.709
NCIH28,PAC-1,4.721
SNU398,PAC-1,4.73
HARA,PAC-1,4.746
HCC1833,PAC-1,4.746
PATU8902,PAC-1,4.747
LS411N,PAC-1,4.757
NCIH2286,PAC-1,4.768
NCIH1355,PAC-1,4.773
HEPG2,PAC-1,4.777
NCIH2342,PAC-1,4.781
HCC4006,PAC-1,4.782
NCIH3255,PAC-1,4.802
JHUEM2,PAC-1,4.819
SNU449,PAC-1,4.833
NCIH727,PAC-1,4.833
HCT116,PAC-1,4.845
SH10TC,PAC-1,4.851
PC3,PAC-1,4.852
MKN74,PAC-1,4.859
HEC251,PAC-1,4.875
CHAGOK1,PAC-1,4.898
A375,PAC-1,4.925
CALU6,PAC-1,4.931
NCIH1437,PAC-1,4.931
COV318,PAC-1,4.944
KYSE410,PAC-1,4.951
CL40,PAC-1,4.958
NCIH82,PAC-1,4.967
EJM,PAC-1,4.99
BEN,PAC-1,4.997
NCIH1573,PAC-1,4.997
HS936T,PAC-1,5.023
KMBC2,PAC-1,5.041
NCIH1694,PAC-1,5.043
NCIH596,PAC-1,5.048
NCIH2052,PAC-1,5.063
WSUDLCL2,PAC-1,5.08
FU97,PAC-1,5.083
RMUGS,PAC-1,5.09
SKOV3,PAC-1,5.094
RPMI8226,PAC-1,5.105
OCILY10,PAC-1,5.116
SKLU1,PAC-1,5.155
HEC6,PAC-1,5.165
IGROV1,PAC-1,5.171
KM12,PAC-1,5.177
HUPT4,PAC-1,5.183
HCC44,PAC-1,5.191
SF295,PAC-1,5.196
NCIH522,PAC-1,5.212
TYKNU,PAC-1,5.221
SCC9,PAC-1,5.241
PANC1005,PAC-1,5.25
NCIH1975,PAC-1,5.25
NOMO1,PAC-1,5.263
EBC1,PAC-1,5.268
HT29,PAC-1,5.28
SNU840,PAC-1,5.295
KLE,PAC-1,5.303
NCIH508,PAC-1,5.307
LC1SQSF,PAC-1,5.31
SKMEL5,PAC-1,5.317
LU65,PAC-1,5.347
SNUC2A,PAC-1,5.377
HT1080,PAC-1,5.421
GAMG,PAC-1,5.435
A2780,PAC-1,5.465
HEC108,PAC-1,5.467
VMRCRCW,PAC-1,5.474
EFO21,PAC-1,5.476
HCT8,PAC-1,5.481
CFPAC1,PAC-1,5.495
HS944T,PAC-1,5.503
JHOM1,PAC-1,5.51
MKN7,PAC-1,5.516
A549,PAC-1,5.544
HCC15,PAC-1,5.558
HPAC,PAC-1,5.58
EPLC272H,PAC-1,5.586
NCIH1836,PAC-1,5.621
NCIH2172,PAC-1,5.625
COV644,PAC-1,5.627
EFO27,PAC-1,5.628
AMO1,PAC-1,5.632
LN229,PAC-1,5.637
NUDUL1,PAC-1,5.639
NCIH1793,PAC-1,5.654
LXF289,PAC-1,5.659
OVMANA,PAC-1,5.709
SKMEL28,PAC-1,5.726
JHH6,PAC-1,5.73
UMUC3,PAC-1,5.738
NCIH841,PAC-1,5.769
LOVO,PAC-1,5.794
HEC59,PAC-1,5.794
RERFLCKJ,PAC-1,5.794
COV362,PAC-1,5.817
NCIH650,PAC-1,5.827
COLO678,PAC-1,5.913
CAL12T,PAC-1,5.915
SNGM,PAC-1,5.924
RMGI,PAC-1,5.965
HT115,PAC-1,5.969
RCC10RGB,PAC-1,6.04
RKO,PAC-1,6.05
NCIH1915,PAC-1,6.057
NCIH2110,PAC-1,6.06
HCC2108,PAC-1,6.103
HCC2935,PAC-1,6.118
HCC827,PAC-1,6.137
OV7,PAC-1,6.222
OAW42,PAC-1,6.229
RKN,PAC-1,6.259
AGS,PAC-1,6.3
MDST8,PAC-1,6.301
NCIH2023,PAC-1,6.309
NCIH460,PAC-1,6.317
NCIH441,PAC-1,6.334
CL34,PAC-1,6.362
SNU1040,PAC-1,6.371
CAOV3,PAC-1,6.381
NCIH2030,PAC-1,6.444
SKMEL1,PAC-1,6.461
T3M10,PAC-1,6.639
NCIH1105,PAC-1,6.669
NCIH1781,PAC-1,6.684
NCIH1755,PAC-1,6.708
SUDHL4,PAC-1,6.724
CORL23,PAC-1,6.794
SQ1,PAC-1,6.803
MOLM16,PAC-1,7.123
DV90,PAC-1,7.201
HCC1359,PAC-1,7.473
NUDUL1,parbendazole,0.731
KMS11,parbendazole,0.986
WSUDLCL2,parbendazole,1.161
SKM1,parbendazole,1.171
PL21,parbendazole,1.26
SUDHL5,parbendazole,1.362
MOLM16,parbendazole,1.508
OCIAML3,parbendazole,1.553
U937,parbendazole,1.609
GDM1,parbendazole,1.69
HEC151,parbendazole,1.94
JHUEM2,parbendazole,1.95
NOMO1,parbendazole,2.009
SNU175,parbendazole,2.18
AMO1,parbendazole,2.336
SNUC4,parbendazole,2.338
RKO,parbendazole,2.432
LS180,parbendazole,2.434
EJM,parbendazole,2.473
RPMI8226,parbendazole,2.484
NCIH841,parbendazole,2.496
NCIH1876,parbendazole,2.528
NCIH1963,parbendazole,2.655
KM12,parbendazole,2.67
CORL51,parbendazole,2.68
AGS,parbendazole,2.684
OVCAR8,parbendazole,2.685
A375,parbendazole,2.856
SNUC5,parbendazole,2.857
NCIH1836,parbendazole,2.87
OVK18,parbendazole,2.883
THP1,parbendazole,2.927
NCIH596,parbendazole,2.938
LOVO,parbendazole,2.946
OVCAR4,parbendazole,2.949
HCT116,parbendazole,3.024
A2780,parbendazole,3.113
HT115,parbendazole,3.223
SNU81,parbendazole,3.232
SW948,parbendazole,3.261
SUDHL4,parbendazole,3.265
SCLC21H,parbendazole,3.287
NCIH508,parbendazole,3.417
HT1080,parbendazole,3.465
CW2,parbendazole,3.526
OVKATE,parbendazole,3.534
RKN,parbendazole,3.551
COLO320,parbendazole,3.68
SNU398,parbendazole,3.701
NCIH2081,parbendazole,3.711
SNU61,parbendazole,3.738
NCIH1781,parbendazole,3.748
LP1,parbendazole,3.771
RMUGS,parbendazole,3.776
MDST8,parbendazole,3.788
CL34,parbendazole,3.803
NCIH1694,parbendazole,3.822
JHOM1,parbendazole,3.839
RMGI,parbendazole,3.956
SNU1040,parbendazole,3.974
CORL23,parbendazole,4.008
SKMEL5,parbendazole,4.015
HCC2108,parbendazole,4.025
HCC15,parbendazole,4.085
NCIH2122,parbendazole,4.106
TYKNU,parbendazole,4.187
SKMEL1,parbendazole,4.239
SCC9,parbendazole,4.243
HCC1359,parbendazole,4.245
LN229,parbendazole,4.299
OCILY10,parbendazole,4.332
COV644,parbendazole,4.345
HCC4006,parbendazole,4.345
JHOC5,parbendazole,4.503
CAOV3,parbendazole,4.543
OV90,parbendazole,4.544
CAL12T,parbendazole,4.584
HCT8,parbendazole,4.666
NCIH2141,parbendazole,4.687
MCF7,parbendazole,4.698
COV434,parbendazole,4.7
CL40,parbendazole,4.777
T3M10,parbendazole,4.811
HCC1833,parbendazole,4.878
SW620,parbendazole,4.997
OAW42,parbendazole,5.014
NCIH1755,parbendazole,5.022
COV362,parbendazole,5.028
HT55,parbendazole,5.078
SKLU1,parbendazole,5.106
NCIH1105,parbendazole,5.151
SNU840,parbendazole,5.252
SQ1,parbendazole,5.294
NCIH460,parbendazole,5.299
NCIH2030,parbendazole,5.341
HCC827,parbendazole,5.349
IGROV1,parbendazole,5.521
LS123,parbendazole,5.537
EFO27,parbendazole,5.542
NCIH2172,parbendazole,5.555
NCIH441,parbendazole,5.623
SW480,parbendazole,5.668
NCIH2342,parbendazole,5.842
NCIH2110,parbendazole,5.893
OV7,parbendazole,5.93
HCC2935,parbendazole,5.961
RCM1,parbendazole,6.012
COLO678,parbendazole,6.039
HT29,parbendazole,6.101
HCC1195,parbendazole,6.2
NCIH3255,parbendazole,6.287
NCIH2023,parbendazole,6.499
HEPG2,parbendazole,6.782
SKMEL28,parbendazole,8.234
NUDUL1,parthenolide,0.679
PL21,parthenolide,1.331
NCIH1694,parthenolide,1.451
GDM1,parthenolide,1.472
SKM1,parthenolide,1.597
NCIH1105,parthenolide,1.759
SNUC5,parthenolide,1.782
CW2,parthenolide,1.852
OCIAML3,parthenolide,1.976
RPMI8226,parthenolide,2
OVK18,parthenolide,2.101
U937,parthenolide,2.118
WSUDLCL2,parthenolide,2.119
HCT116,parthenolide,2.147
NCIH1876,parthenolide,2.154
SUDHL5,parthenolide,2.184
NCIH2081,parthenolide,2.382
SNU81,parthenolide,2.394
CORL23,parthenolide,2.533
KM12,parthenolide,2.676
NCIH1836,parthenolide,2.708
THP1,parthenolide,2.811
EJM,parthenolide,2.815
RMGI,parthenolide,2.829
NCIH3255,parthenolide,2.853
COLO320,parthenolide,2.864
SUDHL4,parthenolide,2.867
EFO27,parthenolide,3.014
NOMO1,parthenolide,3.095
SNUC4,parthenolide,3.297
NCIH1781,parthenolide,3.298
SW948,parthenolide,3.329
COV434,parthenolide,3.333
RMUGS,parthenolide,3.337
HCC4006,parthenolide,3.394
HT55,parthenolide,3.406
SNU175,parthenolide,3.414
NCIH2342,parthenolide,3.464
NCIH508,parthenolide,3.483
A375,parthenolide,3.503
SKMEL1,parthenolide,3.566
HCC1359,parthenolide,3.576
JHOC5,parthenolide,3.6
CL34,parthenolide,3.608
TYKNU,parthenolide,3.625
JHOM1,parthenolide,3.631
RKO,parthenolide,3.642
LS123,parthenolide,3.699
NCIH596,parthenolide,3.739
OV90,parthenolide,3.757
SNU61,parthenolide,3.782
SNU840,parthenolide,3.797
RCC10RGB,parthenolide,3.85
COLO678,parthenolide,3.894
NCIH841,parthenolide,3.903
HCT8,parthenolide,3.931
SKMEL5,parthenolide,3.997
HCC2935,parthenolide,4.118
MOLM16,parthenolide,4.182
JHUEM2,parthenolide,4.183
MCF7,parthenolide,4.192
SQ1,parthenolide,4.252
HEPG2,parthenolide,4.353
HT115,parthenolide,4.407
HCC15,parthenolide,4.428
LOVO,parthenolide,4.449
RCM1,parthenolide,4.457
CL40,parthenolide,4.493
HCC2108,parthenolide,4.53
COV644,parthenolide,4.539
HCC827,parthenolide,4.553
HCC1195,parthenolide,4.574
NCIH441,parthenolide,4.629
NCIH2110,parthenolide,4.774
CAL12T,parthenolide,4.962
HCC1833,parthenolide,5.138
LN229,parthenolide,5.181
T3M10,parthenolide,5.183
NCIH2122,parthenolide,5.313
HT29,parthenolide,5.323
SW620,parthenolide,5.364
COV362,parthenolide,5.46
SW480,parthenolide,5.462
MDST8,parthenolide,5.465
SKLU1,parthenolide,5.498
OAW42,parthenolide,5.512
CAOV3,parthenolide,5.514
OV7,parthenolide,5.52
SKMEL28,parthenolide,5.744
HT1080,parthenolide,5.843
SNU1040,parthenolide,6.029
NCIH2172,parthenolide,6.09
NCIH2030,parthenolide,6.321
NCIH1755,parthenolide,6.549
NCIH2023,parthenolide,6.775
NCIH460,parthenolide,6.846
OCIAML3,PDMP,2.909
AGS,PDMP,3.039
T3M10,PDMP,3.38
RCC10RGB,PDMP,3.429
NOMO1,PDMP,3.475
SKMEL5,PDMP,3.57
NCIH1963,PDMP,3.606
NCIH2342,PDMP,3.705
SW480,PDMP,3.755
SNUC4,PDMP,3.773
SCLC21H,PDMP,3.803
SCC9,PDMP,3.824
KMS11,PDMP,3.85
OVK18,PDMP,3.85
HEC151,PDMP,3.863
NCIH441,PDMP,3.943
LS180,PDMP,3.968
RMGI,PDMP,3.993
OVKATE,PDMP,4.042
RMUGS,PDMP,4.044
NCIH596,PDMP,4.057
HT115,PDMP,4.057
SW948,PDMP,4.122
A375,PDMP,4.131
COV434,PDMP,4.14
NCIH2122,PDMP,4.142
HCC2108,PDMP,4.142
NCIH1836,PDMP,4.155
PL21,PDMP,4.158
WSUDLCL2,PDMP,4.169
HT1080,PDMP,4.214
SUDHL5,PDMP,4.221
GDM1,PDMP,4.257
CW2,PDMP,4.269
NUDUL1,PDMP,4.342
A2780,PDMP,4.353
HCC2935,PDMP,4.355
RPMI8226,PDMP,4.374
HT29,PDMP,4.375
OVCAR8,PDMP,4.388
LP1,PDMP,4.39
NCIH1755,PDMP,4.446
JHUEM2,PDMP,4.46
LN229,PDMP,4.467
HCC15,PDMP,4.483
SKM1,PDMP,4.488
OVCAR4,PDMP,4.495
NCIH3255,PDMP,4.504
MCF7,PDMP,4.567
OV90,PDMP,4.582
NCIH460,PDMP,4.591
NCIH508,PDMP,4.591
THP1,PDMP,4.639
NCIH1781,PDMP,4.657
SNU81,PDMP,4.694
SNU175,PDMP,4.718
SUDHL4,PDMP,4.722
HCC1833,PDMP,4.742
U937,PDMP,4.753
CL34,PDMP,4.765
SNU61,PDMP,4.786
SNU398,PDMP,4.787
HCT8,PDMP,4.795
COV644,PDMP,4.807
SNUC5,PDMP,4.809
OCILY10,PDMP,4.835
IGROV1,PDMP,4.836
RKN,PDMP,4.84
COLO678,PDMP,4.844
TYKNU,PDMP,4.854
COLO320,PDMP,4.867
HCC1359,PDMP,4.87
NCIH2030,PDMP,4.898
CORL51,PDMP,4.92
SW620,PDMP,4.921
COV362,PDMP,4.939
SNU840,PDMP,4.954
CAL12T,PDMP,5.025
CL40,PDMP,5.028
HCT116,PDMP,5.043
NCIH841,PDMP,5.047
NCIH1694,PDMP,5.053
AMO1,PDMP,5.115
EJM,PDMP,5.126
LOVO,PDMP,5.129
HT55,PDMP,5.195
SKMEL1,PDMP,5.208
NCIH2141,PDMP,5.212
CORL23,PDMP,5.222
SNU1040,PDMP,5.232
CAOV3,PDMP,5.236
JHOM1,PDMP,5.241
HCC4006,PDMP,5.244
NCIH2081,PDMP,5.276
NCIH2023,PDMP,5.279
NCIH1876,PDMP,5.291
HCC827,PDMP,5.294
SKLU1,PDMP,5.3
MDST8,PDMP,5.388
HCC1195,PDMP,5.463
RKO,PDMP,5.497
KM12,PDMP,5.498
NCIH2110,PDMP,5.506
JHOC5,PDMP,5.516
SQ1,PDMP,5.526
MOLM16,PDMP,5.554
OV7,PDMP,5.635
NCIH2172,PDMP,5.635
RCM1,PDMP,5.689
HEPG2,PDMP,5.738
LS123,PDMP,5.759
EFO27,PDMP,6.047
OAW42,PDMP,6.493
NCIH1105,PDMP,6.653
SKMEL28,PDMP,6.816
SNU175,pemetrexed,1.09
SUDHL5,pemetrexed,1.713
AGS,pemetrexed,2.616
THP1,pemetrexed,2.938
LS180,pemetrexed,3.059
WSUDLCL2,pemetrexed,3.106
SNUC4,pemetrexed,3.547
SNU81,pemetrexed,4.028
HEC151,pemetrexed,4.263
KMS11,pemetrexed,4.425
SKM1,pemetrexed,4.48
CW2,pemetrexed,4.744
OV90,pemetrexed,4.783
LN229,pemetrexed,4.802
MOLM16,pemetrexed,5.064
KM12,pemetrexed,5.072
NCIH2122,pemetrexed,5.083
U937,pemetrexed,5.148
OVK18,pemetrexed,5.344
OVCAR8,pemetrexed,5.386
HCC1359,pemetrexed,5.49
NCIH1963,pemetrexed,5.598
SW948,pemetrexed,5.605
CL40,pemetrexed,5.762
OVCAR4,pemetrexed,5.821
HCC4006,pemetrexed,5.879
SNUC5,pemetrexed,5.937
COLO320,pemetrexed,6.135
RMUGS,pemetrexed,6.191
OCILY10,pemetrexed,6.223
NOMO1,pemetrexed,6.281
RPMI8226,pemetrexed,6.307
OVKATE,pemetrexed,6.365
MCF7,pemetrexed,6.389
NCIH2110,pemetrexed,6.438
COV434,pemetrexed,6.459
SNU840,pemetrexed,6.527
JHOM1,pemetrexed,6.633
HT1080,pemetrexed,6.638
A2780,pemetrexed,6.645
CAOV3,pemetrexed,6.649
T3M10,pemetrexed,6.677
HCC15,pemetrexed,6.705
NCIH1694,pemetrexed,6.709
SW480,pemetrexed,6.736
GDM1,pemetrexed,6.749
NCIH508,pemetrexed,6.763
NCIH841,pemetrexed,6.763
HCC1833,pemetrexed,6.8
EFO27,pemetrexed,6.803
LS123,pemetrexed,6.815
U2OS,pemetrexed,6.817
NCIH2172,pemetrexed,6.825
HCC2935,pemetrexed,6.837
SNU61,pemetrexed,6.867
MDST8,pemetrexed,6.868
NCIH1876,pemetrexed,6.87
HCT116,pemetrexed,6.871
HT115,pemetrexed,6.89
JHOC5,pemetrexed,6.898
TYKNU,pemetrexed,6.917
COLO678,pemetrexed,6.934
NCIH596,pemetrexed,6.97
RMGI,pemetrexed,6.978
RKO,pemetrexed,6.981
SKLU1,pemetrexed,6.982
OCIAML3,pemetrexed,6.992
RCM1,pemetrexed,7.02
EJM,pemetrexed,7.029
SW620,pemetrexed,7.037
OV7,pemetrexed,7.057
PL21,pemetrexed,7.066
A375,pemetrexed,7.087
LOVO,pemetrexed,7.114
LP1,pemetrexed,7.12
NCIH1781,pemetrexed,7.128
NCIH460,pemetrexed,7.141
IGROV1,pemetrexed,7.163
RKN,pemetrexed,7.183
SCC9,pemetrexed,7.186
NCIH2023,pemetrexed,7.207
SKMEL28,pemetrexed,7.209
NCIH2342,pemetrexed,7.24
NCIH2030,pemetrexed,7.24
CAL12T,pemetrexed,7.241
COV362,pemetrexed,7.243
JHUEM2,pemetrexed,7.289
HCC827,pemetrexed,7.353
SNU1040,pemetrexed,7.358
COV644,pemetrexed,7.36
HCC2108,pemetrexed,7.388
SUDHL4,pemetrexed,7.397
RCC10RGB,pemetrexed,7.469
HCT8,pemetrexed,7.488
NCIH441,pemetrexed,7.491
SQ1,pemetrexed,7.524
HT29,pemetrexed,7.568
SKMEL1,pemetrexed,7.578
SKMEL5,pemetrexed,7.594
NCIH1755,pemetrexed,7.638
OAW42,pemetrexed,7.639
NCIH2081,pemetrexed,7.702
HEPG2,pemetrexed,7.804
CL34,pemetrexed,7.816
NCIH1836,pemetrexed,7.832
AMO1,pemetrexed,7.941
NCIH3255,pemetrexed,7.945
HT55,pemetrexed,7.957
HCC1195,pemetrexed,8.031
SCLC21H,pemetrexed,8.035
CORL23,pemetrexed,8.073
NCIH2141,pemetrexed,8.126
NUDUL1,pemetrexed,8.136
SNU398,pemetrexed,8.524
NCIH1105,pemetrexed,9.056
CORL51,pemetrexed,9.187
COV434,penfluridol,0.512
NCIH2342,penfluridol,0.956
OVK18,penfluridol,1.144
NCIH596,penfluridol,1.311
NCIH1836,penfluridol,1.311
HCC15,penfluridol,1.472
CW2,penfluridol,1.587
SNU175,penfluridol,1.613
SNUC5,penfluridol,1.639
T3M10,penfluridol,1.651
SW480,penfluridol,1.683
SUDHL5,penfluridol,1.711
NCIH1876,penfluridol,1.713
SNU81,penfluridol,1.714
SW620,penfluridol,1.726
NCIH1105,penfluridol,1.744
COV644,penfluridol,1.748
NCIH841,penfluridol,1.75
HCC1359,penfluridol,1.754
HCT116,penfluridol,1.777
OCIAML3,penfluridol,1.788
RKO,penfluridol,1.795
GDM1,penfluridol,1.8
LOVO,penfluridol,1.801
SNUC4,penfluridol,1.832
NCIH2081,penfluridol,1.837
SKMEL1,penfluridol,1.849
CAL12T,penfluridol,1.906
THP1,penfluridol,1.915
NCIH508,penfluridol,1.973
LN229,penfluridol,1.978
SNU61,penfluridol,1.984
HT115,penfluridol,2.006
KM12,penfluridol,2.012
NOMO1,penfluridol,2.014
PL21,penfluridol,2.017
TYKNU,penfluridol,2.02
OV90,penfluridol,2.022
JHUEM2,penfluridol,2.027
MCF7,penfluridol,2.053
SKMEL5,penfluridol,2.055
A375,penfluridol,2.087
RMGI,penfluridol,2.099
NUDUL1,penfluridol,2.182
WSUDLCL2,penfluridol,2.191
HCC2935,penfluridol,2.197
SW948,penfluridol,2.2
LS123,penfluridol,2.217
HCC1833,penfluridol,2.281
HEPG2,penfluridol,2.344
HT29,penfluridol,2.345
NCIH1781,penfluridol,2.368
NCIH441,penfluridol,2.422
HCC2108,penfluridol,2.479
COV362,penfluridol,2.48
NCIH2122,penfluridol,2.482
SNU840,penfluridol,2.492
EJM,penfluridol,2.498
SUDHL4,penfluridol,2.504
NCIH1694,penfluridol,2.526
NCIH2172,penfluridol,2.553
RPMI8226,penfluridol,2.554
HT55,penfluridol,2.614
HCC4006,penfluridol,2.661
HCT8,penfluridol,2.712
NCIH2023,penfluridol,2.745
RMUGS,penfluridol,2.792
HT1080,penfluridol,2.797
COLO678,penfluridol,2.811
CORL23,penfluridol,2.817
NCIH1755,penfluridol,2.862
CL34,penfluridol,2.96
SKM1,penfluridol,2.975
NCIH2030,penfluridol,2.979
CAOV3,penfluridol,2.99
SKLU1,penfluridol,3.001
JHOM1,penfluridol,3.001
OV7,penfluridol,3.089
SNU1040,penfluridol,3.129
NCIH3255,penfluridol,3.164
NCIH460,penfluridol,3.23
MDST8,penfluridol,3.24
HCC1195,penfluridol,3.286
RCM1,penfluridol,3.288
U937,penfluridol,3.341
SQ1,penfluridol,3.421
CL40,penfluridol,3.44
JHOC5,penfluridol,3.458
MOLM16,penfluridol,3.483
SKMEL28,penfluridol,3.563
EFO27,penfluridol,3.655
HCC827,penfluridol,3.771
COLO320,penfluridol,3.785
OAW42,penfluridol,3.984
NCIH2110,penfluridol,5.819
NCIH1963,PF-750,2.361
HEC151,PF-750,2.596
SCLC21H,PF-750,2.768
AGS,PF-750,2.851
NUDUL1,PF-750,2.873
RCC10RGB,PF-750,2.99
SUDHL5,PF-750,3.034
OCIAML3,PF-750,3.063
COV434,PF-750,3.075
SW480,PF-750,3.136
KMS11,PF-750,3.175
LP1,PF-750,3.313
SW620,PF-750,3.6
SUDHL4,PF-750,3.612
LS180,PF-750,3.655
SNUC4,PF-750,3.676
A2780,PF-750,3.716
CAL12T,PF-750,3.757
HCC1833,PF-750,3.781
OVK18,PF-750,3.881
U937,PF-750,3.887
OVCAR8,PF-750,3.895
THP1,PF-750,3.926
PL21,PF-750,3.927
SNU175,PF-750,3.94
MOLM16,PF-750,4.064
NCIH1836,PF-750,4.107
CW2,PF-750,4.108
TYKNU,PF-750,4.122
SNU398,PF-750,4.138
NCIH2342,PF-750,4.162
SKMEL5,PF-750,4.185
MCF7,PF-750,4.231
NCIH3255,PF-750,4.231
NCIH2081,PF-750,4.256
NCIH2122,PF-750,4.273
OVCAR4,PF-750,4.305
SW948,PF-750,4.33
NCIH841,PF-750,4.343
NCIH2141,PF-750,4.362
HCC2108,PF-750,4.375
OV90,PF-750,4.387
HT1080,PF-750,4.396
COV644,PF-750,4.4
HCC15,PF-750,4.429
OVKATE,PF-750,4.488
WSUDLCL2,PF-750,4.526
RMUGS,PF-750,4.526
LS123,PF-750,4.562
HT115,PF-750,4.574
T3M10,PF-750,4.592
EJM,PF-750,4.649
RPMI8226,PF-750,4.695
SKM1,PF-750,4.746
NCIH460,PF-750,4.752
GDM1,PF-750,4.753
LOVO,PF-750,4.758
NCIH1694,PF-750,4.797
RKN,PF-750,4.798
NCIH2172,PF-750,4.813
HCC1359,PF-750,4.827
RMGI,PF-750,4.837
SNU61,PF-750,4.838
SNU1040,PF-750,4.844
NOMO1,PF-750,4.853
NCIH508,PF-750,4.887
COLO320,PF-750,4.935
JHUEM2,PF-750,4.94
HT55,PF-750,4.98
NCIH596,PF-750,4.992
SNU81,PF-750,4.994
NCIH2030,PF-750,4.997
NCIH1105,PF-750,5.005
NCIH1755,PF-750,5.023
HCT116,PF-750,5.03
SNUC5,PF-750,5.049
HT29,PF-750,5.056
NCIH1876,PF-750,5.06
HEPG2,PF-750,5.074
NCIH2110,PF-750,5.075
COLO678,PF-750,5.113
RKO,PF-750,5.114
HCT8,PF-750,5.124
NCIH1781,PF-750,5.13
IGROV1,PF-750,5.225
COV362,PF-750,5.261
SKLU1,PF-750,5.274
LN229,PF-750,5.277
NCIH441,PF-750,5.298
MDST8,PF-750,5.312
HCC2935,PF-750,5.343
A375,PF-750,5.354
SCC9,PF-750,5.364
CAOV3,PF-750,5.379
JHOM1,PF-750,5.434
SKMEL28,PF-750,5.461
CL34,PF-750,5.488
CORL51,PF-750,5.497
RCM1,PF-750,5.533
SNU840,PF-750,5.547
CORL23,PF-750,5.572
CL40,PF-750,5.58
HCC4006,PF-750,5.606
NCIH2023,PF-750,5.624
HCC1195,PF-750,5.638
KM12,PF-750,5.696
HCC827,PF-750,5.712
OCILY10,PF-750,5.715
EFO27,PF-750,5.823
SKMEL1,PF-750,5.886
OV7,PF-750,5.96
JHOC5,PF-750,5.961
OAW42,PF-750,6.137
AMO1,PF-750,6.312
SQ1,PF-750,6.375
U2OS,PF-750,6.484
WSUDLCL2,PI-103,0.127
SUDHL5,PI-103,0.139
NUDUL1,PI-103,0.282
BL70,PI-103,0.312
MC116,PI-103,0.368
PL21,PI-103,0.505
NCIH2122,PI-103,0.507
OCIAML3,PI-103,0.54
AGS,PI-103,0.771
JHUEM2,PI-103,0.804
OVK18,PI-103,0.807
HSC2,PI-103,0.822
MFE319,PI-103,0.842
OVKATE,PI-103,0.844
EPLC272H,PI-103,0.868
MSTO211H,PI-103,0.881
SUDHL4,PI-103,0.909
NOMO1,PI-103,0.921
IGROV1,PI-103,0.966
NCIH1048,PI-103,0.988
NCIH1944,PI-103,0.997
THP1,PI-103,1.022
MOLM16,PI-103,1.069
GDM1,PI-103,1.088
SKM1,PI-103,1.185
MCF7,PI-103,1.217
NCIH596,PI-103,1.234
P3HR1,PI-103,1.274
EBC1,PI-103,1.297
SW48,PI-103,1.336
NCIH1975,PI-103,1.347
KMS11,PI-103,1.361
NCIH3255,PI-103,1.397
SCC9,PI-103,1.431
HCC827,PI-103,1.469
COV434,PI-103,1.472
RPMI8226,PI-103,1.516
DMS273,PI-103,1.517
HEC151,PI-103,1.572
PC3,PI-103,1.632
HCC78,PI-103,1.634
C2BBE1,PI-103,1.643
OVCAR8,PI-103,1.656
OVCAR4,PI-103,1.659
KE97,PI-103,1.674
NCIH1876,PI-103,1.727
CAL12T,PI-103,1.766
PATU8902,PI-103,1.774
LP1,PI-103,1.782
G401,PI-103,1.784
OCILY10,PI-103,1.787
NCIH1963,PI-103,1.796
LXF289,PI-103,1.805
CORL23,PI-103,1.847
LS513,PI-103,1.853
ISHIKAWAHERAKLIO02ER,PI-103,1.894
HCC2935,PI-103,1.917
RMUGS,PI-103,1.927
A2780,PI-103,1.948
NCIH1793,PI-103,1.956
EJM,PI-103,1.968
HCC44,PI-103,1.975
KU812,PI-103,1.978
GP2D,PI-103,2.018
HT,PI-103,2.023
LU99,PI-103,2.037
U937,PI-103,2.066
KM12,PI-103,2.069
RKN,PI-103,2.08
SNU449,PI-103,2.084
NCIH1568,PI-103,2.101
A549,PI-103,2.103
NCIH1299,PI-103,2.105
A375,PI-103,2.147
LOVO,PI-103,2.202
KNS62,PI-103,2.222
MDST8,PI-103,2.225
NCIH2126,PI-103,2.245
CORL279,PI-103,2.254
RMGI,PI-103,2.255
HEC6,PI-103,2.263
NCIH841,PI-103,2.278
HCC15,PI-103,2.301
G361,PI-103,2.31
RT4,PI-103,2.31
LCLC97TM1,PI-103,2.314
SCLC21H,PI-103,2.319
PANC1005,PI-103,2.359
NCIH1435,PI-103,2.362
VMRCLCD,PI-103,2.367
KLE,PI-103,2.37
JHOC5,PI-103,2.398
GAMG,PI-103,2.43
NCIH1781,PI-103,2.436
NCIH1666,PI-103,2.437
SKLU1,PI-103,2.446
NCIH1792,PI-103,2.448
KYSE140,PI-103,2.474
SNU1040,PI-103,2.493
SKMEL5,PI-103,2.501
COLO741,PI-103,2.503
HCC1833,PI-103,2.513
SNUC5,PI-103,2.516
TYKNU,PI-103,2.541
NCIH82,PI-103,2.542
JHOM1,PI-103,2.555
NCIH1755,PI-103,2.571
UMUC3,PI-103,2.582
HS852T,PI-103,2.595
HCC2108,PI-103,2.596
SNUC2A,PI-103,2.609
SKOV3,PI-103,2.611
LS411N,PI-103,2.614
NCIH1836,PI-103,2.629
HEYA8,PI-103,2.631
HT1376,PI-103,2.645
OV7,PI-103,2.658
SW480,PI-103,2.669
CORL51,PI-103,2.686
RERFLCKJ,PI-103,2.687
NCIH727,PI-103,2.692
SNUC4,PI-103,2.696
NCIH1573,PI-103,2.734
HEC265,PI-103,2.735
NCIH23,PI-103,2.739
MKN7,PI-103,2.778
DLD1,PI-103,2.802
NCIH810,PI-103,2.862
HARA,PI-103,2.866
LN229,PI-103,2.869
HT55,PI-103,2.889
PANC0327,PI-103,2.901
NCIH2286,PI-103,2.903
HCT116,PI-103,2.94
NCIH1355,PI-103,2.941
NCIH2081,PI-103,2.954
NCIH2030,PI-103,2.963
NCIH1105,PI-103,2.977
NCIH441,PI-103,2.984
SNU81,PI-103,2.998
COV362,PI-103,3.015
SQ1,PI-103,3.034
LS180,PI-103,3.036
NCIH2009,PI-103,3.039
NCIH522,PI-103,3.065
NCIH358,PI-103,3.079
SKCO1,PI-103,3.135
NCIH1694,PI-103,3.146
T3M10,PI-103,3.149
COLO320,PI-103,3.164
CL34,PI-103,3.164
COLO668,PI-103,3.217
HEC251,PI-103,3.249
HCC1359,PI-103,3.288
CW2,PI-103,3.289
HCT8,PI-103,3.309
EFO27,PI-103,3.311
RCM1,PI-103,3.328
NCIH1373,PI-103,3.371
OVMANA,PI-103,3.409
KYSE450,PI-103,3.453
CAPAN2,PI-103,3.454
NCIH2029,PI-103,3.466
NCIH1930,PI-103,3.468
CL40,PI-103,3.471
COV644,PI-103,3.495
NCIH661,PI-103,3.496
HS944T,PI-103,3.502
BEN,PI-103,3.502
SW620,PI-103,3.511
HCC4006,PI-103,3.561
HEC108,PI-103,3.578
5637,PI-103,3.583
HT115,PI-103,3.591
SNU840,PI-103,3.604
SW403,PI-103,3.606
LS123,PI-103,3.631
CFPAC1,PI-103,3.634
SF295,PI-103,3.662
CHAGOK1,PI-103,3.667
HEC59,PI-103,3.686
CALU6,PI-103,3.691
SHP77,PI-103,3.701
QGP1,PI-103,3.711
SW948,PI-103,3.735
COV318,PI-103,3.777
SNU398,PI-103,3.804
NCIH2405,PI-103,3.81
VMRCRCW,PI-103,3.816
RKO,PI-103,3.819
NCIH1437,PI-103,3.863
HT1080,PI-103,3.873
CAOV3,PI-103,3.874
SKMEL1,PI-103,3.92
LCLC103H,PI-103,3.935
KP3,PI-103,4.012
HS936T,PI-103,4.076
LU65,PI-103,4.127
RCC10RGB,PI-103,4.137
AMO1,PI-103,4.318
SNGM,PI-103,4.37
FU97,PI-103,4.403
NCIH460,PI-103,4.438
NCIH2023,PI-103,4.47
NCIH2141,PI-103,4.474
NCIH2110,PI-103,4.482
MKN74,PI-103,4.487
OV90,PI-103,4.496
SNU175,PI-103,4.55
NCIH28,PI-103,4.589
NCIH650,PI-103,4.597
NCIH2342,PI-103,4.617
OAW42,PI-103,4.703
KMBC2,PI-103,4.787
SKMEL28,PI-103,4.809
HCC1195,PI-103,4.846
HUPT4,PI-103,5.01
NCIH2172,PI-103,5.014
COLO678,PI-103,5.113
CORL88,PI-103,5.124
HEPG2,PI-103,5.232
HCC33,PI-103,5.268
JHOS4,PI-103,5.285
U2OS,PI-103,5.45
EFO21,PI-103,5.505
COLO205,PI-103,5.607
NCIH508,PI-103,5.644
NCIH2052,PI-103,5.669
NCIH1915,PI-103,5.767
SNU61,PI-103,5.863
CALU3,PI-103,5.864
KYSE410,PI-103,6.193
JHH6,PI-103,6.378
LC1SQSF,PI-103,6.401
HT29,PI-103,6.457
DV90,PI-103,6.631
HPAC,PI-103,6.744
SUIT2,PI-103,7.129
SH10TC,PI-103,7.151
NUGC4,PI-103,7.321
NCIH1963,pifithrin-alpha,2.009
LP1,pifithrin-alpha,3.686
NUDUL1,pifithrin-alpha,4.099
COV434,pifithrin-alpha,4.127
HEC151,pifithrin-alpha,4.13
KMS11,pifithrin-alpha,4.379
OVCAR8,pifithrin-alpha,4.672
LS180,pifithrin-alpha,4.732
OCIAML3,pifithrin-alpha,4.827
OVCAR4,pifithrin-alpha,4.832
HCC2108,pifithrin-alpha,4.867
IGROV1,pifithrin-alpha,4.881
COLO320,pifithrin-alpha,4.9
CORL51,pifithrin-alpha,5.017
A2780,pifithrin-alpha,5.028
RMUGS,pifithrin-alpha,5.053
OVK18,pifithrin-alpha,5.135
NCIH2342,pifithrin-alpha,5.162
SW480,pifithrin-alpha,5.171
NCIH2110,pifithrin-alpha,5.2
T3M10,pifithrin-alpha,5.227
NCIH2172,pifithrin-alpha,5.272
MCF7,pifithrin-alpha,5.354
HCC1833,pifithrin-alpha,5.442
SCLC21H,pifithrin-alpha,5.445
SW620,pifithrin-alpha,5.451
RKN,pifithrin-alpha,5.452
SUDHL5,pifithrin-alpha,5.499
THP1,pifithrin-alpha,5.557
SKMEL5,pifithrin-alpha,5.566
LN229,pifithrin-alpha,5.617
OCILY10,pifithrin-alpha,5.639
PL21,pifithrin-alpha,5.641
NCIH2030,pifithrin-alpha,5.667
EJM,pifithrin-alpha,5.676
OVKATE,pifithrin-alpha,5.686
OV90,pifithrin-alpha,5.702
NCIH596,pifithrin-alpha,5.714
SNU398,pifithrin-alpha,5.737
RCC10RGB,pifithrin-alpha,5.761
SNUC5,pifithrin-alpha,5.794
SKLU1,pifithrin-alpha,5.835
NOMO1,pifithrin-alpha,5.845
HCC4006,pifithrin-alpha,5.859
NCIH2122,pifithrin-alpha,5.863
NCIH3255,pifithrin-alpha,5.87
RPMI8226,pifithrin-alpha,5.89
NCIH1836,pifithrin-alpha,5.898
HT1080,pifithrin-alpha,5.948
U937,pifithrin-alpha,5.949
HEPG2,pifithrin-alpha,5.977
NCIH441,pifithrin-alpha,6.005
NCIH841,pifithrin-alpha,6.015
LS123,pifithrin-alpha,6.023
JHUEM2,pifithrin-alpha,6.033
RMGI,pifithrin-alpha,6.049
HCC15,pifithrin-alpha,6.057
SNU1040,pifithrin-alpha,6.063
GDM1,pifithrin-alpha,6.084
TYKNU,pifithrin-alpha,6.094
NCIH1755,pifithrin-alpha,6.099
HCC2935,pifithrin-alpha,6.127
NCIH1694,pifithrin-alpha,6.139
CAL12T,pifithrin-alpha,6.145
NCIH2023,pifithrin-alpha,6.151
JHOM1,pifithrin-alpha,6.181
CW2,pifithrin-alpha,6.197
SNU175,pifithrin-alpha,6.198
EFO27,pifithrin-alpha,6.212
JHOC5,pifithrin-alpha,6.224
NCIH508,pifithrin-alpha,6.257
NCIH1781,pifithrin-alpha,6.276
HCT116,pifithrin-alpha,6.301
HCT8,pifithrin-alpha,6.324
A375,pifithrin-alpha,6.352
KM12,pifithrin-alpha,6.368
SCC9,pifithrin-alpha,6.37
COLO678,pifithrin-alpha,6.393
LOVO,pifithrin-alpha,6.467
HCC827,pifithrin-alpha,6.525
COV644,pifithrin-alpha,6.546
SKM1,pifithrin-alpha,6.551
NCIH2081,pifithrin-alpha,6.557
NCIH1876,pifithrin-alpha,6.558
NCIH2141,pifithrin-alpha,6.562
CL34,pifithrin-alpha,6.569
HCC1195,pifithrin-alpha,6.594
NCIH1105,pifithrin-alpha,6.613
OV7,pifithrin-alpha,6.625
MOLM16,pifithrin-alpha,6.659
HT29,pifithrin-alpha,6.662
SNU840,pifithrin-alpha,6.669
MDST8,pifithrin-alpha,6.674
RCM1,pifithrin-alpha,6.701
WSUDLCL2,pifithrin-alpha,6.711
HCC1359,pifithrin-alpha,6.735
RKO,pifithrin-alpha,6.745
SKMEL1,pifithrin-alpha,6.769
SQ1,pifithrin-alpha,6.796
SKMEL28,pifithrin-alpha,6.803
CAOV3,pifithrin-alpha,6.859
SUDHL4,pifithrin-alpha,6.879
AMO1,pifithrin-alpha,6.933
SNU61,pifithrin-alpha,6.961
NCIH460,pifithrin-alpha,6.981
HT115,pifithrin-alpha,6.998
SNUC4,pifithrin-alpha,7.053
COV362,pifithrin-alpha,7.066
CORL23,pifithrin-alpha,7.123
HT55,pifithrin-alpha,7.156
AGS,pifithrin-alpha,7.217
OAW42,pifithrin-alpha,7.28
CL40,pifithrin-alpha,7.31
SNU81,pifithrin-alpha,7.423
SW948,pifithrin-alpha,7.665
NCIH1963,pifithrin-mu,1.072
NCIH1299,pifithrin-mu,2.792
KU812,pifithrin-mu,2.9
BL70,pifithrin-mu,3.106
NCIH1694,pifithrin-mu,3.123
KE97,pifithrin-mu,3.151
G401,pifithrin-mu,3.154
NCIH82,pifithrin-mu,3.309
GDM1,pifithrin-mu,3.313
NCIH1048,pifithrin-mu,3.341
LS513,pifithrin-mu,3.368
NCIH1105,pifithrin-mu,3.402
SHP77,pifithrin-mu,3.599
KMS11,pifithrin-mu,3.619
SKM1,pifithrin-mu,3.641
HEC151,pifithrin-mu,3.704
COLO205,pifithrin-mu,3.779
HCC78,pifithrin-mu,3.815
EFO27,pifithrin-mu,3.817
RCC10RGB,pifithrin-mu,3.834
WSUDLCL2,pifithrin-mu,3.852
COV434,pifithrin-mu,3.892
LP1,pifithrin-mu,3.899
OCIAML3,pifithrin-mu,3.938
OVK18,pifithrin-mu,3.952
NCIH522,pifithrin-mu,3.956
NCIH2141,pifithrin-mu,3.988
NUDUL1,pifithrin-mu,4.001
SNU398,pifithrin-mu,4.003
SNUC5,pifithrin-mu,4.02
NCIH23,pifithrin-mu,4.021
OVCAR4,pifithrin-mu,4.05
JHOC5,pifithrin-mu,4.067
NCIH508,pifithrin-mu,4.068
SKMEL1,pifithrin-mu,4.102
HEC265,pifithrin-mu,4.134
LU99,pifithrin-mu,4.159
CAPAN2,pifithrin-mu,4.17
NCIH1568,pifithrin-mu,4.219
OVCAR8,pifithrin-mu,4.253
NCIH2342,pifithrin-mu,4.267
SW48,pifithrin-mu,4.285
CW2,pifithrin-mu,4.29
HCC33,pifithrin-mu,4.305
NCIH1836,pifithrin-mu,4.326
HCT116,pifithrin-mu,4.34
PL21,pifithrin-mu,4.384
SUDHL5,pifithrin-mu,4.4
SCLC21H,pifithrin-mu,4.454
COLO668,pifithrin-mu,4.476
NCIH2029,pifithrin-mu,4.478
EPLC272H,pifithrin-mu,4.484
CORL88,pifithrin-mu,4.493
NCIH810,pifithrin-mu,4.494
NCIH1876,pifithrin-mu,4.496
SNU81,pifithrin-mu,4.551
G361,pifithrin-mu,4.562
5637,pifithrin-mu,4.567
RPMI8226,pifithrin-mu,4.571
NCIH2286,pifithrin-mu,4.587
NCIH1930,pifithrin-mu,4.593
JHOS4,pifithrin-mu,4.601
COLO741,pifithrin-mu,4.615
HT1376,pifithrin-mu,4.617
MSTO211H,pifithrin-mu,4.675
SKCO1,pifithrin-mu,4.719
KYSE140,pifithrin-mu,4.725
LXF289,pifithrin-mu,4.73
CHAGOK1,pifithrin-mu,4.732
NCIH3255,pifithrin-mu,4.764
KMBC2,pifithrin-mu,4.774
ISHIKAWAHERAKLIO02ER,pifithrin-mu,4.816
DMS273,pifithrin-mu,4.824
QGP1,pifithrin-mu,4.824
RT4,pifithrin-mu,4.83
THP1,pifithrin-mu,4.849
P3HR1,pifithrin-mu,4.859
AGS,pifithrin-mu,4.863
NCIH1781,pifithrin-mu,4.875
NCIH1373,pifithrin-mu,4.883
HEC251,pifithrin-mu,4.914
JHOM1,pifithrin-mu,4.941
CORL279,pifithrin-mu,4.952
HT,pifithrin-mu,4.958
SNU175,pifithrin-mu,4.973
NCIH2081,pifithrin-mu,4.992
NCIH28,pifithrin-mu,5.003
NCIH1944,pifithrin-mu,5.011
NCIH1975,pifithrin-mu,5.016
PANC0327,pifithrin-mu,5.03
NUGC4,pifithrin-mu,5.032
KLE,pifithrin-mu,5.039
OVKATE,pifithrin-mu,5.044
DLD1,pifithrin-mu,5.047
COLO678,pifithrin-mu,5.081
SNUC4,pifithrin-mu,5.1
NCIH2110,pifithrin-mu,5.125
CALU6,pifithrin-mu,5.127
GP2D,pifithrin-mu,5.14
OV90,pifithrin-mu,5.161
LS180,pifithrin-mu,5.167
C2BBE1,pifithrin-mu,5.186
NCIH1573,pifithrin-mu,5.198
HEYA8,pifithrin-mu,5.208
HSC2,pifithrin-mu,5.222
NCIH1666,pifithrin-mu,5.225
U937,pifithrin-mu,5.231
HS936T,pifithrin-mu,5.237
PC3,pifithrin-mu,5.246
HCC1195,pifithrin-mu,5.25
HEC6,pifithrin-mu,5.258
LCLC97TM1,pifithrin-mu,5.298
NOMO1,pifithrin-mu,5.31
KP3,pifithrin-mu,5.337
DV90,pifithrin-mu,5.379
CALU3,pifithrin-mu,5.394
NCIH358,pifithrin-mu,5.401
MFE319,pifithrin-mu,5.422
SNUC2A,pifithrin-mu,5.422
LS123,pifithrin-mu,5.425
HS852T,pifithrin-mu,5.46
NCIH1435,pifithrin-mu,5.465
NCIH2126,pifithrin-mu,5.485
NCIH661,pifithrin-mu,5.511
PATU8902,pifithrin-mu,5.518
RMGI,pifithrin-mu,5.521
RMUGS,pifithrin-mu,5.522
NCIH2009,pifithrin-mu,5.535
KNS62,pifithrin-mu,5.541
SW620,pifithrin-mu,5.572
HT55,pifithrin-mu,5.598
A549,pifithrin-mu,5.6
SW948,pifithrin-mu,5.608
NCIH2405,pifithrin-mu,5.608
NCIH727,pifithrin-mu,5.609
VMRCLCD,pifithrin-mu,5.619
CL34,pifithrin-mu,5.621
KM12,pifithrin-mu,5.632
LS411N,pifithrin-mu,5.635
NCIH1355,pifithrin-mu,5.637
HEC108,pifithrin-mu,5.666
CL40,pifithrin-mu,5.669
NCIH841,pifithrin-mu,5.683
NCIH596,pifithrin-mu,5.685
NCIH441,pifithrin-mu,5.692
SNU61,pifithrin-mu,5.735
HUPT4,pifithrin-mu,5.74
SW480,pifithrin-mu,5.776
SUDHL4,pifithrin-mu,5.795
UMUC3,pifithrin-mu,5.804
MKN74,pifithrin-mu,5.825
A375,pifithrin-mu,5.836
LN229,pifithrin-mu,5.85
SW403,pifithrin-mu,5.872
FU97,pifithrin-mu,5.879
SNU840,pifithrin-mu,5.889
CORL23,pifithrin-mu,5.902
SNGM,pifithrin-mu,5.906
RKO,pifithrin-mu,5.914
OCILY10,pifithrin-mu,5.922
CFPAC1,pifithrin-mu,5.971
NCIH2052,pifithrin-mu,5.976
TYKNU,pifithrin-mu,5.978
KYSE410,pifithrin-mu,5.997
GAMG,pifithrin-mu,6.024
HCC15,pifithrin-mu,6.024
EJM,pifithrin-mu,6.05
MCF7,pifithrin-mu,6.065
NCIH650,pifithrin-mu,6.093
NCIH1792,pifithrin-mu,6.101
EBC1,pifithrin-mu,6.112
KYSE450,pifithrin-mu,6.113
A2780,pifithrin-mu,6.137
NCIH1437,pifithrin-mu,6.139
NCIH1915,pifithrin-mu,6.142
MKN7,pifithrin-mu,6.167
JHUEM2,pifithrin-mu,6.211
LU65,pifithrin-mu,6.212
HARA,pifithrin-mu,6.22
LCLC103H,pifithrin-mu,6.245
PANC1005,pifithrin-mu,6.317
HCC44,pifithrin-mu,6.33
RKN,pifithrin-mu,6.337
IGROV1,pifithrin-mu,6.356
SNU449,pifithrin-mu,6.365
HT115,pifithrin-mu,6.373
NCIH1793,pifithrin-mu,6.383
SH10TC,pifithrin-mu,6.391
COV644,pifithrin-mu,6.392
HCC2935,pifithrin-mu,6.395
MOLM16,pifithrin-mu,6.419
U2OS,pifithrin-mu,6.42
VMRCRCW,pifithrin-mu,6.426
SKLU1,pifithrin-mu,6.434
T3M10,pifithrin-mu,6.454
HPAC,pifithrin-mu,6.454
CAOV3,pifithrin-mu,6.462
HCC827,pifithrin-mu,6.473
HCT8,pifithrin-mu,6.476
OV7,pifithrin-mu,6.482
SUIT2,pifithrin-mu,6.488
HCC1359,pifithrin-mu,6.497
SKMEL5,pifithrin-mu,6.498
RERFLCKJ,pifithrin-mu,6.499
LC1SQSF,pifithrin-mu,6.515
EFO21,pifithrin-mu,6.527
SQ1,pifithrin-mu,6.53
NCIH2122,pifithrin-mu,6.544
OVMANA,pifithrin-mu,6.546
HCC2108,pifithrin-mu,6.547
CAL12T,pifithrin-mu,6.55
BEN,pifithrin-mu,6.584
RCM1,pifithrin-mu,6.601
SKOV3,pifithrin-mu,6.603
MC116,pifithrin-mu,6.615
HS944T,pifithrin-mu,6.71
HEC59,pifithrin-mu,6.728
NCIH2172,pifithrin-mu,6.735
HCC4006,pifithrin-mu,6.741
LOVO,pifithrin-mu,6.761
SNU1040,pifithrin-mu,6.793
COV362,pifithrin-mu,6.829
HCC1833,pifithrin-mu,6.837
COV318,pifithrin-mu,6.879
NCIH1755,pifithrin-mu,6.892
SF295,pifithrin-mu,6.9
SKMEL28,pifithrin-mu,6.917
MDST8,pifithrin-mu,7.005
SCC9,pifithrin-mu,7.024
NCIH2023,pifithrin-mu,7.053
HEPG2,pifithrin-mu,7.063
CORL51,pifithrin-mu,7.084
HT29,pifithrin-mu,7.134
HT1080,pifithrin-mu,7.135
NCIH2030,pifithrin-mu,7.173
NCIH460,pifithrin-mu,7.26
JHH6,pifithrin-mu,7.277
OAW42,pifithrin-mu,7.78
AMO1,pifithrin-mu,8.45
SNU175,PIK-75,1.259
OCIAML3,PIK-75,2.936
NOMO1,PIK-75,3.047
COV434,PIK-75,3.072
WSUDLCL2,PIK-75,3.346
NCIH2122,PIK-75,3.362
HCT116,PIK-75,3.443
AGS,PIK-75,3.467
PL21,PIK-75,3.489
GDM1,PIK-75,3.561
SKM1,PIK-75,3.762
SCC9,PIK-75,3.779
JHUEM2,PIK-75,3.82
NCIH596,PIK-75,3.821
SUDHL4,PIK-75,3.833
NUDUL1,PIK-75,3.976
THP1,PIK-75,3.997
SNUC4,PIK-75,4.021
CL34,PIK-75,4.085
OVCAR8,PIK-75,4.126
LS180,PIK-75,4.155
OVKATE,PIK-75,4.253
SW480,PIK-75,4.256
MOLM16,PIK-75,4.259
RMUGS,PIK-75,4.273
TYKNU,PIK-75,4.287
RMGI,PIK-75,4.287
CAL12T,PIK-75,4.312
HCC1833,PIK-75,4.315
SNUC5,PIK-75,4.322
EJM,PIK-75,4.357
A2780,PIK-75,4.358
U937,PIK-75,4.362
RCM1,PIK-75,4.423
HT1080,PIK-75,4.478
SKLU1,PIK-75,4.488
LN229,PIK-75,4.49
NCIH2342,PIK-75,4.499
PC3,PIK-75,4.51
HCT8,PIK-75,4.511
SUDHL5,PIK-75,4.563
MCF7,PIK-75,4.604
NCIH1781,PIK-75,4.614
SNU840,PIK-75,4.615
BL70,PIK-75,4.615
COLO320,PIK-75,4.629
NCIH1755,PIK-75,4.636
SW948,PIK-75,4.637
HT115,PIK-75,4.66
COV644,PIK-75,4.68
SNU398,PIK-75,4.682
KMS11,PIK-75,4.695
A375,PIK-75,4.698
NCIH441,PIK-75,4.698
AMO1,PIK-75,4.708
HEC151,PIK-75,4.798
OVK18,PIK-75,4.8
SCLC21H,PIK-75,4.829
SNU1040,PIK-75,4.846
SNU81,PIK-75,4.856
NCIH2286,PIK-75,4.864
NCIH1876,PIK-75,4.899
RCC10RGB,PIK-75,4.899
NCIH2141,PIK-75,4.943
HCC827,PIK-75,4.943
NCIH1836,PIK-75,4.955
KM12,PIK-75,5.008
NCIH1963,PIK-75,5.025
RKN,PIK-75,5.033
CORL23,PIK-75,5.041
CAOV3,PIK-75,5.057
COLO678,PIK-75,5.093
HT55,PIK-75,5.144
HCC1195,PIK-75,5.171
SNU61,PIK-75,5.187
SW620,PIK-75,5.195
CW2,PIK-75,5.197
RPMI8226,PIK-75,5.204
NCIH2110,PIK-75,5.215
HCC15,PIK-75,5.219
IGROV1,PIK-75,5.255
COLO668,PIK-75,5.301
LXF289,PIK-75,5.314
OVMANA,PIK-75,5.352
NCIH1435,PIK-75,5.352
LOVO,PIK-75,5.356
OV90,PIK-75,5.361
NCIH508,PIK-75,5.369
NCIH3255,PIK-75,5.377
HCC2108,PIK-75,5.377
SKMEL1,PIK-75,5.41
JHOM1,PIK-75,5.438
MDST8,PIK-75,5.486
PATU8902,PIK-75,5.49
KLE,PIK-75,5.509
COV362,PIK-75,5.518
CL40,PIK-75,5.53
OV7,PIK-75,5.534
HS852T,PIK-75,5.54
HCC4006,PIK-75,5.569
NCIH1105,PIK-75,5.62
ISHIKAWAHERAKLIO02ER,PIK-75,5.635
T3M10,PIK-75,5.642
NCIH1694,PIK-75,5.642
NCIH2081,PIK-75,5.666
NCIH1915,PIK-75,5.678
NCIH2030,PIK-75,5.7
RKO,PIK-75,5.738
JHOC5,PIK-75,5.741
SNU449,PIK-75,5.755
HEC108,PIK-75,5.768
OVCAR4,PIK-75,5.79
NCIH841,PIK-75,5.809
EFO27,PIK-75,5.818
SKMEL5,PIK-75,5.82
HCC2935,PIK-75,5.869
HEPG2,PIK-75,5.902
JHOS4,PIK-75,6.009
LS123,PIK-75,6.02
RERFLCKJ,PIK-75,6.06
GAMG,PIK-75,6.082
NCIH460,PIK-75,6.155
LP1,PIK-75,6.186
SNGM,PIK-75,6.222
HCC1359,PIK-75,6.232
COV318,PIK-75,6.239
MKN74,PIK-75,6.287
NCIH2023,PIK-75,6.314
U2OS,PIK-75,6.375
HEC59,PIK-75,6.39
HT29,PIK-75,6.419
OCILY10,PIK-75,6.499
SQ1,PIK-75,6.554
NCIH1930,PIK-75,6.605
JHH6,PIK-75,6.733
NCIH2172,PIK-75,6.784
CORL51,PIK-75,7.08
SKMEL28,PIK-75,7.391
OAW42,PIK-75,7.702
NUDUL1,piperlongumine,0.781
NCIH1963,piperlongumine,1.128
OCIAML3,piperlongumine,1.376
SUDHL5,piperlongumine,1.545
AGS,piperlongumine,1.549
KMS11,piperlongumine,1.709
OVCAR8,piperlongumine,1.774
SKM1,piperlongumine,1.843
SCLC21H,piperlongumine,1.844
G401,piperlongumine,1.88
HEC151,piperlongumine,1.962
HEC265,piperlongumine,2.058
SW48,piperlongumine,2.059
LS513,piperlongumine,2.135
NCIH1048,piperlongumine,2.158
LS180,piperlongumine,2.158
NCIH810,piperlongumine,2.215
WSUDLCL2,piperlongumine,2.299
KE97,piperlongumine,2.308
PL21,piperlongumine,2.395
OVK18,piperlongumine,2.411
BL70,piperlongumine,2.42
RPMI8226,piperlongumine,2.466
THP1,piperlongumine,2.47
OVCAR4,piperlongumine,2.476
NCIH1694,piperlongumine,2.499
SNUC5,piperlongumine,2.526
SHP77,piperlongumine,2.557
COLO668,piperlongumine,2.569
VMRCLCD,piperlongumine,2.595
MSTO211H,piperlongumine,2.71
GDM1,piperlongumine,2.712
NCIH1876,piperlongumine,2.719
KU812,piperlongumine,2.726
HCC33,piperlongumine,2.733
HEC6,piperlongumine,2.738
P3HR1,piperlongumine,2.742
HSC2,piperlongumine,2.749
SUDHL4,piperlongumine,2.753
LCLC97TM1,piperlongumine,2.789
SNU81,piperlongumine,2.826
NCIH23,piperlongumine,2.832
NOMO1,piperlongumine,2.842
OVKATE,piperlongumine,2.874
NCIH1568,piperlongumine,2.889
GP2D,piperlongumine,2.953
LU99,piperlongumine,2.961
KM12,piperlongumine,3.007
MC116,piperlongumine,3.042
SNU398,piperlongumine,3.076
JHOS4,piperlongumine,3.091
CORL51,piperlongumine,3.104
ISHIKAWAHERAKLIO02ER,piperlongumine,3.144
HCT116,piperlongumine,3.161
AMO1,piperlongumine,3.174
COV434,piperlongumine,3.176
NCIH1781,piperlongumine,3.179
NCIH2029,piperlongumine,3.18
EJM,piperlongumine,3.189
SNU175,piperlongumine,3.19
NCIH522,piperlongumine,3.202
RKN,piperlongumine,3.206
HT1376,piperlongumine,3.247
CORL23,piperlongumine,3.261
RCC10RGB,piperlongumine,3.274
CW2,piperlongumine,3.296
MFE319,piperlongumine,3.312
NCIH1836,piperlongumine,3.338
SNUC4,piperlongumine,3.353
PC3,piperlongumine,3.364
CALU6,piperlongumine,3.428
LP1,piperlongumine,3.438
NCIH28,piperlongumine,3.441
NCIH2081,piperlongumine,3.446
NCIH1930,piperlongumine,3.452
U937,piperlongumine,3.468
DLD1,piperlongumine,3.475
HEC251,piperlongumine,3.494
NCIH2286,piperlongumine,3.562
HS852T,piperlongumine,3.586
A2780,piperlongumine,3.605
SKCO1,piperlongumine,3.613
NCIH1299,piperlongumine,3.614
COLO678,piperlongumine,3.616
HEC108,piperlongumine,3.616
CL34,piperlongumine,3.616
SW948,piperlongumine,3.62
NCIH82,piperlongumine,3.64
NCIH596,piperlongumine,3.648
NCIH508,piperlongumine,3.648
TYKNU,piperlongumine,3.662
KYSE140,piperlongumine,3.675
A375,piperlongumine,3.677
LXF289,piperlongumine,3.687
CL40,piperlongumine,3.712
SKMEL1,piperlongumine,3.715
NCIH1105,piperlongumine,3.744
COLO205,piperlongumine,3.767
CHAGOK1,piperlongumine,3.776
EFO27,piperlongumine,3.792
SNGM,piperlongumine,3.792
RT4,piperlongumine,3.802
DMS273,piperlongumine,3.803
SNU61,piperlongumine,3.804
G361,piperlongumine,3.807
HCC1359,piperlongumine,3.82
KNS62,piperlongumine,3.82
NCIH1975,piperlongumine,3.824
KLE,piperlongumine,3.828
EPLC272H,piperlongumine,3.83
RMGI,piperlongumine,3.833
NCIH358,piperlongumine,3.841
LOVO,piperlongumine,3.873
EBC1,piperlongumine,3.913
NCIH727,piperlongumine,3.923
NCIH2122,piperlongumine,3.937
CAOV3,piperlongumine,3.95
CAPAN2,piperlongumine,3.951
HT55,piperlongumine,3.958
JHUEM2,piperlongumine,3.971
SCC9,piperlongumine,3.974
COLO320,piperlongumine,3.988
HT,piperlongumine,4
RMUGS,piperlongumine,4
NUGC4,piperlongumine,4.01
JHOC5,piperlongumine,4.014
KP3,piperlongumine,4.035
LS123,piperlongumine,4.04
KMBC2,piperlongumine,4.055
NCIH3255,piperlongumine,4.082
VMRCRCW,piperlongumine,4.104
MOLM16,piperlongumine,4.107
RKO,piperlongumine,4.107
NCIH1435,piperlongumine,4.108
HCT8,piperlongumine,4.152
C2BBE1,piperlongumine,4.154
HS936T,piperlongumine,4.158
5637,piperlongumine,4.201
QGP1,piperlongumine,4.235
HCC4006,piperlongumine,4.251
MKN7,piperlongumine,4.261
NCIH441,piperlongumine,4.276
PANC0327,piperlongumine,4.281
NCIH2126,piperlongumine,4.293
JHOM1,piperlongumine,4.314
HCC1833,piperlongumine,4.332
NCIH2141,piperlongumine,4.337
OV90,piperlongumine,4.364
NCIH1373,piperlongumine,4.371
U2OS,piperlongumine,4.379
NCIH1573,piperlongumine,4.379
CORL88,piperlongumine,4.392
SKMEL5,piperlongumine,4.392
COV644,piperlongumine,4.399
SNU840,piperlongumine,4.401
MDST8,piperlongumine,4.404
HT115,piperlongumine,4.41
NCIH2342,piperlongumine,4.413
RCM1,piperlongumine,4.425
PATU8902,piperlongumine,4.427
HCC78,piperlongumine,4.427
HEYA8,piperlongumine,4.428
HCC2108,piperlongumine,4.429
HCC1195,piperlongumine,4.47
KYSE410,piperlongumine,4.515
KYSE450,piperlongumine,4.517
CORL279,piperlongumine,4.524
NCIH2009,piperlongumine,4.528
NCIH841,piperlongumine,4.53
HCC15,piperlongumine,4.536
HCC2935,piperlongumine,4.54
NCIH1944,piperlongumine,4.551
CAL12T,piperlongumine,4.558
LS411N,piperlongumine,4.574
MCF7,piperlongumine,4.594
PANC1005,piperlongumine,4.596
IGROV1,piperlongumine,4.625
COLO741,piperlongumine,4.648
HT1080,piperlongumine,4.677
SQ1,piperlongumine,4.68
HEC59,piperlongumine,4.732
SW620,piperlongumine,4.758
LCLC103H,piperlongumine,4.774
LC1SQSF,piperlongumine,4.829
NCIH1792,piperlongumine,4.835
RERFLCKJ,piperlongumine,4.85
OCILY10,piperlongumine,4.861
FU97,piperlongumine,4.865
NCIH2405,piperlongumine,4.903
HARA,piperlongumine,4.922
HUPT4,piperlongumine,4.937
HCC827,piperlongumine,4.961
MKN74,piperlongumine,4.994
UMUC3,piperlongumine,5.02
NCIH1915,piperlongumine,5.036
SNUC2A,piperlongumine,5.049
HS944T,piperlongumine,5.058
NCIH2110,piperlongumine,5.095
T3M10,piperlongumine,5.108
SUIT2,piperlongumine,5.12
SKLU1,piperlongumine,5.123
HCC44,piperlongumine,5.153
SNU449,piperlongumine,5.165
NCIH1666,piperlongumine,5.192
SW480,piperlongumine,5.194
HEPG2,piperlongumine,5.25
NCIH661,piperlongumine,5.255
NCIH1437,piperlongumine,5.295
NCIH650,piperlongumine,5.316
NCIH1793,piperlongumine,5.375
SNU1040,piperlongumine,5.383
SW403,piperlongumine,5.387
OAW42,piperlongumine,5.454
OV7,piperlongumine,5.485
COV362,piperlongumine,5.489
CALU3,piperlongumine,5.505
NCIH2052,piperlongumine,5.531
GAMG,piperlongumine,5.536
SKMEL28,piperlongumine,5.566
JHH6,piperlongumine,5.582
A549,piperlongumine,5.585
OVMANA,piperlongumine,5.594
NCIH460,piperlongumine,5.595
HT29,piperlongumine,5.623
CFPAC1,piperlongumine,5.632
NCIH1355,piperlongumine,5.662
BEN,piperlongumine,5.715
LU65,piperlongumine,5.742
EFO21,piperlongumine,5.753
LN229,piperlongumine,5.761
NCIH1755,piperlongumine,5.898
HPAC,piperlongumine,5.904
SKOV3,piperlongumine,5.918
NCIH2030,piperlongumine,6.202
NCIH2172,piperlongumine,6.256
SH10TC,piperlongumine,6.308
DV90,piperlongumine,6.388
COV318,piperlongumine,6.393
NCIH2023,piperlongumine,6.551
SF295,piperlongumine,6.552
COV434,PK-11195,2.873
LP1,PK-11195,3.047
GDM1,PK-11195,3.176
PL21,PK-11195,3.318
NOMO1,PK-11195,3.395
OCIAML3,PK-11195,3.455
HEC151,PK-11195,3.477
U937,PK-11195,3.482
NCIH1963,PK-11195,3.503
CW2,PK-11195,3.582
OVCAR4,PK-11195,3.628
KMS11,PK-11195,3.634
OVCAR8,PK-11195,3.647
SW480,PK-11195,3.686
OVK18,PK-11195,3.756
RMUGS,PK-11195,3.795
MOLM16,PK-11195,4.044
SKM1,PK-11195,4.052
MCF7,PK-11195,4.147
HCC1833,PK-11195,4.154
NCIH441,PK-11195,4.26
A2780,PK-11195,4.286
RPMI8226,PK-11195,4.289
T3M10,PK-11195,4.291
SNU175,PK-11195,4.294
NCIH2342,PK-11195,4.303
OV90,PK-11195,4.304
SNUC5,PK-11195,4.304
LN229,PK-11195,4.329
NCIH1836,PK-11195,4.338
HCC2108,PK-11195,4.384
NCIH596,PK-11195,4.449
SW620,PK-11195,4.449
EJM,PK-11195,4.454
THP1,PK-11195,4.461
SCLC21H,PK-11195,4.467
SNUC4,PK-11195,4.539
SNU61,PK-11195,4.568
HT115,PK-11195,4.571
SNU81,PK-11195,4.579
HCT116,PK-11195,4.586
NCIH2081,PK-11195,4.612
SNU398,PK-11195,4.615
NCIH2122,PK-11195,4.629
JHUEM2,PK-11195,4.644
AGS,PK-11195,4.648
WSUDLCL2,PK-11195,4.656
RCC10RGB,PK-11195,4.695
NUDUL1,PK-11195,4.716
HCC1359,PK-11195,4.734
JHOM1,PK-11195,4.806
CAL12T,PK-11195,4.806
COLO678,PK-11195,4.814
COLO320,PK-11195,4.839
HCC15,PK-11195,4.846
NCIH841,PK-11195,4.85
RMGI,PK-11195,4.853
NCIH2172,PK-11195,4.862
NCIH1105,PK-11195,4.864
LS180,PK-11195,4.875
SUDHL5,PK-11195,4.909
SNU840,PK-11195,4.933
NCIH508,PK-11195,4.945
RCM1,PK-11195,4.957
OVKATE,PK-11195,4.973
LOVO,PK-11195,4.977
RKO,PK-11195,4.978
HCT8,PK-11195,4.989
HCC4006,PK-11195,5.021
IGROV1,PK-11195,5.037
HCC2935,PK-11195,5.054
NCIH1781,PK-11195,5.061
SW948,PK-11195,5.09
COV644,PK-11195,5.111
NCIH2141,PK-11195,5.129
NCIH3255,PK-11195,5.158
TYKNU,PK-11195,5.187
NCIH1694,PK-11195,5.228
NCIH2023,PK-11195,5.255
MDST8,PK-11195,5.271
NCIH1876,PK-11195,5.275
CAOV3,PK-11195,5.307
A375,PK-11195,5.315
SKMEL5,PK-11195,5.324
SKLU1,PK-11195,5.336
EFO27,PK-11195,5.372
NCIH2030,PK-11195,5.383
RKN,PK-11195,5.398
CORL51,PK-11195,5.405
HCC1195,PK-11195,5.407
HT55,PK-11195,5.421
SNU1040,PK-11195,5.449
KM12,PK-11195,5.472
OCILY10,PK-11195,5.483
SUDHL4,PK-11195,5.492
HT1080,PK-11195,5.497
NCIH1755,PK-11195,5.55
SCC9,PK-11195,5.57
LS123,PK-11195,5.634
NCIH2110,PK-11195,5.644
JHOC5,PK-11195,5.676
NCIH460,PK-11195,5.754
SKMEL1,PK-11195,5.775
OV7,PK-11195,5.832
CL34,PK-11195,5.881
HT29,PK-11195,5.905
HCC827,PK-11195,5.934
CL40,PK-11195,6.049
AMO1,PK-11195,6.061
SQ1,PK-11195,6.122
HEPG2,PK-11195,6.192
U2OS,PK-11195,6.205
OAW42,PK-11195,6.346
CORL23,PK-11195,6.409
SKMEL28,PK-11195,6.442
COV362,PK-11195,6.842
KU812,pluripotin,0.091
MSTO211H,pluripotin,0.119
BL70,pluripotin,0.152
HCC44,pluripotin,0.162
HUPT4,pluripotin,0.171
LXF289,pluripotin,0.247
LU99,pluripotin,0.279
COLO205,pluripotin,0.301
HS852T,pluripotin,0.389
HSC2,pluripotin,0.4
LS513,pluripotin,0.455
GP2D,pluripotin,0.46
5637,pluripotin,0.553
G401,pluripotin,0.608
NCIH2286,pluripotin,0.63
A549,pluripotin,0.641
EPLC272H,pluripotin,0.674
HCC78,pluripotin,0.696
KYSE410,pluripotin,0.703
SKCO1,pluripotin,0.746
NCIH23,pluripotin,0.754
LCLC103H,pluripotin,0.842
DLD1,pluripotin,0.876
NCIH1048,pluripotin,0.913
KE97,pluripotin,0.95
RT4,pluripotin,0.959
NCIH1944,pluripotin,0.995
HEYA8,pluripotin,1.021
NCIH1975,pluripotin,1.031
NCIH358,pluripotin,1.034
NCIH1792,pluripotin,1.051
LCLC97TM1,pluripotin,1.078
CAPAN2,pluripotin,1.11
HARA,pluripotin,1.146
LS411N,pluripotin,1.147
NCIH28,pluripotin,1.17
NCIH1915,pluripotin,1.181
NCIH727,pluripotin,1.186
NCIH1666,pluripotin,1.192
SKOV3,pluripotin,1.205
NCIH1299,pluripotin,1.215
SW48,pluripotin,1.258
HEC265,pluripotin,1.313
FU97,pluripotin,1.33
NCIH2052,pluripotin,1.369
NCIH2009,pluripotin,1.404
GAMG,pluripotin,1.461
SNGM,pluripotin,1.565
NCIH1373,pluripotin,1.596
OVMANA,pluripotin,1.636
CALU6,pluripotin,1.686
PANC0327,pluripotin,1.69
SUIT2,pluripotin,1.743
KYSE450,pluripotin,1.799
MC116,pluripotin,1.804
NCIH2405,pluripotin,1.812
NCIH1355,pluripotin,1.817
ISHIKAWAHERAKLIO02ER,pluripotin,1.82
LC1SQSF,pluripotin,1.835
NCIH522,pluripotin,1.872
VMRCRCW,pluripotin,1.892
G361,pluripotin,1.905
PANC1005,pluripotin,1.944
KYSE140,pluripotin,1.968
SW403,pluripotin,2.005
SNUC2A,pluripotin,2.026
SNU449,pluripotin,2.132
NCIH650,pluripotin,2.244
HT1376,pluripotin,2.256
NCIH1573,pluripotin,2.276
CFPAC1,pluripotin,2.32
NCIH661,pluripotin,2.324
MFE319,pluripotin,2.34
C2BBE1,pluripotin,2.373
HEC6,pluripotin,2.381
NCIH1568,pluripotin,2.419
QGP1,pluripotin,2.461
UMUC3,pluripotin,2.592
RERFLCKJ,pluripotin,2.653
PATU8902,pluripotin,2.753
KLE,pluripotin,2.773
KP3,pluripotin,2.796
HEC251,pluripotin,2.804
JHOS4,pluripotin,2.84
HPAC,pluripotin,2.901
HEC108,pluripotin,2.913
P3HR1,pluripotin,2.949
EFO21,pluripotin,3.072
EBC1,pluripotin,3.109
MKN7,pluripotin,3.111
COLO741,pluripotin,3.129
NCIH1435,pluripotin,3.307
JHH6,pluripotin,3.358
DV90,pluripotin,3.579
CHAGOK1,pluripotin,3.626
PC3,pluripotin,3.632
COLO668,pluripotin,3.645
KNS62,pluripotin,3.784
KMBC2,pluripotin,3.829
NCIH82,pluripotin,3.851
LU65,pluripotin,3.929
HS936T,pluripotin,4.01
CALU3,pluripotin,4.057
HEC59,pluripotin,4.078
NUGC4,pluripotin,4.156
HS944T,pluripotin,4.163
SHP77,pluripotin,4.196
NCIH1793,pluripotin,4.328
MKN74,pluripotin,4.373
NCIH2029,pluripotin,4.427
NCIH1437,pluripotin,4.452
SF295,pluripotin,4.505
CORL88,pluripotin,4.654
COV318,pluripotin,4.735
DMS273,pluripotin,4.95
SH10TC,pluripotin,4.978
VMRCLCD,pluripotin,4.996
NCIH810,pluripotin,5.072
CORL279,pluripotin,5.182
NCIH1930,pluripotin,5.382
HCC33,pluripotin,5.392
HT,pluripotin,5.704
NCIH2126,pluripotin,6.216
BEN,pluripotin,6.816
PL21,PNU-74654,2.056
KMS11,PNU-74654,2.111
SKM1,PNU-74654,2.261
OCIAML3,PNU-74654,2.549
HEC151,PNU-74654,2.637
SNU175,PNU-74654,2.72
SNUC4,PNU-74654,2.759
WSUDLCL2,PNU-74654,2.804
JHUEM2,PNU-74654,2.945
U937,PNU-74654,3.127
NUDUL1,PNU-74654,3.282
OVCAR8,PNU-74654,3.301
LS180,PNU-74654,3.31
SNU81,PNU-74654,3.352
NCIH1963,PNU-74654,3.372
LP1,PNU-74654,3.402
GDM1,PNU-74654,3.486
HCT116,PNU-74654,3.514
NOMO1,PNU-74654,3.515
RPMI8226,PNU-74654,3.536
MOLM16,PNU-74654,3.718
NCIH596,PNU-74654,3.735
OVCAR4,PNU-74654,3.752
A2780,PNU-74654,3.753
THP1,PNU-74654,3.935
OVKATE,PNU-74654,3.96
SNUC5,PNU-74654,3.98
KM12,PNU-74654,3.99
RMUGS,PNU-74654,4.043
SW948,PNU-74654,4.054
SUDHL5,PNU-74654,4.082
NCIH2122,PNU-74654,4.135
A375,PNU-74654,4.187
NCIH841,PNU-74654,4.198
OVK18,PNU-74654,4.219
NCIH1876,PNU-74654,4.228
NCIH508,PNU-74654,4.236
HT115,PNU-74654,4.245
RKO,PNU-74654,4.246
SNU398,PNU-74654,4.341
AGS,PNU-74654,4.363
LOVO,PNU-74654,4.37
NCIH2342,PNU-74654,4.41
HT1080,PNU-74654,4.425
NCIH1694,PNU-74654,4.451
SKMEL5,PNU-74654,4.533
HCC15,PNU-74654,4.548
EJM,PNU-74654,4.593
RKN,PNU-74654,4.594
SNU61,PNU-74654,4.596
SCLC21H,PNU-74654,4.597
CW2,PNU-74654,4.63
NCIH1836,PNU-74654,4.634
NCIH1105,PNU-74654,4.639
COV434,PNU-74654,4.653
NCIH2081,PNU-74654,4.675
SNU1040,PNU-74654,4.707
SW620,PNU-74654,4.73
OV90,PNU-74654,4.744
TYKNU,PNU-74654,4.775
SKMEL1,PNU-74654,4.787
JHOC5,PNU-74654,4.806
HCC4006,PNU-74654,4.856
HCT8,PNU-74654,4.881
COLO320,PNU-74654,4.916
SNU840,PNU-74654,4.953
OCILY10,PNU-74654,4.969
MCF7,PNU-74654,5.017
SW480,PNU-74654,5.021
CAOV3,PNU-74654,5.022
HT55,PNU-74654,5.049
T3M10,PNU-74654,5.053
RCC10RGB,PNU-74654,5.078
OAW42,PNU-74654,5.091
SUDHL4,PNU-74654,5.106
CL34,PNU-74654,5.119
SKLU1,PNU-74654,5.13
RMGI,PNU-74654,5.17
HCC2108,PNU-74654,5.215
HT29,PNU-74654,5.25
NCIH1781,PNU-74654,5.305
NCIH1755,PNU-74654,5.391
CAL12T,PNU-74654,5.41
IGROV1,PNU-74654,5.414
MDST8,PNU-74654,5.42
CORL51,PNU-74654,5.429
SCC9,PNU-74654,5.447
LN229,PNU-74654,5.462
NCIH441,PNU-74654,5.484
RCM1,PNU-74654,5.593
NCIH460,PNU-74654,5.781
CORL23,PNU-74654,5.823
LS123,PNU-74654,5.845
COV362,PNU-74654,5.857
HCC827,PNU-74654,5.869
NCIH2030,PNU-74654,5.869
EFO27,PNU-74654,5.871
NCIH2110,PNU-74654,5.943
HCC2935,PNU-74654,5.989
NCIH2141,PNU-74654,5.992
HCC1833,PNU-74654,6.001
HCC1195,PNU-74654,6.015
SQ1,PNU-74654,6.02
JHOM1,PNU-74654,6.085
HEPG2,PNU-74654,6.114
COLO678,PNU-74654,6.117
HCC1359,PNU-74654,6.166
CL40,PNU-74654,6.324
COV644,PNU-74654,6.333
NCIH3255,PNU-74654,6.38
OV7,PNU-74654,6.531
NCIH2172,PNU-74654,6.614
AMO1,PNU-74654,6.805
NCIH2023,PNU-74654,6.856
SKMEL28,PNU-74654,7.013
OVKATE,PP-30,1.966
NUDUL1,PP-30,2.072
KMS11,PP-30,2.141
MSTO211H,PP-30,2.391
SUDHL5,PP-30,2.59
OCIAML3,PP-30,2.789
G401,PP-30,2.808
EBC1,PP-30,2.808
OVK18,PP-30,2.914
NCIH1666,PP-30,3.115
MCF7,PP-30,3.16
DMS273,PP-30,3.363
NCIH1944,PP-30,3.494
NCIH1048,PP-30,3.56
LU99,PP-30,3.583
EPLC272H,PP-30,3.614
SW48,PP-30,3.622
LP1,PP-30,3.63
KE97,PP-30,3.674
RT4,PP-30,3.685
P3HR1,PP-30,3.83
OCILY10,PP-30,3.847
IGROV1,PP-30,3.864
KNS62,PP-30,3.902
NCIH1963,PP-30,3.908
HEYA8,PP-30,3.969
PC3,PP-30,4.007
JHUEM2,PP-30,4.013
SUDHL4,PP-30,4.034
LS513,PP-30,4.051
LOVO,PP-30,4.069
GDM1,PP-30,4.072
BL70,PP-30,4.109
WSUDLCL2,PP-30,4.181
LXF289,PP-30,4.203
PL21,PP-30,4.24
CORL279,PP-30,4.249
HCC1833,PP-30,4.261
HCC44,PP-30,4.261
NCIH1299,PP-30,4.262
EJM,PP-30,4.266
PATU8902,PP-30,4.267
NCIH1568,PP-30,4.271
G361,PP-30,4.302
RERFLCKJ,PP-30,4.345
THP1,PP-30,4.378
KU812,PP-30,4.419
PANC1005,PP-30,4.431
COLO205,PP-30,4.453
HCC78,PP-30,4.476
PANC0327,PP-30,4.482
AGS,PP-30,4.493
ISHIKAWAHERAKLIO02ER,PP-30,4.521
NCIH1793,PP-30,4.535
OVMANA,PP-30,4.539
LCLC97TM1,PP-30,4.568
JHOM1,PP-30,4.568
HEC151,PP-30,4.614
SNUC2A,PP-30,4.617
LS180,PP-30,4.644
CFPAC1,PP-30,4.664
NCIH1355,PP-30,4.684
NCIH1876,PP-30,4.686
SNU81,PP-30,4.687
CALU3,PP-30,4.699
VMRCLCD,PP-30,4.715
CORL51,PP-30,4.716
NCIH596,PP-30,4.727
SNU398,PP-30,4.734
NCIH522,PP-30,4.75
SKCO1,PP-30,4.752
OVCAR4,PP-30,4.753
SNU175,PP-30,4.761
RMGI,PP-30,4.769
COV434,PP-30,4.779
NCIH2405,PP-30,4.786
NCIH2286,PP-30,4.806
KP3,PP-30,4.815
NCIH2110,PP-30,4.822
RMUGS,PP-30,4.827
SCC9,PP-30,4.832
VMRCRCW,PP-30,4.835
HARA,PP-30,4.862
NOMO1,PP-30,4.867
GP2D,PP-30,4.87
LS411N,PP-30,4.882
NCIH2052,PP-30,4.905
HT,PP-30,4.906
SNU449,PP-30,4.907
HCC2935,PP-30,4.911
HS852T,PP-30,4.944
NCIH508,PP-30,4.945
SKOV3,PP-30,4.947
FU97,PP-30,4.964
NCIH1836,PP-30,4.966
OVCAR8,PP-30,4.976
SKM1,PP-30,4.984
SKLU1,PP-30,4.988
GAMG,PP-30,4.995
NCIH1781,PP-30,5.002
NCIH1373,PP-30,5.017
NCIH1435,PP-30,5.04
NCIH23,PP-30,5.069
5637,PP-30,5.069
CAPAN2,PP-30,5.086
COLO741,PP-30,5.106
NCIH1755,PP-30,5.117
SNU840,PP-30,5.117
A2780,PP-30,5.133
SNUC4,PP-30,5.138
MKN7,PP-30,5.155
NCIH82,PP-30,5.173
UMUC3,PP-30,5.177
SF295,PP-30,5.184
NCIH28,PP-30,5.185
A549,PP-30,5.204
EFO27,PP-30,5.206
MFE319,PP-30,5.207
KYSE140,PP-30,5.211
BEN,PP-30,5.215
MOLM16,PP-30,5.24
HT29,PP-30,5.26
HEC6,PP-30,5.274
SW403,PP-30,5.275
NCIH2141,PP-30,5.281
NCIH2126,PP-30,5.282
NCIH810,PP-30,5.297
KM12,PP-30,5.312
LC1SQSF,PP-30,5.32
NCIH2342,PP-30,5.324
NCIH1792,PP-30,5.329
SKMEL1,PP-30,5.343
RKN,PP-30,5.35
CHAGOK1,PP-30,5.402
SCLC21H,PP-30,5.411
NCIH2029,PP-30,5.415
NCIH1694,PP-30,5.415
NCIH1975,PP-30,5.419
HEC108,PP-30,5.422
COLO320,PP-30,5.443
KYSE410,PP-30,5.468
SW948,PP-30,5.501
COLO678,PP-30,5.558
HS944T,PP-30,5.561
NCIH2081,PP-30,5.563
HCC15,PP-30,5.569
HT1376,PP-30,5.586
C2BBE1,PP-30,5.586
HCC827,PP-30,5.61
SW480,PP-30,5.614
TYKNU,PP-30,5.652
COV644,PP-30,5.659
SKMEL5,PP-30,5.665
NCIH2122,PP-30,5.669
NCIH727,PP-30,5.671
U2OS,PP-30,5.679
EFO21,PP-30,5.686
NCIH1573,PP-30,5.697
CL34,PP-30,5.713
DLD1,PP-30,5.728
HCC2108,PP-30,5.728
AMO1,PP-30,5.729
LCLC103H,PP-30,5.73
HT55,PP-30,5.735
NCIH2009,PP-30,5.751
COV362,PP-30,5.787
COLO668,PP-30,5.791
MDST8,PP-30,5.823
CL40,PP-30,5.83
HS936T,PP-30,5.832
HT115,PP-30,5.835
NCIH2030,PP-30,5.836
CAL12T,PP-30,5.851
HT1080,PP-30,5.851
HUPT4,PP-30,5.859
HEC265,PP-30,5.865
CAOV3,PP-30,5.878
NCIH358,PP-30,5.882
NCIH650,PP-30,5.884
NCIH441,PP-30,5.905
RCM1,PP-30,5.911
SUIT2,PP-30,5.928
SKMEL28,PP-30,5.941
HSC2,PP-30,5.943
HEPG2,PP-30,5.955
QGP1,PP-30,5.965
NCIH1930,PP-30,5.99
HCT116,PP-30,5.994
RPMI8226,PP-30,5.999
KLE,PP-30,6.007
NCIH841,PP-30,6.032
NCIH661,PP-30,6.038
CORL88,PP-30,6.058
CALU6,PP-30,6.066
NCIH2172,PP-30,6.067
HEC59,PP-30,6.076
HPAC,PP-30,6.086
LS123,PP-30,6.097
CORL23,PP-30,6.106
OV7,PP-30,6.108
SHP77,PP-30,6.128
T3M10,PP-30,6.128
RCC10RGB,PP-30,6.149
HCC4006,PP-30,6.162
OAW42,PP-30,6.18
JHOC5,PP-30,6.18
HEC251,PP-30,6.199
SNUC5,PP-30,6.2
HCC1195,PP-30,6.237
COV318,PP-30,6.256
OV90,PP-30,6.264
MKN74,PP-30,6.294
A375,PP-30,6.308
MC116,PP-30,6.316
KMBC2,PP-30,6.338
SQ1,PP-30,6.37
SW620,PP-30,6.379
SH10TC,PP-30,6.406
CW2,PP-30,6.415
NCIH460,PP-30,6.456
SNU1040,PP-30,6.466
NCIH2023,PP-30,6.575
NUGC4,PP-30,6.578
LN229,PP-30,6.59
NCIH1915,PP-30,6.617
NCIH3255,PP-30,6.622
HCT8,PP-30,6.638
RKO,PP-30,6.654
KYSE450,PP-30,6.683
JHOS4,PP-30,6.707
SNGM,PP-30,6.764
HCC33,PP-30,6.782
NCIH1105,PP-30,6.841
NCIH1437,PP-30,6.843
HCC1359,PP-30,6.898
U937,PP-30,6.933
SNU61,PP-30,6.998
LU65,PP-30,7.07
JHH6,PP-30,7.191
DV90,PP-30,7.887
NUDUL1,PRIMA-1,0.68
NCIH1963,PRIMA-1,1.134
GDM1,PRIMA-1,2.144
SKM1,PRIMA-1,2.452
SUDHL5,PRIMA-1,2.492
NCIH1876,PRIMA-1,2.595
OVK18,PRIMA-1,2.633
KMS11,PRIMA-1,2.929
LP1,PRIMA-1,3.055
WSUDLCL2,PRIMA-1,3.074
OCIAML3,PRIMA-1,3.161
PL21,PRIMA-1,3.21
CW2,PRIMA-1,3.341
SUDHL4,PRIMA-1,3.346
COLO678,PRIMA-1,3.452
COLO320,PRIMA-1,3.455
NCIH1694,PRIMA-1,3.489
HEC151,PRIMA-1,3.739
NOMO1,PRIMA-1,3.936
OVCAR4,PRIMA-1,3.949
NCIH1836,PRIMA-1,4.055
NCIH1105,PRIMA-1,4.225
SNUC5,PRIMA-1,4.378
HCT116,PRIMA-1,4.514
OVCAR8,PRIMA-1,4.526
SKMEL1,PRIMA-1,4.616
CORL23,PRIMA-1,4.619
COV434,PRIMA-1,4.666
NCIH2110,PRIMA-1,4.722
LS123,PRIMA-1,4.725
THP1,PRIMA-1,4.725
OCILY10,PRIMA-1,4.735
EFO27,PRIMA-1,4.773
COV644,PRIMA-1,4.817
EJM,PRIMA-1,4.938
RMUGS,PRIMA-1,4.954
RCC10RGB,PRIMA-1,4.969
RPMI8226,PRIMA-1,5.071
NCIH2342,PRIMA-1,5.101
RMGI,PRIMA-1,5.108
RKO,PRIMA-1,5.19
SNU81,PRIMA-1,5.198
SNU398,PRIMA-1,5.213
U937,PRIMA-1,5.312
SNU175,PRIMA-1,5.314
OVKATE,PRIMA-1,5.323
JHOC5,PRIMA-1,5.348
NCIH3255,PRIMA-1,5.453
SCLC21H,PRIMA-1,5.58
HCC2935,PRIMA-1,5.584
T3M10,PRIMA-1,5.654
MCF7,PRIMA-1,5.822
A2780,PRIMA-1,5.828
SNU840,PRIMA-1,5.867
JHUEM2,PRIMA-1,5.905
NCIH2081,PRIMA-1,5.912
KM12,PRIMA-1,5.965
TYKNU,PRIMA-1,6.107
HCC4006,PRIMA-1,6.126
SW948,PRIMA-1,6.178
NCIH508,PRIMA-1,6.187
RCM1,PRIMA-1,6.208
NCIH841,PRIMA-1,6.226
NCIH1781,PRIMA-1,6.254
NCIH596,PRIMA-1,6.318
IGROV1,PRIMA-1,6.358
HCC1833,PRIMA-1,6.37
RKN,PRIMA-1,6.473
CAOV3,PRIMA-1,6.503
HCC1359,PRIMA-1,6.511
HCC827,PRIMA-1,6.526
LN229,PRIMA-1,6.548
LOVO,PRIMA-1,6.566
OV90,PRIMA-1,6.568
CL40,PRIMA-1,6.588
SQ1,PRIMA-1,6.589
NCIH2122,PRIMA-1,6.592
SW480,PRIMA-1,6.594
HCC1195,PRIMA-1,6.601
HCC2108,PRIMA-1,6.617
MDST8,PRIMA-1,6.637
JHOM1,PRIMA-1,6.679
SKMEL28,PRIMA-1,6.687
SKLU1,PRIMA-1,6.696
CL34,PRIMA-1,6.702
NCIH441,PRIMA-1,6.707
HCC15,PRIMA-1,6.729
LS180,PRIMA-1,6.73
HT55,PRIMA-1,6.748
NCIH2172,PRIMA-1,6.776
MOLM16,PRIMA-1,6.777
A375,PRIMA-1,6.782
SNU1040,PRIMA-1,6.785
SNU61,PRIMA-1,6.846
COV362,PRIMA-1,6.857
NCIH1755,PRIMA-1,6.87
NCIH2141,PRIMA-1,6.873
SKMEL5,PRIMA-1,6.891
SW620,PRIMA-1,6.967
HCT8,PRIMA-1,6.968
SNUC4,PRIMA-1,6.987
HT115,PRIMA-1,6.994
NCIH2030,PRIMA-1,7.054
AGS,PRIMA-1,7.066
CAL12T,PRIMA-1,7.071
SCC9,PRIMA-1,7.095
CORL51,PRIMA-1,7.102
NCIH2023,PRIMA-1,7.11
NCIH460,PRIMA-1,7.134
OV7,PRIMA-1,7.149
HT1080,PRIMA-1,7.282
HEPG2,PRIMA-1,7.568
HT29,PRIMA-1,7.731
AMO1,PRIMA-1,7.736
OAW42,PRIMA-1,8.014
NCIH1963,PRIMA-1-Met,1.406
NUDUL1,PRIMA-1-Met,1.774
SUDHL5,PRIMA-1-Met,3.017
GDM1,PRIMA-1-Met,3.084
OVK18,PRIMA-1-Met,3.161
NCIH1876,PRIMA-1-Met,3.297
SUDHL4,PRIMA-1-Met,3.486
SKM1,PRIMA-1-Met,3.501
PL21,PRIMA-1-Met,3.655
KMS11,PRIMA-1-Met,3.702
WSUDLCL2,PRIMA-1-Met,3.735
OCIAML3,PRIMA-1-Met,3.796
COLO320,PRIMA-1-Met,4.001
NCIH1694,PRIMA-1-Met,4.039
COLO678,PRIMA-1-Met,4.107
NCIH1105,PRIMA-1-Met,4.192
RCC10RGB,PRIMA-1-Met,4.203
CW2,PRIMA-1-Met,4.228
HEC151,PRIMA-1-Met,4.283
HCT116,PRIMA-1-Met,4.335
NOMO1,PRIMA-1-Met,4.35
SKMEL1,PRIMA-1-Met,4.584
THP1,PRIMA-1-Met,4.631
RKO,PRIMA-1-Met,4.657
CORL23,PRIMA-1-Met,4.667
NCIH1836,PRIMA-1-Met,4.734
OVCAR8,PRIMA-1-Met,4.863
SNUC5,PRIMA-1-Met,4.875
EFO27,PRIMA-1-Met,4.944
RMGI,PRIMA-1-Met,4.996
LS123,PRIMA-1-Met,5.071
COV644,PRIMA-1-Met,5.075
OVCAR4,PRIMA-1-Met,5.099
NCIH2110,PRIMA-1-Met,5.101
BL70,PRIMA-1-Met,5.117
EJM,PRIMA-1-Met,5.173
CL34,PRIMA-1-Met,5.192
JHUEM2,PRIMA-1-Met,5.295
LP1,PRIMA-1-Met,5.334
RPMI8226,PRIMA-1-Met,5.406
JHOC5,PRIMA-1-Met,5.48
RMUGS,PRIMA-1-Met,5.571
AGS,PRIMA-1-Met,5.595
SW948,PRIMA-1-Met,5.623
HT55,PRIMA-1-Met,5.691
NCIH2342,PRIMA-1-Met,5.762
NCIH2141,PRIMA-1-Met,5.793
NCIH508,PRIMA-1-Met,5.812
COLO668,PRIMA-1-Met,5.837
OCILY10,PRIMA-1-Met,5.887
SCLC21H,PRIMA-1-Met,5.915
ISHIKAWAHERAKLIO02ER,PRIMA-1-Met,5.947
A2780,PRIMA-1-Met,5.989
NCIH1435,PRIMA-1-Met,5.999
NCIH2122,PRIMA-1-Met,6.013
MCF7,PRIMA-1-Met,6.014
SNU175,PRIMA-1-Met,6.018
KM12,PRIMA-1-Met,6.035
HCC1833,PRIMA-1-Met,6.063
T3M10,PRIMA-1-Met,6.073
COV434,PRIMA-1-Met,6.074
HCC1359,PRIMA-1-Met,6.076
LOVO,PRIMA-1-Met,6.082
NCIH596,PRIMA-1-Met,6.097
HCC2935,PRIMA-1-Met,6.102
NCIH2023,PRIMA-1-Met,6.143
SNU840,PRIMA-1-Met,6.172
RCM1,PRIMA-1-Met,6.179
SCC9,PRIMA-1-Met,6.253
HEC108,PRIMA-1-Met,6.255
PATU8902,PRIMA-1-Met,6.262
NCIH441,PRIMA-1-Met,6.265
CAL12T,PRIMA-1-Met,6.288
SNGM,PRIMA-1-Met,6.291
HCC4006,PRIMA-1-Met,6.292
LN229,PRIMA-1-Met,6.307
TYKNU,PRIMA-1-Met,6.325
SNU81,PRIMA-1-Met,6.327
HCT8,PRIMA-1-Met,6.348
RKN,PRIMA-1-Met,6.35
NCIH2286,PRIMA-1-Met,6.352
SNU61,PRIMA-1-Met,6.366
LXF289,PRIMA-1-Met,6.386
LS180,PRIMA-1-Met,6.433
HT115,PRIMA-1-Met,6.435
JHOS4,PRIMA-1-Met,6.443
HT29,PRIMA-1-Met,6.445
NCIH1781,PRIMA-1-Met,6.458
PC3,PRIMA-1-Met,6.467
SNU449,PRIMA-1-Met,6.526
A375,PRIMA-1-Met,6.532
HT1080,PRIMA-1-Met,6.549
COV362,PRIMA-1-Met,6.561
HEPG2,PRIMA-1-Met,6.563
OV7,PRIMA-1-Met,6.571
NCIH2081,PRIMA-1-Met,6.574
U2OS,PRIMA-1-Met,6.587
SNU398,PRIMA-1-Met,6.587
CL40,PRIMA-1-Met,6.62
HCC1195,PRIMA-1-Met,6.622
NCIH3255,PRIMA-1-Met,6.632
OVKATE,PRIMA-1-Met,6.638
JHOM1,PRIMA-1-Met,6.646
SKMEL5,PRIMA-1-Met,6.668
NCIH841,PRIMA-1-Met,6.673
MKN74,PRIMA-1-Met,6.678
CAOV3,PRIMA-1-Met,6.69
SNUC4,PRIMA-1-Met,6.712
OV90,PRIMA-1-Met,6.715
NCIH1930,PRIMA-1-Met,6.716
SKMEL28,PRIMA-1-Met,6.732
NCIH2030,PRIMA-1-Met,6.742
HEC59,PRIMA-1-Met,6.745
SNU1040,PRIMA-1-Met,6.751
NCIH1755,PRIMA-1-Met,6.76
SW480,PRIMA-1-Met,6.789
MDST8,PRIMA-1-Met,6.8
NCIH2172,PRIMA-1-Met,6.814
KLE,PRIMA-1-Met,6.821
HCC15,PRIMA-1-Met,6.822
NCIH1915,PRIMA-1-Met,6.824
HS852T,PRIMA-1-Met,6.83
SW620,PRIMA-1-Met,6.859
HCC827,PRIMA-1-Met,6.889
SKLU1,PRIMA-1-Met,6.89
IGROV1,PRIMA-1-Met,6.902
COV318,PRIMA-1-Met,6.903
SQ1,PRIMA-1-Met,6.904
NCIH460,PRIMA-1-Met,6.94
OVMANA,PRIMA-1-Met,6.968
GAMG,PRIMA-1-Met,6.978
JHH6,PRIMA-1-Met,7.067
HCC2108,PRIMA-1-Met,7.092
RERFLCKJ,PRIMA-1-Met,7.136
MOLM16,PRIMA-1-Met,7.136
OAW42,PRIMA-1-Met,7.247
U937,PRIMA-1-Met,7.502
AMO1,PRIMA-1-Met,7.608
CORL51,PRIMA-1-Met,7.697
SW620,PRL-3 Inhibitor I,2.547
SW480,PRL-3 Inhibitor I,2.565
NCIH2030,PRL-3 Inhibitor I,2.957
NCIH2342,PRL-3 Inhibitor I,3.193
HEC151,PRL-3 Inhibitor I,3.349
GDM1,PRL-3 Inhibitor I,3.401
NCIH2081,PRL-3 Inhibitor I,3.427
LP1,PRL-3 Inhibitor I,3.506
HCC2108,PRL-3 Inhibitor I,3.531
COV434,PRL-3 Inhibitor I,3.64
RPMI8226,PRL-3 Inhibitor I,3.675
NCIH841,PRL-3 Inhibitor I,3.691
OV90,PRL-3 Inhibitor I,3.858
OVCAR8,PRL-3 Inhibitor I,3.941
SUDHL5,PRL-3 Inhibitor I,3.964
SKM1,PRL-3 Inhibitor I,4.07
U937,PRL-3 Inhibitor I,4.138
NCIH1963,PRL-3 Inhibitor I,4.142
OVKATE,PRL-3 Inhibitor I,4.146
NCIH460,PRL-3 Inhibitor I,4.173
NCIH2023,PRL-3 Inhibitor I,4.257
JHUEM2,PRL-3 Inhibitor I,4.286
PL21,PRL-3 Inhibitor I,4.294
COLO320,PRL-3 Inhibitor I,4.416
KMS11,PRL-3 Inhibitor I,4.474
T3M10,PRL-3 Inhibitor I,4.51
OVK18,PRL-3 Inhibitor I,4.522
WSUDLCL2,PRL-3 Inhibitor I,4.54
NCIH1836,PRL-3 Inhibitor I,4.55
A2780,PRL-3 Inhibitor I,4.593
SKMEL5,PRL-3 Inhibitor I,4.841
RMUGS,PRL-3 Inhibitor I,4.892
NCIH1876,PRL-3 Inhibitor I,4.951
NCIH2110,PRL-3 Inhibitor I,4.961
HCC1833,PRL-3 Inhibitor I,5.011
HCC827,PRL-3 Inhibitor I,5.019
NCIH2141,PRL-3 Inhibitor I,5.104
RCM1,PRL-3 Inhibitor I,5.109
NCIH596,PRL-3 Inhibitor I,5.113
NCIH2122,PRL-3 Inhibitor I,5.167
TYKNU,PRL-3 Inhibitor I,5.17
OVCAR4,PRL-3 Inhibitor I,5.185
NCIH2172,PRL-3 Inhibitor I,5.199
NCIH3255,PRL-3 Inhibitor I,5.25
JHOC5,PRL-3 Inhibitor I,5.252
IGROV1,PRL-3 Inhibitor I,5.258
SKLU1,PRL-3 Inhibitor I,5.292
HCC1195,PRL-3 Inhibitor I,5.325
JHOM1,PRL-3 Inhibitor I,5.339
SNU840,PRL-3 Inhibitor I,5.361
MCF7,PRL-3 Inhibitor I,5.405
NCIH1694,PRL-3 Inhibitor I,5.425
RMGI,PRL-3 Inhibitor I,5.467
HEPG2,PRL-3 Inhibitor I,5.478
SNU1040,PRL-3 Inhibitor I,5.481
SNU398,PRL-3 Inhibitor I,5.499
HT55,PRL-3 Inhibitor I,5.523
NCIH1755,PRL-3 Inhibitor I,5.54
SNU61,PRL-3 Inhibitor I,5.577
NOMO1,PRL-3 Inhibitor I,5.642
CW2,PRL-3 Inhibitor I,5.643
EFO27,PRL-3 Inhibitor I,5.646
HT1080,PRL-3 Inhibitor I,5.703
SNUC5,PRL-3 Inhibitor I,5.733
A375,PRL-3 Inhibitor I,5.757
SNUC4,PRL-3 Inhibitor I,5.777
HCT116,PRL-3 Inhibitor I,5.777
RKN,PRL-3 Inhibitor I,5.822
OCIAML3,PRL-3 Inhibitor I,5.902
SCC9,PRL-3 Inhibitor I,5.928
LN229,PRL-3 Inhibitor I,5.934
NUDUL1,PRL-3 Inhibitor I,5.959
HCC4006,PRL-3 Inhibitor I,5.972
COV362,PRL-3 Inhibitor I,6.083
SNU81,PRL-3 Inhibitor I,6.089
SUDHL4,PRL-3 Inhibitor I,6.116
KM12,PRL-3 Inhibitor I,6.13
LS123,PRL-3 Inhibitor I,6.131
THP1,PRL-3 Inhibitor I,6.184
CAL12T,PRL-3 Inhibitor I,6.195
NCIH1781,PRL-3 Inhibitor I,6.214
HT115,PRL-3 Inhibitor I,6.247
SW948,PRL-3 Inhibitor I,6.253
NCIH441,PRL-3 Inhibitor I,6.296
HT29,PRL-3 Inhibitor I,6.32
OCILY10,PRL-3 Inhibitor I,6.334
EJM,PRL-3 Inhibitor I,6.396
CAOV3,PRL-3 Inhibitor I,6.429
HCC2935,PRL-3 Inhibitor I,6.441
OV7,PRL-3 Inhibitor I,6.463
COLO678,PRL-3 Inhibitor I,6.496
HCC15,PRL-3 Inhibitor I,6.53
HCT8,PRL-3 Inhibitor I,6.539
SQ1,PRL-3 Inhibitor I,6.567
RCC10RGB,PRL-3 Inhibitor I,6.584
SKMEL28,PRL-3 Inhibitor I,6.593
LS180,PRL-3 Inhibitor I,6.601
MDST8,PRL-3 Inhibitor I,6.634
MOLM16,PRL-3 Inhibitor I,6.652
SKMEL1,PRL-3 Inhibitor I,6.669
AMO1,PRL-3 Inhibitor I,6.816
SNU175,PRL-3 Inhibitor I,6.843
OAW42,PRL-3 Inhibitor I,6.877
CORL23,PRL-3 Inhibitor I,6.99
NCIH508,PRL-3 Inhibitor I,7.081
CL34,PRL-3 Inhibitor I,7.135
CORL51,PRL-3 Inhibitor I,7.159
RKO,PRL-3 Inhibitor I,7.174
SCLC21H,PRL-3 Inhibitor I,7.22
AGS,PRL-3 Inhibitor I,7.311
LOVO,PRL-3 Inhibitor I,7.32
CL40,PRL-3 Inhibitor I,7.501
COV644,PRL-3 Inhibitor I,7.545
HCC1359,PRL-3 Inhibitor I,7.727
NCIH1105,PRL-3 Inhibitor I,8.021
WSUDLCL2,purmorphamine,1.368
PL21,purmorphamine,2.193
GDM1,purmorphamine,2.41
SCLC21H,purmorphamine,2.58
KM12,purmorphamine,2.849
U937,purmorphamine,2.926
THP1,purmorphamine,3.378
OVKATE,purmorphamine,3.413
NCIH1963,purmorphamine,3.424
KMS11,purmorphamine,3.98
SNUC5,purmorphamine,4.015
SW480,purmorphamine,4.138
RMUGS,purmorphamine,4.2
MOLM16,purmorphamine,4.245
COLO320,purmorphamine,4.407
RPMI8226,purmorphamine,4.41
OVCAR4,purmorphamine,4.441
SW620,purmorphamine,4.45
OV90,purmorphamine,4.815
SKM1,purmorphamine,4.832
JHUEM2,purmorphamine,4.843
CW2,purmorphamine,4.859
NCIH2110,purmorphamine,4.862
NOMO1,purmorphamine,4.924
OCIAML3,purmorphamine,4.989
HT1080,purmorphamine,5.033
HEC151,purmorphamine,5.05
NCIH2342,purmorphamine,5.098
OVCAR8,purmorphamine,5.1
SNUC4,purmorphamine,5.133
NUDUL1,purmorphamine,5.144
SUDHL4,purmorphamine,5.148
MCF7,purmorphamine,5.216
HCC1833,purmorphamine,5.285
NCIH2081,purmorphamine,5.477
LS180,purmorphamine,5.477
NCIH2122,purmorphamine,5.489
HCC4006,purmorphamine,5.492
NCIH3255,purmorphamine,5.507
JHOM1,purmorphamine,5.509
NCIH508,purmorphamine,5.516
SKLU1,purmorphamine,5.535
SUDHL5,purmorphamine,5.557
LOVO,purmorphamine,5.566
RCM1,purmorphamine,5.596
RMGI,purmorphamine,5.635
HCT116,purmorphamine,5.638
NCIH2172,purmorphamine,5.645
LN229,purmorphamine,5.648
SNU61,purmorphamine,5.683
COLO678,purmorphamine,5.712
LP1,purmorphamine,5.714
SNU81,purmorphamine,5.716
COV434,purmorphamine,5.74
EJM,purmorphamine,5.821
NCIH596,purmorphamine,5.829
TYKNU,purmorphamine,5.838
HCC2108,purmorphamine,5.843
T3M10,purmorphamine,5.844
SW948,purmorphamine,5.891
HCC827,purmorphamine,5.915
NCIH1876,purmorphamine,5.961
A2780,purmorphamine,5.975
NCIH1836,purmorphamine,5.998
OVK18,purmorphamine,6.034
SNU840,purmorphamine,6.042
CL34,purmorphamine,6.081
SNU175,purmorphamine,6.115
HCC15,purmorphamine,6.142
JHOC5,purmorphamine,6.172
SNU1040,purmorphamine,6.184
IGROV1,purmorphamine,6.207
AMO1,purmorphamine,6.217
NCIH1105,purmorphamine,6.258
HCC2935,purmorphamine,6.263
LS123,purmorphamine,6.265
SQ1,purmorphamine,6.337
SNU398,purmorphamine,6.345
RKO,purmorphamine,6.352
CAL12T,purmorphamine,6.371
HT55,purmorphamine,6.42
MDST8,purmorphamine,6.437
OCILY10,purmorphamine,6.441
NCIH1694,purmorphamine,6.448
NCIH841,purmorphamine,6.539
RKN,purmorphamine,6.55
SKMEL5,purmorphamine,6.564
HCT8,purmorphamine,6.598
EFO27,purmorphamine,6.599
COV644,purmorphamine,6.602
NCIH441,purmorphamine,6.605
HT29,purmorphamine,6.654
RCC10RGB,purmorphamine,6.672
HEPG2,purmorphamine,6.68
NCIH2023,purmorphamine,6.827
HCC1195,purmorphamine,6.835
CL40,purmorphamine,6.837
NCIH1755,purmorphamine,6.846
NCIH2030,purmorphamine,6.885
CORL51,purmorphamine,6.948
HT115,purmorphamine,7.027
NCIH460,purmorphamine,7.045
CAOV3,purmorphamine,7.08
NCIH2141,purmorphamine,7.2
A375,purmorphamine,7.251
SKMEL1,purmorphamine,7.284
OV7,purmorphamine,7.37
COV362,purmorphamine,7.49
CORL23,purmorphamine,7.744
SCC9,purmorphamine,7.762
OAW42,purmorphamine,7.767
NCIH1781,purmorphamine,8.207
SKMEL28,purmorphamine,8.3
AGS,purmorphamine,8.396
HCC1359,purmorphamine,8.822
PL21,PX-12,0.38
NUDUL1,PX-12,0.491
NOMO1,PX-12,0.516
GDM1,PX-12,0.766
SUDHL5,PX-12,1.148
RKO,PX-12,1.259
OCIAML3,PX-12,1.336
WSUDLCL2,PX-12,1.448
OVK18,PX-12,1.601
SNUC5,PX-12,1.679
SNU175,PX-12,1.782
NCIH1694,PX-12,1.859
NCIH1876,PX-12,1.883
THP1,PX-12,1.894
NCIH1836,PX-12,2.005
CW2,PX-12,2.057
HCT116,PX-12,2.095
NCIH1105,PX-12,2.111
EJM,PX-12,2.226
KM12,PX-12,2.362
U937,PX-12,2.373
SKM1,PX-12,2.396
SW948,PX-12,2.473
SNU81,PX-12,2.483
SUDHL4,PX-12,2.51
COV434,PX-12,2.549
CORL23,PX-12,2.582
SNUC4,PX-12,2.59
NCIH508,PX-12,2.869
RMUGS,PX-12,2.913
A375,PX-12,2.955
NCIH596,PX-12,3.002
MOLM16,PX-12,3.006
RPMI8226,PX-12,3.068
SNU61,PX-12,3.13
LOVO,PX-12,3.136
SNU840,PX-12,3.185
HT115,PX-12,3.195
SKMEL1,PX-12,3.24
HCC1359,PX-12,3.281
TYKNU,PX-12,3.287
JHUEM2,PX-12,3.29
NCIH2342,PX-12,3.322
MCF7,PX-12,3.332
EFO27,PX-12,3.343
CL34,PX-12,3.368
COLO678,PX-12,3.383
HT55,PX-12,3.465
COLO320,PX-12,3.504
OV90,PX-12,3.653
LN229,PX-12,3.692
CL40,PX-12,3.696
MDST8,PX-12,3.756
HCC4006,PX-12,3.85
NCIH2081,PX-12,3.853
LS123,PX-12,3.86
NCIH441,PX-12,3.862
NCIH1781,PX-12,3.944
RMGI,PX-12,3.951
SKMEL5,PX-12,3.964
RCM1,PX-12,4.008
COV644,PX-12,4.053
HCC15,PX-12,4.077
NCIH841,PX-12,4.137
HCT8,PX-12,4.272
SW620,PX-12,4.293
HCC2935,PX-12,4.303
T3M10,PX-12,4.324
SKLU1,PX-12,4.334
HCC2108,PX-12,4.415
CAOV3,PX-12,4.552
HCC827,PX-12,4.568
CAL12T,PX-12,4.713
HCC1833,PX-12,4.714
JHOC5,PX-12,4.76
SQ1,PX-12,4.776
SW480,PX-12,4.862
JHOM1,PX-12,5.05
HEPG2,PX-12,5.071
NCIH3255,PX-12,5.116
OV7,PX-12,5.18
SNU1040,PX-12,5.203
HCC1195,PX-12,5.217
HT1080,PX-12,5.291
HT29,PX-12,5.472
NCIH2122,PX-12,5.476
NCIH1755,PX-12,5.543
COV362,PX-12,5.642
NCIH2110,PX-12,5.796
OAW42,PX-12,5.982
NCIH2030,PX-12,5.984
NCIH2172,PX-12,6.149
NCIH460,PX-12,6.706
NCIH2023,PX-12,6.931
SKMEL28,PX-12,7.162
SUDHL5,pyrvinium pamoate,0.088
COV434,pyrvinium pamoate,0.136
HEC151,pyrvinium pamoate,0.261
NUDUL1,pyrvinium pamoate,0.307
LS180,pyrvinium pamoate,0.504
NOMO1,pyrvinium pamoate,0.614
AGS,pyrvinium pamoate,0.718
NCIH2342,pyrvinium pamoate,0.976
OVKATE,pyrvinium pamoate,1.036
HCC2108,pyrvinium pamoate,1.092
SCLC21H,pyrvinium pamoate,1.106
SW480,pyrvinium pamoate,1.139
JHUEM2,pyrvinium pamoate,1.176
CL34,pyrvinium pamoate,1.261
SNU398,pyrvinium pamoate,1.293
LN229,pyrvinium pamoate,1.468
SKMEL5,pyrvinium pamoate,1.469
OVCAR8,pyrvinium pamoate,1.474
HCC1833,pyrvinium pamoate,1.519
A375,pyrvinium pamoate,1.557
OVK18,pyrvinium pamoate,1.602
HCC1359,pyrvinium pamoate,1.606
OVCAR4,pyrvinium pamoate,1.608
THP1,pyrvinium pamoate,1.701
NCIH1781,pyrvinium pamoate,1.716
AMO1,pyrvinium pamoate,1.745
CORL51,pyrvinium pamoate,1.786
OCIAML3,pyrvinium pamoate,1.799
SW620,pyrvinium pamoate,1.839
NCIH2122,pyrvinium pamoate,1.901
KMS11,pyrvinium pamoate,1.909
HT115,pyrvinium pamoate,1.931
WSUDLCL2,pyrvinium pamoate,1.946
SKM1,pyrvinium pamoate,1.993
EJM,pyrvinium pamoate,2.1
A2780,pyrvinium pamoate,2.165
TYKNU,pyrvinium pamoate,2.32
NCIH596,pyrvinium pamoate,2.386
RMUGS,pyrvinium pamoate,2.508
PL21,pyrvinium pamoate,2.518
OV90,pyrvinium pamoate,2.533
SKMEL28,pyrvinium pamoate,2.553
IGROV1,pyrvinium pamoate,2.574
NCIH1105,pyrvinium pamoate,2.581
RCC10RGB,pyrvinium pamoate,2.66
SKLU1,pyrvinium pamoate,2.675
U937,pyrvinium pamoate,2.688
NCIH1963,pyrvinium pamoate,2.774
CAL12T,pyrvinium pamoate,2.813
NCIH460,pyrvinium pamoate,2.821
JHOC5,pyrvinium pamoate,2.847
NCIH841,pyrvinium pamoate,2.885
CL40,pyrvinium pamoate,2.913
RKO,pyrvinium pamoate,2.934
NCIH508,pyrvinium pamoate,2.945
SUDHL4,pyrvinium pamoate,2.974
RPMI8226,pyrvinium pamoate,2.983
LP1,pyrvinium pamoate,2.992
SNU175,pyrvinium pamoate,3.029
OCILY10,pyrvinium pamoate,3.077
HCC2935,pyrvinium pamoate,3.184
NCIH1876,pyrvinium pamoate,3.216
MCF7,pyrvinium pamoate,3.227
NCIH1694,pyrvinium pamoate,3.248
MOLM16,pyrvinium pamoate,3.254
COV644,pyrvinium pamoate,3.33
HCC15,pyrvinium pamoate,3.342
EFO27,pyrvinium pamoate,3.359
HT1080,pyrvinium pamoate,3.419
T3M10,pyrvinium pamoate,3.492
NCIH441,pyrvinium pamoate,3.504
LOVO,pyrvinium pamoate,3.525
HCT116,pyrvinium pamoate,3.555
HCC4006,pyrvinium pamoate,3.56
GDM1,pyrvinium pamoate,3.589
NCIH2141,pyrvinium pamoate,3.6
NCIH2081,pyrvinium pamoate,3.641
SNUC5,pyrvinium pamoate,3.672
MDST8,pyrvinium pamoate,3.768
SNU840,pyrvinium pamoate,3.854
RCM1,pyrvinium pamoate,3.908
NCIH2030,pyrvinium pamoate,3.937
CAOV3,pyrvinium pamoate,3.949
HCC827,pyrvinium pamoate,3.999
SKMEL1,pyrvinium pamoate,4.053
NCIH1836,pyrvinium pamoate,4.071
HEPG2,pyrvinium pamoate,4.098
NCIH2172,pyrvinium pamoate,4.125
NCIH3255,pyrvinium pamoate,4.228
COLO678,pyrvinium pamoate,4.239
SNUC4,pyrvinium pamoate,4.258
SCC9,pyrvinium pamoate,4.263
NCIH1755,pyrvinium pamoate,4.351
OV7,pyrvinium pamoate,4.378
HT29,pyrvinium pamoate,4.431
RMGI,pyrvinium pamoate,4.456
HT55,pyrvinium pamoate,4.461
KM12,pyrvinium pamoate,4.492
LS123,pyrvinium pamoate,4.558
SNU1040,pyrvinium pamoate,4.562
RKN,pyrvinium pamoate,4.585
HCC1195,pyrvinium pamoate,4.654
OAW42,pyrvinium pamoate,4.722
SQ1,pyrvinium pamoate,4.77
SNU81,pyrvinium pamoate,4.798
JHOM1,pyrvinium pamoate,4.843
COV362,pyrvinium pamoate,4.856
NCIH2110,pyrvinium pamoate,4.997
CORL23,pyrvinium pamoate,5.036
SW948,pyrvinium pamoate,5.092
HCT8,pyrvinium pamoate,5.111
SNU61,pyrvinium pamoate,5.115
NCIH2023,pyrvinium pamoate,5.276
CW2,pyrvinium pamoate,5.392
COLO320,pyrvinium pamoate,5.815
NUDUL1,QS-11,1.908
OCIAML3,QS-11,2.687
SKM1,QS-11,2.7
LS123,QS-11,3.283
NCIH2122,QS-11,3.693
WSUDLCL2,QS-11,3.841
SUDHL5,QS-11,3.991
GDM1,QS-11,4.277
SW948,QS-11,4.432
NCIH2110,QS-11,4.67
HEC151,QS-11,4.742
NCIH2141,QS-11,4.909
THP1,QS-11,4.932
AGS,QS-11,4.934
KMS11,QS-11,4.952
OVCAR4,QS-11,4.955
JHUEM2,QS-11,5.045
NCIH2172,QS-11,5.047
MCF7,QS-11,5.178
RMUGS,QS-11,5.236
RMGI,QS-11,5.253
COV644,QS-11,5.295
NCIH1694,QS-11,5.298
OVK18,QS-11,5.307
LS180,QS-11,5.365
NCIH2081,QS-11,5.383
SKMEL1,QS-11,5.422
CAL12T,QS-11,5.43
U937,QS-11,5.48
LOVO,QS-11,5.485
A375,QS-11,5.521
NCIH1876,QS-11,5.55
LN229,QS-11,5.555
OVKATE,QS-11,5.571
CL40,QS-11,5.578
HEPG2,QS-11,5.584
NCIH596,QS-11,5.6
KM12,QS-11,5.604
RKN,QS-11,5.629
OCILY10,QS-11,5.63
RPMI8226,QS-11,5.655
CORL51,QS-11,5.668
SW480,QS-11,5.694
TYKNU,QS-11,5.702
SNUC4,QS-11,5.784
COLO320,QS-11,5.826
OVCAR8,QS-11,5.831
HCC4006,QS-11,5.845
SNU81,QS-11,5.873
PL21,QS-11,5.888
MDST8,QS-11,5.911
HCT8,QS-11,5.915
SKMEL28,QS-11,5.938
NCIH2342,QS-11,5.964
AMO1,QS-11,6.034
HCC15,QS-11,6.065
NCIH3255,QS-11,6.067
CW2,QS-11,6.079
NCIH841,QS-11,6.081
NCIH1781,QS-11,6.096
A2780,QS-11,6.1
COV434,QS-11,6.116
OAW42,QS-11,6.121
SNUC5,QS-11,6.152
NCIH2030,QS-11,6.181
SKMEL5,QS-11,6.189
SNU840,QS-11,6.191
NCIH1836,QS-11,6.213
JHOM1,QS-11,6.239
COLO678,QS-11,6.24
SNU1040,QS-11,6.242
HT29,QS-11,6.242
SCLC21H,QS-11,6.274
OV7,QS-11,6.299
HCC1195,QS-11,6.305
IGROV1,QS-11,6.327
JHOC5,QS-11,6.33
HCC2108,QS-11,6.362
NCIH508,QS-11,6.363
HT1080,QS-11,6.368
HCT116,QS-11,6.373
HCC2935,QS-11,6.375
T3M10,QS-11,6.386
LP1,QS-11,6.404
NCIH1755,QS-11,6.414
OV90,QS-11,6.461
SNU175,QS-11,6.468
HT55,QS-11,6.485
COV362,QS-11,6.53
SNU61,QS-11,6.603
NCIH1105,QS-11,6.638
SUDHL4,QS-11,6.713
NCIH460,QS-11,6.724
NCIH441,QS-11,6.776
SQ1,QS-11,6.793
CORL23,QS-11,6.806
MOLM16,QS-11,6.824
NCIH2023,QS-11,6.879
HCC827,QS-11,6.892
CAOV3,QS-11,6.905
RCM1,QS-11,6.918
CL34,QS-11,6.986
SNU398,QS-11,7.169
SKLU1,QS-11,7.178
HCC1833,QS-11,7.18
SCC9,QS-11,7.193
SW620,QS-11,7.206
HCC1359,QS-11,7.23
RKO,QS-11,7.23
HT115,QS-11,7.258
RCC10RGB,QS-11,7.52
NOMO1,QS-11,7.535
EJM,QS-11,7.54
EFO27,QS-11,7.566
NCIH1963,QS-11,8.409
NCIH3255,quinoclamine,1.569
SNUC5,quinoclamine,2.071
SKMEL5,quinoclamine,2.078
NCIH1963,quinoclamine,2.275
NCIH23,quinoclamine,2.743
COV434,quinoclamine,2.842
NCIH1781,quinoclamine,2.96
HS852T,quinoclamine,3.033
LS513,quinoclamine,3.041
CAPAN2,quinoclamine,3.067
JHOS4,quinoclamine,3.134
SKM1,quinoclamine,3.145
SNU398,quinoclamine,3.17
NCIH1568,quinoclamine,3.252
KP3,quinoclamine,3.282
NCIH2126,quinoclamine,3.4
LN229,quinoclamine,3.438
GP2D,quinoclamine,3.49
G361,quinoclamine,3.493
LU99,quinoclamine,3.501
HT1376,quinoclamine,3.518
KMS11,quinoclamine,3.527
HCC15,quinoclamine,3.543
PC3,quinoclamine,3.6
HCC1833,quinoclamine,3.631
G401,quinoclamine,3.637
KYSE140,quinoclamine,3.698
VMRCLCD,quinoclamine,3.705
SKMEL1,quinoclamine,3.734
FU97,quinoclamine,3.741
RPMI8226,quinoclamine,3.748
HT,quinoclamine,3.753
NCIH727,quinoclamine,3.756
KE97,quinoclamine,3.834
HCC1195,quinoclamine,3.84
HS936T,quinoclamine,3.848
HEC151,quinoclamine,3.857
SHP77,quinoclamine,3.86
NCIH1836,quinoclamine,3.876
NCIH1666,quinoclamine,3.882
SUDHL5,quinoclamine,3.883
COLO741,quinoclamine,3.908
HS944T,quinoclamine,3.959
JHOM1,quinoclamine,3.965
SW480,quinoclamine,3.977
OVCAR8,quinoclamine,3.993
RCM1,quinoclamine,4.008
NCIH1975,quinoclamine,4.018
DMS273,quinoclamine,4.018
CORL88,quinoclamine,4.027
COLO668,quinoclamine,4.055
NCIH1373,quinoclamine,4.102
SKCO1,quinoclamine,4.114
CHAGOK1,quinoclamine,4.132
NCIH596,quinoclamine,4.147
HT55,quinoclamine,4.149
RT4,quinoclamine,4.161
NCIH441,quinoclamine,4.187
OVK18,quinoclamine,4.189
HEC251,quinoclamine,4.21
C2BBE1,quinoclamine,4.234
NCIH1435,quinoclamine,4.24
LCLC97TM1,quinoclamine,4.242
KNS62,quinoclamine,4.245
LXF289,quinoclamine,4.307
NCIH2029,quinoclamine,4.329
NCIH1573,quinoclamine,4.332
NCIH358,quinoclamine,4.343
NCIH1048,quinoclamine,4.372
NCIH1299,quinoclamine,4.39
NCIH1755,quinoclamine,4.402
KLE,quinoclamine,4.417
MSTO211H,quinoclamine,4.44
NCIH1694,quinoclamine,4.454
T3M10,quinoclamine,4.463
VMRCRCW,quinoclamine,4.464
COLO678,quinoclamine,4.485
HCT116,quinoclamine,4.512
EBC1,quinoclamine,4.52
HSC2,quinoclamine,4.524
HCC2935,quinoclamine,4.533
NCIH28,quinoclamine,4.549
OCIAML3,quinoclamine,4.557
NCIH2110,quinoclamine,4.56
KU812,quinoclamine,4.561
OV7,quinoclamine,4.573
A549,quinoclamine,4.574
KMBC2,quinoclamine,4.593
MCF7,quinoclamine,4.596
NCIH2172,quinoclamine,4.598
NCIH2286,quinoclamine,4.621
EPLC272H,quinoclamine,4.622
KM12,quinoclamine,4.623
PANC0327,quinoclamine,4.629
NCIH2030,quinoclamine,4.633
SCLC21H,quinoclamine,4.693
GAMG,quinoclamine,4.702
NCIH810,quinoclamine,4.721
COV644,quinoclamine,4.724
NCIH522,quinoclamine,4.727
JHUEM2,quinoclamine,4.763
COV362,quinoclamine,4.783
SF295,quinoclamine,4.789
A375,quinoclamine,4.791
HEC265,quinoclamine,4.794
MFE319,quinoclamine,4.803
QGP1,quinoclamine,4.816
DLD1,quinoclamine,4.831
NCIH82,quinoclamine,4.86
KYSE410,quinoclamine,4.87
RMUGS,quinoclamine,4.874
HARA,quinoclamine,4.886
HEPG2,quinoclamine,4.893
SW48,quinoclamine,4.905
HCC33,quinoclamine,4.905
CW2,quinoclamine,4.905
NCIH2009,quinoclamine,4.929
NCIH2342,quinoclamine,4.929
SNU1040,quinoclamine,4.953
CALU6,quinoclamine,4.961
NCIH1105,quinoclamine,4.974
LP1,quinoclamine,4.998
NCIH1930,quinoclamine,4.998
SW620,quinoclamine,5.001
CORL279,quinoclamine,5.018
COLO205,quinoclamine,5.031
PATU8902,quinoclamine,5.037
UMUC3,quinoclamine,5.076
NCIH661,quinoclamine,5.077
CAOV3,quinoclamine,5.079
ISHIKAWAHERAKLIO02ER,quinoclamine,5.079
PANC1005,quinoclamine,5.083
BL70,quinoclamine,5.087
PL21,quinoclamine,5.09
NCIH1876,quinoclamine,5.097
NCIH1355,quinoclamine,5.115
NCIH2122,quinoclamine,5.117
SNUC2A,quinoclamine,5.125
MKN74,quinoclamine,5.138
SNU449,quinoclamine,5.147
HCC2108,quinoclamine,5.148
NCIH2405,quinoclamine,5.149
SH10TC,quinoclamine,5.157
THP1,quinoclamine,5.165
NCIH2081,quinoclamine,5.169
TYKNU,quinoclamine,5.185
OV90,quinoclamine,5.205
HEC6,quinoclamine,5.213
HUPT4,quinoclamine,5.216
A2780,quinoclamine,5.218
AGS,quinoclamine,5.224
NUDUL1,quinoclamine,5.225
SUIT2,quinoclamine,5.232
COLO320,quinoclamine,5.233
NCIH1792,quinoclamine,5.236
GDM1,quinoclamine,5.256
CFPAC1,quinoclamine,5.268
EJM,quinoclamine,5.28
AMO1,quinoclamine,5.287
NOMO1,quinoclamine,5.301
SW403,quinoclamine,5.304
U937,quinoclamine,5.313
HCT8,quinoclamine,5.34
CORL23,quinoclamine,5.342
NCIH1437,quinoclamine,5.346
U2OS,quinoclamine,5.357
5637,quinoclamine,5.36
SNU840,quinoclamine,5.393
OVCAR4,quinoclamine,5.411
LC1SQSF,quinoclamine,5.42
HCC78,quinoclamine,5.444
CORL51,quinoclamine,5.452
NCIH1944,quinoclamine,5.465
HEYA8,quinoclamine,5.473
SKLU1,quinoclamine,5.503
IGROV1,quinoclamine,5.511
HPAC,quinoclamine,5.53
NCIH460,quinoclamine,5.55
NCIH2141,quinoclamine,5.559
CL40,quinoclamine,5.568
HCC4006,quinoclamine,5.568
HCC44,quinoclamine,5.573
SNU61,quinoclamine,5.58
COV318,quinoclamine,5.598
NCIH1915,quinoclamine,5.603
LS123,quinoclamine,5.609
CAL12T,quinoclamine,5.614
NCIH2052,quinoclamine,5.614
RERFLCKJ,quinoclamine,5.622
SUDHL4,quinoclamine,5.63
EFO27,quinoclamine,5.64
P3HR1,quinoclamine,5.655
NCIH841,quinoclamine,5.658
SW948,quinoclamine,5.691
CL34,quinoclamine,5.721
LCLC103H,quinoclamine,5.733
NCIH650,quinoclamine,5.737
JHOC5,quinoclamine,5.757
HCC1359,quinoclamine,5.777
LS180,quinoclamine,5.796
KYSE450,quinoclamine,5.815
RKN,quinoclamine,5.816
MC116,quinoclamine,5.852
CALU3,quinoclamine,5.893
MDST8,quinoclamine,5.898
OAW42,quinoclamine,5.901
WSUDLCL2,quinoclamine,5.907
RMGI,quinoclamine,5.911
NCIH2023,quinoclamine,5.915
RCC10RGB,quinoclamine,5.935
SCC9,quinoclamine,5.946
EFO21,quinoclamine,5.984
HEC108,quinoclamine,6.003
HEC59,quinoclamine,6.014
HT1080,quinoclamine,6.017
SKOV3,quinoclamine,6.043
LS411N,quinoclamine,6.074
LOVO,quinoclamine,6.079
RKO,quinoclamine,6.087
NCIH1793,quinoclamine,6.115
OVKATE,quinoclamine,6.123
SQ1,quinoclamine,6.124
HCC827,quinoclamine,6.136
LU65,quinoclamine,6.199
OCILY10,quinoclamine,6.243
NCIH508,quinoclamine,6.31
JHH6,quinoclamine,6.317
MKN7,quinoclamine,6.354
HT115,quinoclamine,6.412
HT29,quinoclamine,6.438
SNGM,quinoclamine,6.482
SNU81,quinoclamine,6.516
BEN,quinoclamine,6.543
OVMANA,quinoclamine,6.671
MOLM16,quinoclamine,6.867
SNUC4,quinoclamine,7.268
SNU175,quinoclamine,7.326
NUGC4,quinoclamine,7.346
DV90,quinoclamine,7.602
SKMEL28,quinoclamine,8.911
FU97,RITA,0.09
GP2D,RITA,0.243
JHOS4,RITA,0.461
LS180,RITA,0.645
VMRCLCD,RITA,0.67
HEC265,RITA,0.715
NCIH28,RITA,0.932
NCIH1573,RITA,1.127
OVKATE,RITA,1.306
KP3,RITA,1.429
NUGC4,RITA,1.994
NCIH82,RITA,2.005
CORL88,RITA,2.186
CAPAN2,RITA,2.236
HEC251,RITA,2.527
SH10TC,RITA,2.567
NUDUL1,RITA,2.974
BL70,RITA,3.011
KU812,RITA,3.067
NCIH1930,RITA,3.24
NCIH2405,RITA,3.413
NCIH1944,RITA,3.426
EFO21,RITA,3.431
G401,RITA,3.495
NCIH2286,RITA,3.583
CHAGOK1,RITA,3.598
KE97,RITA,3.614
HEC108,RITA,3.682
LS513,RITA,3.746
P3HR1,RITA,3.783
SW48,RITA,3.837
KMS11,RITA,3.968
ISHIKAWAHERAKLIO02ER,RITA,4.064
NCIH1435,RITA,4.102
NCIH1568,RITA,4.112
OVCAR4,RITA,4.155
OVCAR8,RITA,4.156
NCIH1048,RITA,4.274
OVK18,RITA,4.299
COLO205,RITA,4.346
NCIH522,RITA,4.378
LCLC97TM1,RITA,4.424
OCIAML3,RITA,4.429
CL40,RITA,4.446
COLO668,RITA,4.458
HEC59,RITA,4.492
JHOM1,RITA,4.588
AMO1,RITA,4.595
NCIH1105,RITA,4.619
WSUDLCL2,RITA,4.644
SUDHL5,RITA,4.66
DMS273,RITA,4.718
NCIH1963,RITA,4.727
GDM1,RITA,4.779
HEYA8,RITA,4.783
LXF289,RITA,4.815
SHP77,RITA,4.825
CW2,RITA,4.831
HEC151,RITA,4.879
NCIH23,RITA,4.889
MC116,RITA,4.897
HCC78,RITA,4.939
JHUEM2,RITA,4.941
SKM1,RITA,4.963
IGROV1,RITA,4.966
NCIH1694,RITA,4.967
MSTO211H,RITA,4.995
HEPG2,RITA,5.062
HEC6,RITA,5.156
NCIH2029,RITA,5.219
NCIH2342,RITA,5.266
MCF7,RITA,5.344
COLO320,RITA,5.346
DLD1,RITA,5.347
HCC4006,RITA,5.356
NCIH810,RITA,5.367
NCIH727,RITA,5.37
CORL51,RITA,5.382
OV90,RITA,5.415
HT,RITA,5.437
COLO741,RITA,5.447
PC3,RITA,5.484
SCLC21H,RITA,5.491
NCIH1437,RITA,5.493
LC1SQSF,RITA,5.507
KLE,RITA,5.525
SKCO1,RITA,5.534
RT4,RITA,5.548
COV434,RITA,5.577
NCIH1876,RITA,5.591
LU99,RITA,5.602
CALU6,RITA,5.607
HS852T,RITA,5.656
AGS,RITA,5.686
NCIH596,RITA,5.713
PANC1005,RITA,5.737
HT115,RITA,5.757
SNU81,RITA,5.791
HSC2,RITA,5.798
NCIH1299,RITA,5.841
SNGM,RITA,5.845
LP1,RITA,5.867
COV644,RITA,5.871
SNUC5,RITA,5.97
KYSE140,RITA,5.998
PL21,RITA,6.027
SNU175,RITA,6.044
SUIT2,RITA,6.045
THP1,RITA,6.046
NOMO1,RITA,6.047
NCIH2009,RITA,6.057
RMUGS,RITA,6.067
HT1376,RITA,6.069
EFO27,RITA,6.071
HCC15,RITA,6.075
MFE319,RITA,6.095
PANC0327,RITA,6.097
NCIH1975,RITA,6.111
PATU8902,RITA,6.111
5637,RITA,6.128
EJM,RITA,6.146
NCIH508,RITA,6.174
HCC33,RITA,6.213
OAW42,RITA,6.224
EPLC272H,RITA,6.249
COLO678,RITA,6.25
SNU398,RITA,6.251
NCIH661,RITA,6.29
SF295,RITA,6.292
SNU840,RITA,6.297
NCIH1836,RITA,6.304
A549,RITA,6.309
RKO,RITA,6.325
HCT116,RITA,6.339
NCIH358,RITA,6.343
RMGI,RITA,6.345
LOVO,RITA,6.348
UMUC3,RITA,6.36
A2780,RITA,6.377
SW480,RITA,6.38
A375,RITA,6.434
EBC1,RITA,6.451
LCLC103H,RITA,6.456
NCIH3255,RITA,6.459
NCIH1781,RITA,6.476
KNS62,RITA,6.491
TYKNU,RITA,6.501
SKMEL1,RITA,6.513
KM12,RITA,6.518
G361,RITA,6.522
MKN7,RITA,6.525
KMBC2,RITA,6.525
OVMANA,RITA,6.527
CL34,RITA,6.545
LS123,RITA,6.565
NCIH1373,RITA,6.566
SNUC4,RITA,6.595
CAOV3,RITA,6.602
RPMI8226,RITA,6.602
LN229,RITA,6.622
RERFLCKJ,RITA,6.624
SW948,RITA,6.649
NCIH1792,RITA,6.653
OCILY10,RITA,6.664
C2BBE1,RITA,6.667
HARA,RITA,6.671
SNU61,RITA,6.672
HCC1195,RITA,6.674
SNU449,RITA,6.676
GAMG,RITA,6.678
SKOV3,RITA,6.682
NCIH1666,RITA,6.721
QGP1,RITA,6.734
DV90,RITA,6.75
NCIH1915,RITA,6.755
OV7,RITA,6.782
SW403,RITA,6.792
KYSE410,RITA,6.808
SKLU1,RITA,6.814
HS936T,RITA,6.816
SNUC2A,RITA,6.825
NCIH2172,RITA,6.846
HPAC,RITA,6.854
CORL279,RITA,6.856
CFPAC1,RITA,6.868
NCIH2081,RITA,6.88
JHOC5,RITA,6.898
NCIH2052,RITA,6.899
HS944T,RITA,6.9
HT1080,RITA,6.909
RKN,RITA,6.91
SW620,RITA,6.919
HUPT4,RITA,6.92
BEN,RITA,6.922
SQ1,RITA,6.924
SUDHL4,RITA,6.931
LS411N,RITA,6.945
NCIH650,RITA,6.95
CORL23,RITA,6.954
SKMEL28,RITA,6.962
COV318,RITA,6.962
NCIH1355,RITA,6.974
VMRCRCW,RITA,6.979
NCIH841,RITA,6.982
U937,RITA,6.984
HT55,RITA,6.984
T3M10,RITA,7
HCC44,RITA,7.012
U2OS,RITA,7.03
HCC2935,RITA,7.061
HCC1833,RITA,7.063
NCIH2122,RITA,7.078
MDST8,RITA,7.088
KYSE450,RITA,7.088
NCIH2126,RITA,7.095
MKN74,RITA,7.096
RCC10RGB,RITA,7.117
HCC827,RITA,7.122
CAL12T,RITA,7.144
NCIH460,RITA,7.167
MOLM16,RITA,7.173
HCC1359,RITA,7.226
HCC2108,RITA,7.233
LU65,RITA,7.241
SNU1040,RITA,7.248
NCIH2030,RITA,7.253
HT29,RITA,7.258
NCIH1793,RITA,7.26
COV362,RITA,7.27
RCM1,RITA,7.277
CALU3,RITA,7.284
SKMEL5,RITA,7.33
HCT8,RITA,7.336
NCIH2110,RITA,7.354
NCIH441,RITA,7.384
SCC9,RITA,7.436
JHH6,RITA,7.482
NCIH2023,RITA,7.511
NCIH2141,RITA,7.699
NCIH1755,RITA,7.771
NCIH1963,Ro-28-1675,1.735
GDM1,Ro-28-1675,1.775
SKM1,Ro-28-1675,2.077
NCIH596,Ro-28-1675,2.579
HEC151,Ro-28-1675,2.598
RPMI8226,Ro-28-1675,2.668
PL21,Ro-28-1675,2.675
OCIAML3,Ro-28-1675,2.746
OVCAR4,Ro-28-1675,2.791
NOMO1,Ro-28-1675,2.864
OVK18,Ro-28-1675,2.954
U937,Ro-28-1675,3.013
KMS11,Ro-28-1675,3.041
OVCAR8,Ro-28-1675,3.072
A2780,Ro-28-1675,3.09
NCIH2342,Ro-28-1675,3.122
NCIH2122,Ro-28-1675,3.143
HCT116,Ro-28-1675,3.202
T3M10,Ro-28-1675,3.218
JHUEM2,Ro-28-1675,3.221
HCC15,Ro-28-1675,3.238
SNU840,Ro-28-1675,3.251
SNUC4,Ro-28-1675,3.264
RMUGS,Ro-28-1675,3.32
HCC2108,Ro-28-1675,3.335
NCIH841,Ro-28-1675,3.368
OV90,Ro-28-1675,3.39
THP1,Ro-28-1675,3.419
HCT8,Ro-28-1675,3.475
SCLC21H,Ro-28-1675,3.483
HT1080,Ro-28-1675,3.484
WSUDLCL2,Ro-28-1675,3.551
COV434,Ro-28-1675,3.598
TYKNU,Ro-28-1675,3.645
JHOM1,Ro-28-1675,3.662
SW620,Ro-28-1675,3.71
CW2,Ro-28-1675,3.71
LOVO,Ro-28-1675,3.727
RMGI,Ro-28-1675,3.76
SW480,Ro-28-1675,3.769
OVKATE,Ro-28-1675,3.81
MOLM16,Ro-28-1675,3.813
LP1,Ro-28-1675,3.834
IGROV1,Ro-28-1675,3.841
COLO678,Ro-28-1675,3.853
SUDHL5,Ro-28-1675,3.889
SNU1040,Ro-28-1675,3.959
RCM1,Ro-28-1675,3.96
AGS,Ro-28-1675,3.964
HCC4006,Ro-28-1675,3.969
JHOC5,Ro-28-1675,3.969
NCIH1755,Ro-28-1675,4.027
LS180,Ro-28-1675,4.057
MCF7,Ro-28-1675,4.066
SNU398,Ro-28-1675,4.089
HT115,Ro-28-1675,4.12
CAL12T,Ro-28-1675,4.144
LN229,Ro-28-1675,4.19
NCIH508,Ro-28-1675,4.212
SNU175,Ro-28-1675,4.217
RKN,Ro-28-1675,4.302
SKLU1,Ro-28-1675,4.307
SNU81,Ro-28-1675,4.343
SW948,Ro-28-1675,4.474
CAOV3,Ro-28-1675,4.478
NCIH441,Ro-28-1675,4.509
NCIH1694,Ro-28-1675,4.515
NCIH1105,Ro-28-1675,4.532
HT55,Ro-28-1675,4.534
SNUC5,Ro-28-1675,4.551
SUDHL4,Ro-28-1675,4.587
HCC1833,Ro-28-1675,4.63
KM12,Ro-28-1675,4.635
NCIH2023,Ro-28-1675,4.702
NCIH1836,Ro-28-1675,4.712
COV644,Ro-28-1675,4.79
RKO,Ro-28-1675,4.798
SNU61,Ro-28-1675,4.814
EFO27,Ro-28-1675,4.831
NCIH2110,Ro-28-1675,4.839
MDST8,Ro-28-1675,4.852
NCIH2081,Ro-28-1675,4.915
NCIH460,Ro-28-1675,4.946
EJM,Ro-28-1675,4.95
NCIH1876,Ro-28-1675,4.981
NCIH2172,Ro-28-1675,4.993
LS123,Ro-28-1675,4.998
HCC2935,Ro-28-1675,5.005
HCC1195,Ro-28-1675,5.016
A375,Ro-28-1675,5.026
CORL51,Ro-28-1675,5.055
HCC1359,Ro-28-1675,5.072
NCIH3255,Ro-28-1675,5.151
SKMEL5,Ro-28-1675,5.181
NCIH2030,Ro-28-1675,5.213
HCC827,Ro-28-1675,5.218
HT29,Ro-28-1675,5.254
NCIH1781,Ro-28-1675,5.301
OCILY10,Ro-28-1675,5.379
OV7,Ro-28-1675,5.43
NCIH2141,Ro-28-1675,5.62
CORL23,Ro-28-1675,5.693
CL40,Ro-28-1675,5.763
COLO320,Ro-28-1675,5.787
SQ1,Ro-28-1675,5.792
HEPG2,Ro-28-1675,5.819
CL34,Ro-28-1675,5.911
RCC10RGB,Ro-28-1675,5.944
SCC9,Ro-28-1675,6.015
COV362,Ro-28-1675,6.038
SKMEL1,Ro-28-1675,6.057
SKMEL28,Ro-28-1675,6.463
OAW42,Ro-28-1675,6.508
AMO1,Ro-28-1675,7.027
NUDUL1,Ro-28-1675,7.952
SW620,rotenone,0.225
SUDHL5,rotenone,0.633
SW480,rotenone,1.148
HEC151,rotenone,1.263
SKMEL28,rotenone,1.637
HT1080,rotenone,1.754
U937,rotenone,1.771
NCIH2030,rotenone,2.145
CAL12T,rotenone,2.249
RCC10RGB,rotenone,2.295
SNU175,rotenone,2.432
NCIH1963,rotenone,2.503
TYKNU,rotenone,2.524
THP1,rotenone,2.56
KMS11,rotenone,2.605
SNUC5,rotenone,2.642
SCLC21H,rotenone,2.661
PL21,rotenone,2.711
SKMEL5,rotenone,2.928
HCC2108,rotenone,2.931
SKLU1,rotenone,2.933
SKM1,rotenone,2.958
CW2,rotenone,3.018
NCIH460,rotenone,3.098
MOLM16,rotenone,3.122
NUDUL1,rotenone,3.321
NCIH841,rotenone,3.524
AMO1,rotenone,3.61
HCT116,rotenone,3.644
LP1,rotenone,3.703
LS180,rotenone,3.708
RPMI8226,rotenone,3.785
OCIAML3,rotenone,3.86
WSUDLCL2,rotenone,3.975
SNUC4,rotenone,4.004
OVCAR8,rotenone,4.013
EJM,rotenone,4.05
OV90,rotenone,4.05
A2780,rotenone,4.144
OVKATE,rotenone,4.19
OVCAR4,rotenone,4.191
RMUGS,rotenone,4.215
LOVO,rotenone,4.308
NCIH596,rotenone,4.315
SUDHL4,rotenone,4.327
A375,rotenone,4.336
NCIH1876,rotenone,4.36
GDM1,rotenone,4.431
SW948,rotenone,4.461
HCC15,rotenone,4.52
CORL51,rotenone,4.535
SKMEL1,rotenone,4.547
HEPG2,rotenone,4.575
NCIH1105,rotenone,4.609
NCIH2172,rotenone,4.646
OVK18,rotenone,4.71
NCIH1694,rotenone,4.716
SNU398,rotenone,4.734
NCIH1836,rotenone,4.75
NCIH3255,rotenone,4.755
COV434,rotenone,4.776
JHOM1,rotenone,4.857
MCF7,rotenone,4.862
NCIH2141,rotenone,4.9
KM12,rotenone,4.9
SNU81,rotenone,4.924
RKN,rotenone,4.972
JHUEM2,rotenone,5.026
IGROV1,rotenone,5.03
HCC4006,rotenone,5.045
RMGI,rotenone,5.109
NCIH1755,rotenone,5.135
SNU61,rotenone,5.146
NCIH1781,rotenone,5.179
LS123,rotenone,5.18
SNU1040,rotenone,5.183
COV644,rotenone,5.239
HT29,rotenone,5.284
JHOC5,rotenone,5.293
NCIH2122,rotenone,5.319
HT55,rotenone,5.399
LN229,rotenone,5.413
HT115,rotenone,5.451
AGS,rotenone,5.473
NCIH2081,rotenone,5.486
RKO,rotenone,5.496
HCC1833,rotenone,5.574
NCIH2342,rotenone,5.715
NCIH508,rotenone,5.753
T3M10,rotenone,5.761
HCC827,rotenone,5.821
HCC2935,rotenone,5.843
HCC1359,rotenone,5.924
RCM1,rotenone,5.948
HCT8,rotenone,5.951
EFO27,rotenone,5.973
MDST8,rotenone,6.002
CL34,rotenone,6.112
NCIH441,rotenone,6.131
SNU840,rotenone,6.165
CAOV3,rotenone,6.167
NOMO1,rotenone,6.237
NCIH2110,rotenone,6.299
SCC9,rotenone,6.386
U2OS,rotenone,6.507
NCIH2023,rotenone,6.513
CORL23,rotenone,6.624
SQ1,rotenone,6.705
COLO678,rotenone,6.747
CL40,rotenone,6.819
COV362,rotenone,6.87
HCC1195,rotenone,7
OV7,rotenone,7.183
OCILY10,rotenone,7.215
OAW42,rotenone,8.854
NCIH2342,salermide,1.576
NUDUL1,salermide,1.742
NCIH1105,salermide,1.822
NOMO1,salermide,2.07
COV434,salermide,2.08
SNU175,salermide,2.091
HCC2108,salermide,2.112
SW480,salermide,2.168
OVK18,salermide,2.333
THP1,salermide,2.341
GDM1,salermide,2.365
NCIH841,salermide,2.455
NCIH1694,salermide,2.494
SNUC5,salermide,2.538
SW620,salermide,2.556
NCIH2122,salermide,2.653
SNUC4,salermide,2.672
CW2,salermide,2.718
NCIH596,salermide,2.765
PL21,salermide,2.77
OCIAML3,salermide,2.836
NCIH1876,salermide,2.845
WSUDLCL2,salermide,2.849
NCIH1781,salermide,2.893
OV90,salermide,2.962
RMUGS,salermide,2.983
HCC2935,salermide,3.039
SKM1,salermide,3.044
JHOM1,salermide,3.09
T3M10,salermide,3.107
RPMI8226,salermide,3.12
LOVO,salermide,3.158
NCIH2081,salermide,3.199
TYKNU,salermide,3.295
HCC15,salermide,3.305
JHOC5,salermide,3.331
SNU81,salermide,3.373
NCIH1836,salermide,3.392
SUDHL5,salermide,3.45
HCC4006,salermide,3.453
SKMEL5,salermide,3.46
COLO320,salermide,3.547
SNU61,salermide,3.587
SNU840,salermide,3.587
HCT116,salermide,3.626
HCC1833,salermide,3.693
HCC1359,salermide,3.727
JHUEM2,salermide,3.829
HT1080,salermide,3.837
RMGI,salermide,3.852
EJM,salermide,3.903
CAL12T,salermide,4.013
NCIH441,salermide,4.057
SKLU1,salermide,4.058
HCC827,salermide,4.075
LN229,salermide,4.178
NCIH460,salermide,4.237
MCF7,salermide,4.261
NCIH2172,salermide,4.327
KM12,salermide,4.335
LS123,salermide,4.338
NCIH508,salermide,4.342
SNU1040,salermide,4.381
NCIH2030,salermide,4.388
HT55,salermide,4.427
U937,salermide,4.467
COLO678,salermide,4.472
HCC1195,salermide,4.48
SUDHL4,salermide,4.492
SKMEL1,salermide,4.494
NCIH3255,salermide,4.531
NCIH1755,salermide,4.558
HCT8,salermide,4.733
SW948,salermide,4.736
COV644,salermide,4.794
OV7,salermide,4.827
RCM1,salermide,4.829
A375,salermide,4.857
NCIH2023,salermide,4.938
SQ1,salermide,5.065
COV362,salermide,5.113
MOLM16,salermide,5.119
EFO27,salermide,5.12
HEPG2,salermide,5.211
HT115,salermide,5.299
CAOV3,salermide,5.304
MDST8,salermide,5.417
HT29,salermide,5.53
NCIH2110,salermide,5.549
RKO,salermide,5.611
CL34,salermide,5.853
CORL23,salermide,5.927
CL40,salermide,6.294
OAW42,salermide,6.402
SKMEL28,salermide,6.699
SKM1,SB-225002,0.292
NUDUL1,SB-225002,0.54
WSUDLCL2,SB-225002,0.587
KMS11,SB-225002,0.676
MOLM16,SB-225002,0.865
KE97,SB-225002,0.866
U937,SB-225002,0.968
SUDHL5,SB-225002,1.183
SW48,SB-225002,1.315
OCIAML3,SB-225002,1.329
JHUEM2,SB-225002,1.331
RPMI8226,SB-225002,1.368
GDM1,SB-225002,1.399
NCIH1876,SB-225002,1.416
PL21,SB-225002,1.418
NCIH841,SB-225002,1.437
SHP77,SB-225002,1.506
KU812,SB-225002,1.572
OVCAR8,SB-225002,1.612
NCIH23,SB-225002,1.671
NOMO1,SB-225002,1.709
VMRCLCD,SB-225002,1.771
NCIH1048,SB-225002,1.817
AGS,SB-225002,1.936
CORL279,SB-225002,1.943
NCIH82,SB-225002,1.956
HEC151,SB-225002,1.966
OVCAR4,SB-225002,2.01
CHAGOK1,SB-225002,2.15
HCT116,SB-225002,2.19
SCLC21H,SB-225002,2.201
RKO,SB-225002,2.234
NCIH1963,SB-225002,2.261
BL70,SB-225002,2.263
MSTO211H,SB-225002,2.272
AMO1,SB-225002,2.277
ISHIKAWAHERAKLIO02ER,SB-225002,2.297
LCLC97TM1,SB-225002,2.315
NCIH522,SB-225002,2.323
NCIH2081,SB-225002,2.335
NCIH2122,SB-225002,2.362
EJM,SB-225002,2.434
THP1,SB-225002,2.438
HT1080,SB-225002,2.44
NCIH1568,SB-225002,2.45
HSC2,SB-225002,2.462
DMS273,SB-225002,2.462
NCIH1694,SB-225002,2.483
A375,SB-225002,2.488
NCIH1930,SB-225002,2.516
NCIH596,SB-225002,2.523
HCC4006,SB-225002,2.534
GP2D,SB-225002,2.545
OVKATE,SB-225002,2.565
NCIH1792,SB-225002,2.57
CALU6,SB-225002,2.656
G401,SB-225002,2.712
NCIH1836,SB-225002,2.721
LU99,SB-225002,2.738
HT,SB-225002,2.794
OVK18,SB-225002,2.852
COLO741,SB-225002,2.909
RKN,SB-225002,2.91
5637,SB-225002,2.925
NCIH2286,SB-225002,2.972
SUDHL4,SB-225002,2.976
A2780,SB-225002,3.02
HEC265,SB-225002,3.025
LS513,SB-225002,3.03
NCIH1944,SB-225002,3.046
NCIH2029,SB-225002,3.078
RMUGS,SB-225002,3.105
SNUC5,SB-225002,3.142
NCIH1975,SB-225002,3.182
NCIH358,SB-225002,3.186
JHOM1,SB-225002,3.188
KM12,SB-225002,3.196
NCIH1299,SB-225002,3.228
EPLC272H,SB-225002,3.248
NCIH1437,SB-225002,3.27
EBC1,SB-225002,3.293
RMGI,SB-225002,3.308
HCC78,SB-225002,3.31
MC116,SB-225002,3.321
SKMEL1,SB-225002,3.336
TYKNU,SB-225002,3.342
MFE319,SB-225002,3.365
HCC44,SB-225002,3.368
COLO668,SB-225002,3.373
HEC108,SB-225002,3.381
LP1,SB-225002,3.397
CORL51,SB-225002,3.417
DLD1,SB-225002,3.509
SKMEL5,SB-225002,3.525
HCC15,SB-225002,3.525
HEYA8,SB-225002,3.529
LOVO,SB-225002,3.533
HCC33,SB-225002,3.561
MDST8,SB-225002,3.569
SNU398,SB-225002,3.621
NCIH810,SB-225002,3.638
KNS62,SB-225002,3.656
A549,SB-225002,3.664
P3HR1,SB-225002,3.669
HS852T,SB-225002,3.723
QGP1,SB-225002,3.742
KYSE140,SB-225002,3.748
HCC2108,SB-225002,3.791
NCIH2009,SB-225002,3.792
HEC251,SB-225002,3.798
JHOC5,SB-225002,3.804
CAOV3,SB-225002,3.806
COV434,SB-225002,3.807
NCIH1793,SB-225002,3.809
NCIH661,SB-225002,3.81
SCC9,SB-225002,3.83
SNU81,SB-225002,3.872
NCIH1573,SB-225002,3.877
CORL23,SB-225002,3.88
LCLC103H,SB-225002,3.934
LS180,SB-225002,3.938
HARA,SB-225002,3.992
HT1376,SB-225002,4.019
NCIH2141,SB-225002,4.045
G361,SB-225002,4.078
PC3,SB-225002,4.081
COV644,SB-225002,4.124
LN229,SB-225002,4.144
KP3,SB-225002,4.154
SNU1040,SB-225002,4.157
MCF7,SB-225002,4.161
T3M10,SB-225002,4.261
HCC1833,SB-225002,4.292
SW620,SB-225002,4.339
KLE,SB-225002,4.348
JHOS4,SB-225002,4.372
HEC6,SB-225002,4.374
COLO320,SB-225002,4.375
NCIH1373,SB-225002,4.378
SNU175,SB-225002,4.397
PANC1005,SB-225002,4.4
CAL12T,SB-225002,4.413
COV362,SB-225002,4.478
NCIH1781,SB-225002,4.519
SNUC4,SB-225002,4.531
LXF289,SB-225002,4.533
UMUC3,SB-225002,4.551
HCC827,SB-225002,4.566
NCIH1355,SB-225002,4.588
HS936T,SB-225002,4.599
OAW42,SB-225002,4.676
SNUC2A,SB-225002,4.691
KYSE450,SB-225002,4.714
RT4,SB-225002,4.751
SKOV3,SB-225002,4.783
EFO27,SB-225002,4.788
NCIH1755,SB-225002,4.793
HCT8,SB-225002,4.793
NCIH727,SB-225002,4.8
NCIH1105,SB-225002,4.811
CW2,SB-225002,4.813
IGROV1,SB-225002,4.84
U2OS,SB-225002,4.843
CAPAN2,SB-225002,4.853
LS411N,SB-225002,4.856
HS944T,SB-225002,4.879
HCC1359,SB-225002,4.92
LU65,SB-225002,4.941
SNGM,SB-225002,5.047
FU97,SB-225002,5.087
NCIH28,SB-225002,5.092
NCIH2126,SB-225002,5.104
SW480,SB-225002,5.109
NCIH460,SB-225002,5.114
SKLU1,SB-225002,5.127
SQ1,SB-225002,5.135
NCIH2030,SB-225002,5.135
PANC0327,SB-225002,5.136
LS123,SB-225002,5.18
RERFLCKJ,SB-225002,5.182
SF295,SB-225002,5.191
NCIH441,SB-225002,5.194
HCC1195,SB-225002,5.201
C2BBE1,SB-225002,5.226
NCIH1666,SB-225002,5.226
NCIH2405,SB-225002,5.248
COLO205,SB-225002,5.249
CORL88,SB-225002,5.263
NCIH650,SB-225002,5.28
NCIH2342,SB-225002,5.293
NCIH2110,SB-225002,5.356
HT55,SB-225002,5.436
SKCO1,SB-225002,5.452
CFPAC1,SB-225002,5.503
HEC59,SB-225002,5.506
MKN74,SB-225002,5.602
KYSE410,SB-225002,5.605
GAMG,SB-225002,5.636
LC1SQSF,SB-225002,5.666
SNU449,SB-225002,5.684
OVMANA,SB-225002,5.702
OV90,SB-225002,5.715
PATU8902,SB-225002,5.72
BEN,SB-225002,5.762
RCM1,SB-225002,5.775
OV7,SB-225002,5.791
SW403,SB-225002,5.827
RCC10RGB,SB-225002,5.835
NCIH1915,SB-225002,5.876
NCIH2023,SB-225002,5.885
SNU840,SB-225002,5.902
OCILY10,SB-225002,5.911
MKN7,SB-225002,5.922
NCIH3255,SB-225002,6.033
NCIH1435,SB-225002,6.085
HCC2935,SB-225002,6.128
VMRCRCW,SB-225002,6.226
EFO21,SB-225002,6.322
HT115,SB-225002,6.441
JHH6,SB-225002,6.451
COLO678,SB-225002,6.455
KMBC2,SB-225002,6.509
NCIH2052,SB-225002,6.523
CL34,SB-225002,6.568
HEPG2,SB-225002,6.598
SNU61,SB-225002,6.628
NCIH508,SB-225002,6.73
HPAC,SB-225002,6.804
COV318,SB-225002,6.837
CL40,SB-225002,6.868
HUPT4,SB-225002,6.872
NCIH2172,SB-225002,6.881
NUGC4,SB-225002,6.973
SW948,SB-225002,7.047
SUIT2,SB-225002,7.262
DV90,SB-225002,7.269
HT29,SB-225002,7.271
SH10TC,SB-225002,7.273
CALU3,SB-225002,7.28
SKMEL28,SB-225002,8.18
SUDHL5,SCH-529074,0.638
OCIAML3,SCH-529074,1.763
AGS,SCH-529074,1.931
WSUDLCL2,SCH-529074,2.151
SCLC21H,SCH-529074,2.184
LS180,SCH-529074,2.202
NCIH2342,SCH-529074,2.233
COV434,SCH-529074,2.352
THP1,SCH-529074,2.561
PL21,SCH-529074,2.612
SNUC5,SCH-529074,2.701
KMS11,SCH-529074,2.714
OVK18,SCH-529074,2.718
NCIH1836,SCH-529074,2.732
RMGI,SCH-529074,2.732
U937,SCH-529074,2.846
SKMEL1,SCH-529074,2.863
MCF7,SCH-529074,2.9
HCC2935,SCH-529074,2.974
KM12,SCH-529074,2.991
NOMO1,SCH-529074,3.08
SNU398,SCH-529074,3.086
CAL12T,SCH-529074,3.117
HCC1359,SCH-529074,3.135
LP1,SCH-529074,3.171
SNUC4,SCH-529074,3.172
CORL51,SCH-529074,3.193
A375,SCH-529074,3.235
EJM,SCH-529074,3.241
NCIH2122,SCH-529074,3.249
NUDUL1,SCH-529074,3.253
LN229,SCH-529074,3.3
OVCAR8,SCH-529074,3.308
RPMI8226,SCH-529074,3.332
SNU175,SCH-529074,3.337
HT115,SCH-529074,3.344
SW948,SCH-529074,3.377
SKM1,SCH-529074,3.397
GDM1,SCH-529074,3.409
NCIH596,SCH-529074,3.412
OVKATE,SCH-529074,3.42
HT55,SCH-529074,3.426
NCIH2081,SCH-529074,3.431
AMO1,SCH-529074,3.432
RCM1,SCH-529074,3.479
NCIH508,SCH-529074,3.48
HCC1833,SCH-529074,3.489
CL34,SCH-529074,3.495
SUDHL4,SCH-529074,3.514
COLO678,SCH-529074,3.515
HEC151,SCH-529074,3.583
RMUGS,SCH-529074,3.583
COLO320,SCH-529074,3.593
RKO,SCH-529074,3.631
CL40,SCH-529074,3.657
CW2,SCH-529074,3.671
HCC2108,SCH-529074,3.698
HT29,SCH-529074,3.717
OVCAR4,SCH-529074,3.719
NCIH841,SCH-529074,3.802
TYKNU,SCH-529074,3.818
HCT116,SCH-529074,3.845
NCIH460,SCH-529074,3.858
CAOV3,SCH-529074,3.897
NCIH1781,SCH-529074,3.908
LOVO,SCH-529074,3.912
COV644,SCH-529074,3.917
OV90,SCH-529074,3.939
NCIH2030,SCH-529074,3.965
JHUEM2,SCH-529074,4.005
NCIH441,SCH-529074,4.006
NCIH1876,SCH-529074,4.034
HT1080,SCH-529074,4.034
SW480,SCH-529074,4.041
NCIH3255,SCH-529074,4.065
HCC15,SCH-529074,4.066
T3M10,SCH-529074,4.068
SNU81,SCH-529074,4.082
A2780,SCH-529074,4.101
NCIH1105,SCH-529074,4.118
SQ1,SCH-529074,4.129
MDST8,SCH-529074,4.204
NCIH1694,SCH-529074,4.209
SKLU1,SCH-529074,4.224
SNU1040,SCH-529074,4.241
SKMEL5,SCH-529074,4.258
RKN,SCH-529074,4.261
IGROV1,SCH-529074,4.266
HCT8,SCH-529074,4.294
HEPG2,SCH-529074,4.316
SNU61,SCH-529074,4.328
SNU840,SCH-529074,4.347
SKMEL28,SCH-529074,4.365
HCC4006,SCH-529074,4.419
MOLM16,SCH-529074,4.502
SCC9,SCH-529074,4.511
NCIH1963,SCH-529074,4.572
HCC827,SCH-529074,4.587
NCIH1755,SCH-529074,4.615
SW620,SCH-529074,4.696
CORL23,SCH-529074,4.719
LS123,SCH-529074,4.72
RCC10RGB,SCH-529074,4.795
NCIH2141,SCH-529074,4.807
COV362,SCH-529074,4.892
OCILY10,SCH-529074,4.925
NCIH2110,SCH-529074,4.947
NCIH2172,SCH-529074,5.027
NCIH2023,SCH-529074,5.085
JHOM1,SCH-529074,5.115
HCC1195,SCH-529074,5.211
JHOC5,SCH-529074,5.295
EFO27,SCH-529074,5.537
OV7,SCH-529074,5.631
OAW42,SCH-529074,5.67
OCIAML3,selumetinib,0.103
NCIH2122,selumetinib,0.499
SKM1,selumetinib,0.697
AGS,selumetinib,0.705
SKMEL1,selumetinib,0.744
CL34,selumetinib,0.959
OV90,selumetinib,0.962
HCT116,selumetinib,1.098
LS180,selumetinib,1.247
CL40,selumetinib,1.408
SW948,selumetinib,1.49
SNU81,selumetinib,1.633
RCM1,selumetinib,1.755
OVKATE,selumetinib,1.764
A375,selumetinib,1.768
PL21,selumetinib,1.798
LOVO,selumetinib,1.807
HT55,selumetinib,1.829
HEPG2,selumetinib,2.027
T3M10,selumetinib,2.095
SNU1040,selumetinib,2.107
KM12,selumetinib,2.247
SNU61,selumetinib,2.285
HEC151,selumetinib,2.302
SW620,selumetinib,2.365
NCIH508,selumetinib,2.458
SNU175,selumetinib,2.513
HT115,selumetinib,2.515
THP1,selumetinib,2.537
COLO678,selumetinib,2.636
OVK18,selumetinib,2.691
HCC1833,selumetinib,2.692
HCC4006,selumetinib,2.704
GDM1,selumetinib,2.704
TYKNU,selumetinib,2.757
NOMO1,selumetinib,2.809
OVCAR4,selumetinib,3.014
RKN,selumetinib,3.083
HT1080,selumetinib,3.214
IGROV1,selumetinib,3.304
SKLU1,selumetinib,3.315
SNUC4,selumetinib,3.326
RMGI,selumetinib,3.38
LN229,selumetinib,3.4
NCIH1963,selumetinib,3.424
SKMEL5,selumetinib,3.433
NCIH3255,selumetinib,3.477
OVCAR8,selumetinib,3.682
HCC1195,selumetinib,3.711
RKO,selumetinib,3.733
SKMEL28,selumetinib,3.766
SNUC5,selumetinib,3.804
MOLM16,selumetinib,3.867
NCIH596,selumetinib,3.867
SW480,selumetinib,3.871
OCILY10,selumetinib,3.893
HCC2935,selumetinib,3.933
SCC9,selumetinib,3.947
LS123,selumetinib,4.013
JHUEM2,selumetinib,4.041
COV644,selumetinib,4.057
MDST8,selumetinib,4.076
A2780,selumetinib,4.101
HCC2108,selumetinib,4.135
SNU398,selumetinib,4.211
U937,selumetinib,4.249
CAL12T,selumetinib,4.287
SNU840,selumetinib,4.301
CW2,selumetinib,4.344
HCC15,selumetinib,4.372
COV434,selumetinib,4.379
COV362,selumetinib,4.419
HCT8,selumetinib,4.543
NCIH1755,selumetinib,4.545
JHOC5,selumetinib,4.558
NCIH2110,selumetinib,4.561
NUDUL1,selumetinib,4.569
RMUGS,selumetinib,4.577
CORL23,selumetinib,4.711
EFO27,selumetinib,4.724
HT29,selumetinib,4.785
KMS11,selumetinib,4.866
NCIH1781,selumetinib,4.895
HCC827,selumetinib,4.927
NCIH441,selumetinib,4.939
NCIH2030,selumetinib,5.035
NCIH1694,selumetinib,5.069
NCIH1836,selumetinib,5.136
SCLC21H,selumetinib,5.228
NCIH2023,selumetinib,5.305
NCIH2342,selumetinib,5.31
SUDHL5,selumetinib,5.402
NCIH2141,selumetinib,5.407
SQ1,selumetinib,5.447
MCF7,selumetinib,5.495
NCIH841,selumetinib,5.589
EJM,selumetinib,5.668
RCC10RGB,selumetinib,5.734
RPMI8226,selumetinib,5.794
NCIH2172,selumetinib,5.797
CAOV3,selumetinib,5.884
NCIH1105,selumetinib,5.99
CORL51,selumetinib,6.062
NCIH460,selumetinib,6.084
OV7,selumetinib,6.155
NCIH1876,selumetinib,6.178
SUDHL4,selumetinib,6.336
WSUDLCL2,selumetinib,6.36
JHOM1,selumetinib,6.381
LP1,selumetinib,6.579
OAW42,selumetinib,6.918
HCC1359,selumetinib,7.014
COLO320,selumetinib,7.118
NCIH2081,selumetinib,7.247
AMO1,selumetinib,8.859
KMS11,serdemetan,1.394
SUDHL5,serdemetan,1.711
SNU175,serdemetan,1.998
NUDUL1,serdemetan,2.217
NCIH596,serdemetan,2.768
GDM1,serdemetan,2.89
OCIAML3,serdemetan,2.982
NCIH1963,serdemetan,3.129
KE97,serdemetan,3.225
SNU81,serdemetan,3.341
MSTO211H,serdemetan,3.387
COV434,serdemetan,3.556
HEC151,serdemetan,3.598
CW2,serdemetan,3.925
OVKATE,serdemetan,4.001
COLO668,serdemetan,4.024
PL21,serdemetan,4.024
BL70,serdemetan,4.037
NOMO1,serdemetan,4.088
KM12,serdemetan,4.111
CL40,serdemetan,4.117
JHUEM2,serdemetan,4.166
LS180,serdemetan,4.226
SNUC4,serdemetan,4.258
G401,serdemetan,4.265
SNUC5,serdemetan,4.268
COLO678,serdemetan,4.287
NCIH1048,serdemetan,4.288
OVK18,serdemetan,4.313
OVCAR8,serdemetan,4.358
SUDHL4,serdemetan,4.394
SCLC21H,serdemetan,4.422
AGS,serdemetan,4.447
KU812,serdemetan,4.499
CAOV3,serdemetan,4.566
NCIH1781,serdemetan,4.606
OVCAR4,serdemetan,4.628
A375,serdemetan,4.659
HS852T,serdemetan,4.779
THP1,serdemetan,4.838
HT115,serdemetan,4.856
KNS62,serdemetan,4.944
RT4,serdemetan,4.946
MCF7,serdemetan,4.952
NCIH2122,serdemetan,5.001
NCIH810,serdemetan,5.02
SUIT2,serdemetan,5.058
DMS273,serdemetan,5.059
LCLC97TM1,serdemetan,5.061
NCIH2029,serdemetan,5.071
NCIH1666,serdemetan,5.194
CAPAN2,serdemetan,5.201
CORL88,serdemetan,5.223
NCIH2286,serdemetan,5.257
NUGC4,serdemetan,5.29
NCIH441,serdemetan,5.295
HCT116,serdemetan,5.33
SW948,serdemetan,5.333
SNU61,serdemetan,5.347
KYSE140,serdemetan,5.382
ISHIKAWAHERAKLIO02ER,serdemetan,5.386
SKM1,serdemetan,5.394
HS936T,serdemetan,5.399
COV644,serdemetan,5.425
NCIH1299,serdemetan,5.431
CHAGOK1,serdemetan,5.448
COLO320,serdemetan,5.455
CL34,serdemetan,5.466
NCIH1876,serdemetan,5.487
NCIH2110,serdemetan,5.501
LN229,serdemetan,5.508
VMRCLCD,serdemetan,5.54
CAL12T,serdemetan,5.562
G361,serdemetan,5.564
P3HR1,serdemetan,5.571
T3M10,serdemetan,5.587
PATU8902,serdemetan,5.596
MC116,serdemetan,5.613
NCIH460,serdemetan,5.624
LXF289,serdemetan,5.651
NCIH1573,serdemetan,5.66
NCIH2405,serdemetan,5.675
NCIH1930,serdemetan,5.679
KP3,serdemetan,5.702
RKO,serdemetan,5.715
FU97,serdemetan,5.723
COV362,serdemetan,5.736
WSUDLCL2,serdemetan,5.741
NCIH2342,serdemetan,5.748
RMUGS,serdemetan,5.76
CALU6,serdemetan,5.781
SNU1040,serdemetan,5.784
HCC1833,serdemetan,5.785
KYSE410,serdemetan,5.8
JHOC5,serdemetan,5.801
OV90,serdemetan,5.806
HCC4006,serdemetan,5.84
AMO1,serdemetan,5.851
SKMEL5,serdemetan,5.861
PC3,serdemetan,5.882
PANC0327,serdemetan,5.889
GAMG,serdemetan,5.892
SKLU1,serdemetan,5.898
MFE319,serdemetan,5.912
TYKNU,serdemetan,5.933
MDST8,serdemetan,5.934
HCC15,serdemetan,5.949
HCC2935,serdemetan,5.984
KLE,serdemetan,6.031
LOVO,serdemetan,6.048
SKOV3,serdemetan,6.067
SNU449,serdemetan,6.084
CORL23,serdemetan,6.09
EPLC272H,serdemetan,6.091
HT1080,serdemetan,6.12
SF295,serdemetan,6.123
5637,serdemetan,6.134
NCIH508,serdemetan,6.135
A2780,serdemetan,6.139
SKMEL1,serdemetan,6.152
OCILY10,serdemetan,6.166
EJM,serdemetan,6.187
IGROV1,serdemetan,6.195
VMRCRCW,serdemetan,6.213
CORL279,serdemetan,6.234
KMBC2,serdemetan,6.245
HEYA8,serdemetan,6.262
QGP1,serdemetan,6.297
UMUC3,serdemetan,6.303
MKN7,serdemetan,6.325
NCIH1836,serdemetan,6.325
RMGI,serdemetan,6.359
NCIH2052,serdemetan,6.359
HT,serdemetan,6.359
HUPT4,serdemetan,6.384
NCIH841,serdemetan,6.397
HEC108,serdemetan,6.404
JHOS4,serdemetan,6.413
HT1376,serdemetan,6.417
SW480,serdemetan,6.424
MKN74,serdemetan,6.427
RPMI8226,serdemetan,6.44
HEC59,serdemetan,6.44
SNUC2A,serdemetan,6.484
HCT8,serdemetan,6.495
NCIH2172,serdemetan,6.497
NCIH82,serdemetan,6.513
HCC2108,serdemetan,6.518
U2OS,serdemetan,6.532
HEC6,serdemetan,6.537
OV7,serdemetan,6.546
NCIH1105,serdemetan,6.549
SQ1,serdemetan,6.561
RERFLCKJ,serdemetan,6.583
SNU840,serdemetan,6.617
HEPG2,serdemetan,6.625
RCM1,serdemetan,6.642
LP1,serdemetan,6.646
MOLM16,serdemetan,6.646
NCIH1435,serdemetan,6.672
RKN,serdemetan,6.716
RCC10RGB,serdemetan,6.728
NCIH1694,serdemetan,6.75
HSC2,serdemetan,6.774
KYSE450,serdemetan,6.786
CORL51,serdemetan,6.809
HEC251,serdemetan,6.809
SCC9,serdemetan,6.816
SNGM,serdemetan,6.82
OVMANA,serdemetan,6.851
NCIH1355,serdemetan,6.853
SW620,serdemetan,6.86
SW403,serdemetan,6.865
OAW42,serdemetan,6.869
HEC265,serdemetan,6.873
NCIH1755,serdemetan,6.887
NCIH2081,serdemetan,6.895
CALU3,serdemetan,6.911
NCIH2030,serdemetan,6.928
U937,serdemetan,6.933
HCC827,serdemetan,6.966
HS944T,serdemetan,6.974
EFO27,serdemetan,7.043
SNU398,serdemetan,7.048
EFO21,serdemetan,7.048
COV318,serdemetan,7.049
SKMEL28,serdemetan,7.059
NCIH3255,serdemetan,7.066
NCIH2023,serdemetan,7.071
JHOM1,serdemetan,7.08
NCIH650,serdemetan,7.082
HT29,serdemetan,7.142
LS123,serdemetan,7.213
NCIH1915,serdemetan,7.24
HCC1195,serdemetan,7.256
HT55,serdemetan,7.258
SH10TC,serdemetan,7.515
NCIH2141,serdemetan,7.862
JHH6,serdemetan,9.113
HCC1359,serdemetan,9.423
HEC151,SID 26681509,3.277
SNU398,SID 26681509,3.771
OVK18,SID 26681509,3.775
JHOM1,SID 26681509,3.862
SW480,SID 26681509,3.887
OVCAR4,SID 26681509,3.935
KMS11,SID 26681509,4.244
SW620,SID 26681509,4.438
OCILY10,SID 26681509,4.496
NCIH1105,SID 26681509,4.506
OCIAML3,SID 26681509,4.539
COV434,SID 26681509,4.549
NCIH841,SID 26681509,4.565
JHOC5,SID 26681509,4.65
NCIH1876,SID 26681509,4.699
NCIH1963,SID 26681509,4.738
RMUGS,SID 26681509,4.772
NCIH1836,SID 26681509,4.889
OVCAR8,SID 26681509,4.976
TYKNU,SID 26681509,4.991
PL21,SID 26681509,4.991
HCT116,SID 26681509,5.05
SCLC21H,SID 26681509,5.059
HCC2108,SID 26681509,5.085
A2780,SID 26681509,5.11
SUDHL5,SID 26681509,5.134
JHUEM2,SID 26681509,5.146
HCC1359,SID 26681509,5.171
OV90,SID 26681509,5.218
LP1,SID 26681509,5.326
RKN,SID 26681509,5.346
GDM1,SID 26681509,5.367
HCC15,SID 26681509,5.499
HCC4006,SID 26681509,5.506
COLO320,SID 26681509,5.516
MCF7,SID 26681509,5.529
HCC1195,SID 26681509,5.565
COLO678,SID 26681509,5.574
T3M10,SID 26681509,5.606
NCIH1694,SID 26681509,5.614
NCIH2342,SID 26681509,5.645
LS180,SID 26681509,5.657
EFO27,SID 26681509,5.663
RPMI8226,SID 26681509,5.731
IGROV1,SID 26681509,5.779
OVKATE,SID 26681509,5.787
SUDHL4,SID 26681509,5.803
NUDUL1,SID 26681509,5.83
RMGI,SID 26681509,5.831
SKLU1,SID 26681509,5.874
HT1080,SID 26681509,5.884
U937,SID 26681509,5.926
LS123,SID 26681509,5.944
SKMEL5,SID 26681509,5.983
WSUDLCL2,SID 26681509,6.027
NCIH441,SID 26681509,6.029
SNU1040,SID 26681509,6.054
LOVO,SID 26681509,6.062
NCIH2081,SID 26681509,6.104
EJM,SID 26681509,6.107
HEPG2,SID 26681509,6.143
RCC10RGB,SID 26681509,6.147
NOMO1,SID 26681509,6.169
NCIH2122,SID 26681509,6.177
A375,SID 26681509,6.18
HCT8,SID 26681509,6.18
NCIH2023,SID 26681509,6.21
HCC2935,SID 26681509,6.212
SNUC4,SID 26681509,6.282
HCC1833,SID 26681509,6.287
NCIH596,SID 26681509,6.322
HT55,SID 26681509,6.338
RKO,SID 26681509,6.358
RCM1,SID 26681509,6.363
SKMEL1,SID 26681509,6.366
NCIH2172,SID 26681509,6.384
CL34,SID 26681509,6.388
MOLM16,SID 26681509,6.403
LN229,SID 26681509,6.417
CAL12T,SID 26681509,6.438
SNU840,SID 26681509,6.446
HT115,SID 26681509,6.452
NCIH1755,SID 26681509,6.496
OV7,SID 26681509,6.499
NCIH2030,SID 26681509,6.502
THP1,SID 26681509,6.517
SQ1,SID 26681509,6.536
NCIH1781,SID 26681509,6.544
NCIH2110,SID 26681509,6.555
MDST8,SID 26681509,6.559
SKM1,SID 26681509,6.569
HCC827,SID 26681509,6.573
COV644,SID 26681509,6.583
SCC9,SID 26681509,6.645
CW2,SID 26681509,6.648
HT29,SID 26681509,6.672
KM12,SID 26681509,6.678
SNUC5,SID 26681509,6.708
SNU61,SID 26681509,6.758
CAOV3,SID 26681509,6.761
SNU81,SID 26681509,6.775
NCIH460,SID 26681509,6.779
NCIH508,SID 26681509,6.781
OAW42,SID 26681509,6.814
SNU175,SID 26681509,7.001
NCIH2141,SID 26681509,7.015
SW948,SID 26681509,7.151
CORL23,SID 26681509,7.245
CL40,SID 26681509,7.363
SKMEL28,SID 26681509,7.391
COV362,SID 26681509,7.411
AGS,SID 26681509,7.432
CORL51,SID 26681509,8.018
AMO1,SID 26681509,8.333
NCIH3255,SID 26681509,8.392
HCC44,simvastatin,2.683
LU99,simvastatin,3.051
NCIH661,simvastatin,3.304
NCIH1915,simvastatin,3.321
SNGM,simvastatin,3.411
MSTO211H,simvastatin,3.495
PC3,simvastatin,3.524
NCIH82,simvastatin,3.692
HEYA8,simvastatin,3.771
NCIH810,simvastatin,3.774
SF295,simvastatin,3.785
KP3,simvastatin,3.911
5637,simvastatin,4.039
HSC2,simvastatin,4.084
EBC1,simvastatin,4.121
SNU449,simvastatin,4.255
A2780,simvastatin,4.266
PANC0327,simvastatin,4.294
SKM1,simvastatin,4.307
NCIH2286,simvastatin,4.324
NCIH28,simvastatin,4.362
HT1376,simvastatin,4.38
SKCO1,simvastatin,4.423
HCC78,simvastatin,4.453
NCIH1568,simvastatin,4.5
NCIH1666,simvastatin,4.508
SW403,simvastatin,4.527
OVCAR8,simvastatin,4.53
NCIH1299,simvastatin,4.533
LU65,simvastatin,4.653
NCIH23,simvastatin,4.674
LXF289,simvastatin,4.682
VMRCRCW,simvastatin,4.733
CORL279,simvastatin,4.733
NCIH1048,simvastatin,4.761
OVKATE,simvastatin,4.798
HS944T,simvastatin,4.81
G361,simvastatin,4.835
NCIH2009,simvastatin,4.848
DMS273,simvastatin,4.897
G401,simvastatin,4.898
NCIH1975,simvastatin,4.939
NCIH522,simvastatin,5.024
LCLC103H,simvastatin,5.037
BL70,simvastatin,5.057
NCIH1781,simvastatin,5.088
HUPT4,simvastatin,5.091
KYSE450,simvastatin,5.102
RKN,simvastatin,5.133
OVK18,simvastatin,5.19
NCIH1573,simvastatin,5.211
PATU8902,simvastatin,5.245
NCIH727,simvastatin,5.252
COLO741,simvastatin,5.252
RERFLCKJ,simvastatin,5.255
COV434,simvastatin,5.277
SNUC2A,simvastatin,5.292
KE97,simvastatin,5.339
DLD1,simvastatin,5.37
UMUC3,simvastatin,5.382
HEC251,simvastatin,5.387
MFE319,simvastatin,5.391
JHOS4,simvastatin,5.41
SHP77,simvastatin,5.41
NCIH1355,simvastatin,5.464
NCIH1930,simvastatin,5.501
HT,simvastatin,5.501
SH10TC,simvastatin,5.517
SW480,simvastatin,5.522
NCIH1792,simvastatin,5.531
KMBC2,simvastatin,5.574
NCIH1793,simvastatin,5.585
A549,simvastatin,5.591
LS513,simvastatin,5.596
NCIH1373,simvastatin,5.631
NCIH1944,simvastatin,5.676
KLE,simvastatin,5.68
CAPAN2,simvastatin,5.685
OVMANA,simvastatin,5.687
RMGI,simvastatin,5.691
NCIH2052,simvastatin,5.703
HARA,simvastatin,5.72
HEC265,simvastatin,5.766
SKOV3,simvastatin,5.776
U937,simvastatin,5.794
MKN74,simvastatin,5.794
KYSE140,simvastatin,5.814
VMRCLCD,simvastatin,5.825
SW48,simvastatin,5.837
SUDHL4,simvastatin,5.871
JHUEM2,simvastatin,5.875
NCIH2405,simvastatin,5.876
T3M10,simvastatin,5.885
OV90,simvastatin,5.889
KMS11,simvastatin,5.927
CFPAC1,simvastatin,5.943
SCLC21H,simvastatin,5.958
NCIH1435,simvastatin,5.966
RMUGS,simvastatin,5.974
LCLC97TM1,simvastatin,5.984
COLO668,simvastatin,5.992
OCILY10,simvastatin,5.994
EPLC272H,simvastatin,6.024
HT1080,simvastatin,6.025
NCIH1755,simvastatin,6.041
NCIH2029,simvastatin,6.044
SUIT2,simvastatin,6.044
NCIH358,simvastatin,6.062
SUDHL5,simvastatin,6.076
RT4,simvastatin,6.122
HCC33,simvastatin,6.125
HS936T,simvastatin,6.133
LS123,simvastatin,6.167
OCIAML3,simvastatin,6.177
HEC6,simvastatin,6.186
KYSE410,simvastatin,6.204
CALU6,simvastatin,6.207
MOLM16,simvastatin,6.21
KU812,simvastatin,6.238
SNU840,simvastatin,6.25
LC1SQSF,simvastatin,6.253
OVCAR4,simvastatin,6.255
GDM1,simvastatin,6.282
QGP1,simvastatin,6.283
SNU175,simvastatin,6.311
SCC9,simvastatin,6.312
COLO678,simvastatin,6.316
BEN,simvastatin,6.342
CALU3,simvastatin,6.369
COLO205,simvastatin,6.373
GP2D,simvastatin,6.38
SW620,simvastatin,6.395
HEC151,simvastatin,6.396
CHAGOK1,simvastatin,6.397
HEC108,simvastatin,6.407
HCC2108,simvastatin,6.421
HCC15,simvastatin,6.437
MC116,simvastatin,6.452
NCIH1437,simvastatin,6.463
P3HR1,simvastatin,6.471
MCF7,simvastatin,6.473
NCIH2126,simvastatin,6.487
NCIH841,simvastatin,6.493
GAMG,simvastatin,6.508
MKN7,simvastatin,6.51
CAOV3,simvastatin,6.516
COV318,simvastatin,6.524
NUDUL1,simvastatin,6.525
CL40,simvastatin,6.531
JHH6,simvastatin,6.558
NCIH2030,simvastatin,6.56
RPMI8226,simvastatin,6.566
MDST8,simvastatin,6.572
ISHIKAWAHERAKLIO02ER,simvastatin,6.573
COV644,simvastatin,6.589
OV7,simvastatin,6.59
SKLU1,simvastatin,6.608
HCC1359,simvastatin,6.632
RKO,simvastatin,6.64
PANC1005,simvastatin,6.649
HS852T,simvastatin,6.651
NCIH441,simvastatin,6.651
FU97,simvastatin,6.651
NCIH596,simvastatin,6.662
C2BBE1,simvastatin,6.666
HCC827,simvastatin,6.673
HCT116,simvastatin,6.695
A375,simvastatin,6.699
IGROV1,simvastatin,6.699
HEPG2,simvastatin,6.719
PL21,simvastatin,6.72
SNU1040,simvastatin,6.72
NCIH1876,simvastatin,6.72
LN229,simvastatin,6.721
HCC2935,simvastatin,6.724
KNS62,simvastatin,6.725
U2OS,simvastatin,6.729
NCIH2172,simvastatin,6.739
SNU61,simvastatin,6.758
JHOM1,simvastatin,6.762
NCIH2023,simvastatin,6.762
WSUDLCL2,simvastatin,6.775
HPAC,simvastatin,6.776
NUGC4,simvastatin,6.791
EFO21,simvastatin,6.801
NCIH2122,simvastatin,6.807
NOMO1,simvastatin,6.807
HCT8,simvastatin,6.812
HCC4006,simvastatin,6.83
CAL12T,simvastatin,6.83
LOVO,simvastatin,6.834
OAW42,simvastatin,6.835
EJM,simvastatin,6.872
RCM1,simvastatin,6.893
COV362,simvastatin,6.894
HCC1833,simvastatin,6.919
THP1,simvastatin,6.93
HCC1195,simvastatin,6.937
CORL88,simvastatin,6.965
CW2,simvastatin,6.966
SQ1,simvastatin,6.985
SNU398,simvastatin,6.986
TYKNU,simvastatin,7.007
LS411N,simvastatin,7.01
CORL23,simvastatin,7.016
CL34,simvastatin,7.028
SNUC5,simvastatin,7.039
NCIH460,simvastatin,7.047
RCC10RGB,simvastatin,7.056
HT115,simvastatin,7.057
EFO27,simvastatin,7.061
HEC59,simvastatin,7.065
KM12,simvastatin,7.103
LS180,simvastatin,7.126
SKMEL5,simvastatin,7.128
HT55,simvastatin,7.143
HT29,simvastatin,7.157
JHOC5,simvastatin,7.162
SKMEL1,simvastatin,7.165
NCIH1836,simvastatin,7.173
SNU81,simvastatin,7.226
NCIH2342,simvastatin,7.265
NCIH508,simvastatin,7.278
SNUC4,simvastatin,7.297
LP1,simvastatin,7.31
SW948,simvastatin,7.33
DV90,simvastatin,7.357
AMO1,simvastatin,7.362
NCIH2081,simvastatin,7.376
NCIH650,simvastatin,7.415
AGS,simvastatin,7.476
NCIH1694,simvastatin,7.559
SKMEL28,simvastatin,7.669
CORL51,simvastatin,7.674
NCIH2141,simvastatin,7.731
NCIH2110,simvastatin,7.747
NCIH3255,simvastatin,7.802
COLO320,simvastatin,8.873
NCIH1963,simvastatin,8.966
NCIH1105,simvastatin,9.348
SUDHL5,sirolimus,0.318
P3HR1,sirolimus,1.283
KE97,sirolimus,1.629
MSTO211H,sirolimus,1.739
BL70,sirolimus,1.871
MFE319,sirolimus,1.882
OVK18,sirolimus,1.952
EBC1,sirolimus,2.182
NUDUL1,sirolimus,2.249
ISHIKAWAHERAKLIO02ER,sirolimus,2.261
WSUDLCL2,sirolimus,2.311
OCILY10,sirolimus,2.414
PC3,sirolimus,2.446
NCIH1944,sirolimus,2.449
NCIH1048,sirolimus,2.608
PL21,sirolimus,2.7
HSC2,sirolimus,2.716
G401,sirolimus,2.763
CORL279,sirolimus,2.784
OCIAML3,sirolimus,2.784
RT4,sirolimus,2.869
SUDHL4,sirolimus,2.878
HT,sirolimus,2.949
KMS11,sirolimus,2.982
MC116,sirolimus,3.052
KYSE410,sirolimus,3.16
NCIH1568,sirolimus,3.206
KU812,sirolimus,3.223
U937,sirolimus,3.251
DMS273,sirolimus,3.289
KYSE140,sirolimus,3.302
LS513,sirolimus,3.328
LP1,sirolimus,3.358
VMRCLCD,sirolimus,3.382
LU99,sirolimus,3.389
KNS62,sirolimus,3.404
NCIH23,sirolimus,3.408
EPLC272H,sirolimus,3.409
NCIH810,sirolimus,3.462
MCF7,sirolimus,3.476
JHUEM2,sirolimus,3.526
NCIH1793,sirolimus,3.531
HCC78,sirolimus,3.54
RMGI,sirolimus,3.543
HEC151,sirolimus,3.573
NCIH358,sirolimus,3.594
NCIH1299,sirolimus,3.616
HEC265,sirolimus,3.635
HEYA8,sirolimus,3.651
NCIH1666,sirolimus,3.708
SF295,sirolimus,3.743
5637,sirolimus,3.756
OVCAR8,sirolimus,3.808
OVCAR4,sirolimus,3.824
OVKATE,sirolimus,3.852
OV90,sirolimus,3.901
SKMEL1,sirolimus,3.927
HEC6,sirolimus,3.933
NOMO1,sirolimus,3.965
NCIH2286,sirolimus,3.987
LC1SQSF,sirolimus,4.041
IGROV1,sirolimus,4.059
HCC44,sirolimus,4.063
RPMI8226,sirolimus,4.069
NCIH2029,sirolimus,4.079
SW48,sirolimus,4.093
SW948,sirolimus,4.107
SKM1,sirolimus,4.114
NUGC4,sirolimus,4.124
HCC2935,sirolimus,4.126
NCIH1876,sirolimus,4.135
HARA,sirolimus,4.14
HEC251,sirolimus,4.143
HCC4006,sirolimus,4.143
NCIH2126,sirolimus,4.152
PATU8902,sirolimus,4.152
EFO27,sirolimus,4.152
PANC1005,sirolimus,4.156
HT1376,sirolimus,4.16
NCIH1373,sirolimus,4.179
NCIH596,sirolimus,4.191
HEC108,sirolimus,4.225
A549,sirolimus,4.226
RERFLCKJ,sirolimus,4.236
KM12,sirolimus,4.238
NCIH727,sirolimus,4.252
RMUGS,sirolimus,4.258
SNUC2A,sirolimus,4.261
PANC0327,sirolimus,4.266
LCLC97TM1,sirolimus,4.273
GDM1,sirolimus,4.276
TYKNU,sirolimus,4.279
LS411N,sirolimus,4.288
NCIH1105,sirolimus,4.314
NCIH1435,sirolimus,4.323
NCIH1975,sirolimus,4.332
SNU840,sirolimus,4.346
RKN,sirolimus,4.354
NCIH1355,sirolimus,4.359
JHOM1,sirolimus,4.375
SNU398,sirolimus,4.378
UMUC3,sirolimus,4.382
NCIH3255,sirolimus,4.392
SHP77,sirolimus,4.406
NCIH2009,sirolimus,4.415
SNUC4,sirolimus,4.422
QGP1,sirolimus,4.438
HS852T,sirolimus,4.44
LXF289,sirolimus,4.445
THP1,sirolimus,4.445
CHAGOK1,sirolimus,4.464
KP3,sirolimus,4.468
CALU3,sirolimus,4.476
SKLU1,sirolimus,4.483
SKCO1,sirolimus,4.488
DLD1,sirolimus,4.505
COLO320,sirolimus,4.512
GAMG,sirolimus,4.531
NCIH1573,sirolimus,4.539
G361,sirolimus,4.563
NCIH522,sirolimus,4.592
HCC1833,sirolimus,4.592
NCIH2405,sirolimus,4.593
CFPAC1,sirolimus,4.598
AGS,sirolimus,4.619
SNU449,sirolimus,4.632
NCIH508,sirolimus,4.634
COLO741,sirolimus,4.655
EJM,sirolimus,4.678
CAL12T,sirolimus,4.685
COV644,sirolimus,4.726
JHOC5,sirolimus,4.736
HUPT4,sirolimus,4.757
NCIH2081,sirolimus,4.788
LOVO,sirolimus,4.81
SW403,sirolimus,4.817
KLE,sirolimus,4.822
NCIH1930,sirolimus,4.824
SW480,sirolimus,4.851
BEN,sirolimus,4.852
SNU81,sirolimus,4.867
GP2D,sirolimus,4.869
HCC15,sirolimus,4.876
HS944T,sirolimus,4.878
NCIH2110,sirolimus,4.881
HCT8,sirolimus,4.881
KMBC2,sirolimus,4.89
U2OS,sirolimus,4.891
CAPAN2,sirolimus,4.898
COLO668,sirolimus,4.902
HEC59,sirolimus,4.906
NCIH1963,sirolimus,4.907
CORL51,sirolimus,4.929
COLO205,sirolimus,4.937
CALU6,sirolimus,4.975
MDST8,sirolimus,4.981
C2BBE1,sirolimus,5.009
NCIH1792,sirolimus,5.01
MOLM16,sirolimus,5.016
NCIH1781,sirolimus,5.034
NCIH1694,sirolimus,5.047
NCIH2172,sirolimus,5.056
NCIH2030,sirolimus,5.076
OVMANA,sirolimus,5.092
MKN7,sirolimus,5.096
COV434,sirolimus,5.134
SH10TC,sirolimus,5.16
NCIH841,sirolimus,5.242
SKOV3,sirolimus,5.262
NCIH82,sirolimus,5.262
SW620,sirolimus,5.265
HCT116,sirolimus,5.292
NCIH441,sirolimus,5.31
CORL88,sirolimus,5.315
LN229,sirolimus,5.327
NCIH2052,sirolimus,5.364
NCIH2342,sirolimus,5.37
NCIH28,sirolimus,5.371
VMRCRCW,sirolimus,5.39
NCIH1437,sirolimus,5.399
NCIH661,sirolimus,5.426
NCIH650,sirolimus,5.434
NCIH1755,sirolimus,5.454
MKN74,sirolimus,5.464
A375,sirolimus,5.464
LS180,sirolimus,5.472
FU97,sirolimus,5.496
NCIH1836,sirolimus,5.499
EFO21,sirolimus,5.511
A2780,sirolimus,5.515
HCC33,sirolimus,5.566
HS936T,sirolimus,5.639
SUIT2,sirolimus,5.639
NCIH2122,sirolimus,5.647
NCIH1915,sirolimus,5.654
SCC9,sirolimus,5.655
LCLC103H,sirolimus,5.662
NCIH2023,sirolimus,5.698
SCLC21H,sirolimus,5.732
HT1080,sirolimus,5.745
COV318,sirolimus,5.808
HCC1195,sirolimus,5.821
T3M10,sirolimus,5.861
SNU1040,sirolimus,5.862
HT29,sirolimus,5.873
SNUC5,sirolimus,5.875
SQ1,sirolimus,5.895
SNU175,sirolimus,5.905
HPAC,sirolimus,5.926
CORL23,sirolimus,5.928
KYSE450,sirolimus,5.935
HT55,sirolimus,5.955
OV7,sirolimus,5.957
HT115,sirolimus,5.988
HCC2108,sirolimus,5.998
HCC827,sirolimus,6
CL40,sirolimus,6.006
CL34,sirolimus,6.016
LS123,sirolimus,6.031
JHOS4,sirolimus,6.052
RCM1,sirolimus,6.173
RKO,sirolimus,6.211
JHH6,sirolimus,6.229
LU65,sirolimus,6.248
SKMEL28,sirolimus,6.282
COV362,sirolimus,6.339
SKMEL5,sirolimus,6.454
CAOV3,sirolimus,6.456
SNGM,sirolimus,6.565
RCC10RGB,sirolimus,6.569
CW2,sirolimus,6.653
NCIH2141,sirolimus,6.787
COLO678,sirolimus,6.828
AMO1,sirolimus,6.84
HEPG2,sirolimus,7.061
NCIH460,sirolimus,7.139
SNU61,sirolimus,7.307
OAW42,sirolimus,7.342
DV90,sirolimus,7.468
HCC1359,sirolimus,8.441
NCIH1694,SKI-II,1.035
SCLC21H,SKI-II,1.137
NCIH1963,SKI-II,1.277
LP1,SKI-II,2.34
OVCAR4,SKI-II,2.396
HEC151,SKI-II,2.466
NUDUL1,SKI-II,2.501
COV434,SKI-II,2.571
SKM1,SKI-II,2.607
NCIH1876,SKI-II,2.8
OVKATE,SKI-II,2.855
EJM,SKI-II,3.012
OVCAR8,SKI-II,3.106
SW620,SKI-II,3.13
OCIAML3,SKI-II,3.142
NCIH1105,SKI-II,3.225
NCIH841,SKI-II,3.311
HCC4006,SKI-II,3.332
KMS11,SKI-II,3.366
NCIH1836,SKI-II,3.454
A2780,SKI-II,3.466
NCIH2122,SKI-II,3.54
SW480,SKI-II,3.565
CAL12T,SKI-II,3.705
RMGI,SKI-II,3.744
COLO320,SKI-II,3.771
IGROV1,SKI-II,3.78
NCIH2342,SKI-II,3.81
SNU175,SKI-II,3.828
RPMI8226,SKI-II,3.881
JHOC5,SKI-II,3.964
RKN,SKI-II,4.038
NCIH2081,SKI-II,4.053
THP1,SKI-II,4.059
RMUGS,SKI-II,4.106
TYKNU,SKI-II,4.21
T3M10,SKI-II,4.212
SUDHL5,SKI-II,4.218
NCIH596,SKI-II,4.22
NCIH2023,SKI-II,4.262
NCIH2172,SKI-II,4.281
WSUDLCL2,SKI-II,4.322
A375,SKI-II,4.342
CW2,SKI-II,4.384
SNUC4,SKI-II,4.436
U937,SKI-II,4.442
PL21,SKI-II,4.468
OVK18,SKI-II,4.487
MCF7,SKI-II,4.496
RCC10RGB,SKI-II,4.502
HCT116,SKI-II,4.54
HCC15,SKI-II,4.577
JHUEM2,SKI-II,4.619
MOLM16,SKI-II,4.637
LS180,SKI-II,4.666
NCIH2141,SKI-II,4.668
GDM1,SKI-II,4.672
HCC1833,SKI-II,4.675
HCT8,SKI-II,4.689
OV90,SKI-II,4.771
NCIH441,SKI-II,4.922
HT1080,SKI-II,4.941
HCC1195,SKI-II,4.944
LN229,SKI-II,4.951
HCC2108,SKI-II,4.959
SNUC5,SKI-II,4.987
NCIH2110,SKI-II,4.999
SKMEL5,SKI-II,5.007
HT115,SKI-II,5.038
KM12,SKI-II,5.113
SUDHL4,SKI-II,5.146
SNU1040,SKI-II,5.19
SKLU1,SKI-II,5.213
SQ1,SKI-II,5.245
SCC9,SKI-II,5.307
SNU840,SKI-II,5.336
NOMO1,SKI-II,5.366
U2OS,SKI-II,5.431
NCIH1755,SKI-II,5.446
SKMEL28,SKI-II,5.52
AMO1,SKI-II,5.552
LOVO,SKI-II,5.607
LS123,SKI-II,5.644
HCC2935,SKI-II,5.665
JHOM1,SKI-II,5.679
NCIH2030,SKI-II,5.69
CORL23,SKI-II,5.707
COV644,SKI-II,5.773
HCC827,SKI-II,5.796
CORL51,SKI-II,5.854
RKO,SKI-II,5.913
MDST8,SKI-II,5.933
RCM1,SKI-II,5.983
OV7,SKI-II,6.036
AGS,SKI-II,6.086
OCILY10,SKI-II,6.123
EFO27,SKI-II,6.164
NCIH508,SKI-II,6.264
NCIH460,SKI-II,6.295
HT55,SKI-II,6.306
COLO678,SKI-II,6.309
CAOV3,SKI-II,6.34
HT29,SKI-II,6.426
SNU81,SKI-II,6.481
SKMEL1,SKI-II,6.496
SNU398,SKI-II,6.536
SW948,SKI-II,6.696
SNU61,SKI-II,6.698
CL34,SKI-II,6.853
NCIH3255,SKI-II,6.9
OAW42,SKI-II,6.917
NCIH1781,SKI-II,6.961
HCC1359,SKI-II,6.965
HEPG2,SKI-II,7.011
COV362,SKI-II,7.447
CL40,SKI-II,8.106
SKM1,SN-38,0.073
SUDHL5,SN-38,0.092
WSUDLCL2,SN-38,0.213
COLO668,SN-38,0.259
NUDUL1,SN-38,0.282
THP1,SN-38,0.286
NCIH1694,SN-38,0.334
NCIH1876,SN-38,0.467
PL21,SN-38,0.526
GDM1,SN-38,0.585
MOLM16,SN-38,0.621
CAOV3,SN-38,0.682
NOMO1,SN-38,0.73
U937,SN-38,0.769
JHUEM2,SN-38,0.776
NCIH2286,SN-38,0.885
SUDHL4,SN-38,0.906
NCIH1105,SN-38,0.971
OCIAML3,SN-38,0.973
OVCAR8,SN-38,0.997
EJM,SN-38,1.052
TYKNU,SN-38,1.137
SNU175,SN-38,1.219
AMO1,SN-38,1.254
SKLU1,SN-38,1.288
NCIH2081,SN-38,1.401
RCM1,SN-38,1.435
BL70,SN-38,1.481
JHOC5,SN-38,1.712
NCIH1963,SN-38,1.73
CL34,SN-38,1.809
HCT116,SN-38,1.814
SNUC5,SN-38,1.833
HEC151,SN-38,1.843
LS180,SN-38,1.845
CORL23,SN-38,1.849
OVK18,SN-38,1.869
AGS,SN-38,1.911
LOVO,SN-38,1.97
NCIH1781,SN-38,1.981
OVKATE,SN-38,2.065
NCIH596,SN-38,2.065
RKN,SN-38,2.147
NCIH1930,SN-38,2.16
KLE,SN-38,2.18
OCILY10,SN-38,2.236
SCLC21H,SN-38,2.237
A375,SN-38,2.324
HCC1359,SN-38,2.327
OVCAR4,SN-38,2.414
SNUC4,SN-38,2.544
OV7,SN-38,2.633
ISHIKAWAHERAKLIO02ER,SN-38,2.675
SNU1040,SN-38,2.693
RPMI8226,SN-38,2.835
LXF289,SN-38,2.951
A2780,SN-38,2.955
PC3,SN-38,2.956
RKO,SN-38,2.992
OV90,SN-38,3.034
SW620,SN-38,3.034
NCIH2122,SN-38,3.056
NCIH2141,SN-38,3.171
CW2,SN-38,3.178
HCC15,SN-38,3.256
NCIH508,SN-38,3.26
SNU398,SN-38,3.324
KM12,SN-38,3.409
CORL51,SN-38,3.513
SNU81,SN-38,3.534
NCIH3255,SN-38,3.557
HCC2108,SN-38,3.558
RMGI,SN-38,3.585
NCIH460,SN-38,3.597
NCIH1435,SN-38,3.654
JHOS4,SN-38,3.658
HCC1833,SN-38,3.684
HT1080,SN-38,3.696
COV434,SN-38,3.745
HEC108,SN-38,3.795
SKMEL5,SN-38,3.813
RMUGS,SN-38,3.823
IGROV1,SN-38,3.859
LP1,SN-38,3.909
SQ1,SN-38,3.918
SKMEL1,SN-38,3.937
NCIH441,SN-38,3.981
SW948,SN-38,4.012
CL40,SN-38,4.021
HT115,SN-38,4.107
KMS11,SN-38,4.121
SCC9,SN-38,4.18
OAW42,SN-38,4.202
NCIH2030,SN-38,4.246
EFO27,SN-38,4.337
SW480,SN-38,4.343
NCIH841,SN-38,4.349
NCIH1755,SN-38,4.359
NCIH1915,SN-38,4.372
MDST8,SN-38,4.402
SNGM,SN-38,4.473
HCC2935,SN-38,4.495
GAMG,SN-38,4.508
PATU8902,SN-38,4.521
NCIH2110,SN-38,4.607
RCC10RGB,SN-38,4.619
RERFLCKJ,SN-38,4.638
COLO678,SN-38,4.653
JHOM1,SN-38,4.66
NCIH2023,SN-38,4.707
COV362,SN-38,4.863
HCT8,SN-38,4.909
MKN74,SN-38,4.984
HEC59,SN-38,5.018
MCF7,SN-38,5.079
HT55,SN-38,5.128
OVMANA,SN-38,5.138
T3M10,SN-38,5.192
COV318,SN-38,5.287
HCC4006,SN-38,5.321
NCIH1836,SN-38,5.382
HS852T,SN-38,5.428
LN229,SN-38,5.571
LS123,SN-38,5.577
SNU840,SN-38,5.643
HCC1195,SN-38,5.748
HCC827,SN-38,5.765
HEPG2,SN-38,5.832
SNU449,SN-38,5.965
CAL12T,SN-38,6.14
U2OS,SN-38,6.157
COV644,SN-38,6.303
SNU61,SN-38,6.378
NCIH2342,SN-38,6.417
NCIH2172,SN-38,6.84
SKMEL28,SN-38,7.215
JHH6,SN-38,8.008
HT29,SN-38,8.317
NCIH1963,SNX-2112,3.477
SKM1,SNX-2112,3.648
GDM1,SNX-2112,3.882
SNU175,SNX-2112,4.053
BL70,SNX-2112,4.079
PL21,SNX-2112,4.11
MOLM16,SNX-2112,4.286
OCIAML3,SNX-2112,4.345
HCC2935,SNX-2112,4.493
OVCAR8,SNX-2112,4.515
U937,SNX-2112,4.56
OVKATE,SNX-2112,4.607
CL34,SNX-2112,4.631
THP1,SNX-2112,4.758
HT55,SNX-2112,4.887
WSUDLCL2,SNX-2112,4.981
PATU8902,SNX-2112,5.017
NCIH508,SNX-2112,5.033
GAMG,SNX-2112,5.056
HEPG2,SNX-2112,5.121
AGS,SNX-2112,5.132
HCC1833,SNX-2112,5.143
OVK18,SNX-2112,5.16
HCC15,SNX-2112,5.172
LOVO,SNX-2112,5.194
HCT116,SNX-2112,5.302
HS852T,SNX-2112,5.317
OV90,SNX-2112,5.319
EJM,SNX-2112,5.34
KMS11,SNX-2112,5.344
LXF289,SNX-2112,5.355
SW620,SNX-2112,5.404
NCIH2122,SNX-2112,5.405
HCC2108,SNX-2112,5.412
SUDHL5,SNX-2112,5.413
RKO,SNX-2112,5.415
SNU81,SNX-2112,5.423
KLE,SNX-2112,5.427
A2780,SNX-2112,5.452
NCIH2286,SNX-2112,5.455
CW2,SNX-2112,5.456
JHUEM2,SNX-2112,5.484
LP1,SNX-2112,5.489
SUDHL4,SNX-2112,5.514
ISHIKAWAHERAKLIO02ER,SNX-2112,5.545
LN229,SNX-2112,5.547
JHOC5,SNX-2112,5.555
NCIH1915,SNX-2112,5.566
TYKNU,SNX-2112,5.611
NCIH1105,SNX-2112,5.618
A375,SNX-2112,5.636
IGROV1,SNX-2112,5.644
RCM1,SNX-2112,5.673
PC3,SNX-2112,5.673
COLO668,SNX-2112,5.677
NCIH1755,SNX-2112,5.69
HCC4006,SNX-2112,5.696
KM12,SNX-2112,5.698
NCIH1836,SNX-2112,5.724
NOMO1,SNX-2112,5.725
U2OS,SNX-2112,5.739
SNU1040,SNX-2112,5.758
SCC9,SNX-2112,5.781
HT115,SNX-2112,5.796
NCIH596,SNX-2112,5.829
SW948,SNX-2112,5.839
RERFLCKJ,SNX-2112,5.911
NCIH841,SNX-2112,5.929
NCIH3255,SNX-2112,5.936
HEC151,SNX-2112,5.937
T3M10,SNX-2112,5.943
COV434,SNX-2112,5.95
HEC59,SNX-2112,5.965
EFO27,SNX-2112,5.968
OVMANA,SNX-2112,5.972
RKN,SNX-2112,5.999
NCIH2141,SNX-2112,6
OVCAR4,SNX-2112,6.011
SNU840,SNX-2112,6.015
SNUC5,SNX-2112,6.024
NCIH1694,SNX-2112,6.029
SNUC4,SNX-2112,6.061
CAL12T,SNX-2112,6.095
CAOV3,SNX-2112,6.102
NCIH2030,SNX-2112,6.111
LS180,SNX-2112,6.134
HEC108,SNX-2112,6.141
RMGI,SNX-2112,6.194
JHH6,SNX-2112,6.206
NCIH1435,SNX-2112,6.227
SW480,SNX-2112,6.234
HCC827,SNX-2112,6.237
HT29,SNX-2112,6.258
MDST8,SNX-2112,6.292
MKN74,SNX-2112,6.295
SNGM,SNX-2112,6.34
HT1080,SNX-2112,6.375
HCT8,SNX-2112,6.38
SNU398,SNX-2112,6.398
HCC1195,SNX-2112,6.42
SKLU1,SNX-2112,6.439
LS123,SNX-2112,6.458
MCF7,SNX-2112,6.468
SKMEL1,SNX-2112,6.474
SCLC21H,SNX-2112,6.5
CL40,SNX-2112,6.514
SNU449,SNX-2112,6.525
OCILY10,SNX-2112,6.538
OV7,SNX-2112,6.62
SNU61,SNX-2112,6.626
NCIH1930,SNX-2112,6.636
NCIH2081,SNX-2112,6.64
COV318,SNX-2112,6.654
JHOM1,SNX-2112,6.714
RPMI8226,SNX-2112,6.739
SQ1,SNX-2112,6.76
NCIH441,SNX-2112,6.809
RMUGS,SNX-2112,6.813
CORL23,SNX-2112,6.817
NCIH2342,SNX-2112,6.83
JHOS4,SNX-2112,6.856
NUDUL1,SNX-2112,6.865
NCIH2023,SNX-2112,6.879
NCIH460,SNX-2112,6.951
COV644,SNX-2112,6.977
SKMEL28,SNX-2112,6.993
NCIH1876,SNX-2112,7.018
NCIH1781,SNX-2112,7.093
COLO678,SNX-2112,7.16
NCIH2172,SNX-2112,7.216
SKMEL5,SNX-2112,7.245
RCC10RGB,SNX-2112,7.264
COV362,SNX-2112,7.354
OAW42,SNX-2112,7.505
AMO1,SNX-2112,7.655
CORL51,SNX-2112,7.67
HCC1359,SNX-2112,7.863
NCIH2110,SNX-2112,8.056
AGS,sparfosic acid,2.26
SKMEL1,sparfosic acid,3.261
JHOM1,sparfosic acid,5.093
SNU81,sparfosic acid,5.178
NCIH1963,sparfosic acid,5.388
OVCAR8,sparfosic acid,5.542
COLO678,sparfosic acid,5.635
CL40,sparfosic acid,5.673
HEC151,sparfosic acid,5.68
NCIH1781,sparfosic acid,5.764
HT1080,sparfosic acid,5.847
KM12,sparfosic acid,6.006
CW2,sparfosic acid,6.045
OVKATE,sparfosic acid,6.105
OVK18,sparfosic acid,6.248
RMUGS,sparfosic acid,6.296
OVCAR4,sparfosic acid,6.302
A2780,sparfosic acid,6.396
SKM1,sparfosic acid,6.402
RMGI,sparfosic acid,6.436
NCIH596,sparfosic acid,6.461
NCIH460,sparfosic acid,6.463
SNU840,sparfosic acid,6.492
GDM1,sparfosic acid,6.498
SW948,sparfosic acid,6.508
LN229,sparfosic acid,6.521
SW480,sparfosic acid,6.538
A375,sparfosic acid,6.559
OCIAML3,sparfosic acid,6.586
LS180,sparfosic acid,6.589
MDST8,sparfosic acid,6.609
U937,sparfosic acid,6.621
RKN,sparfosic acid,6.624
SNU1040,sparfosic acid,6.647
T3M10,sparfosic acid,6.673
COLO320,sparfosic acid,6.679
SW620,sparfosic acid,6.683
CL34,sparfosic acid,6.684
JHUEM2,sparfosic acid,6.701
KMS11,sparfosic acid,6.705
SQ1,sparfosic acid,6.724
OV7,sparfosic acid,6.747
IGROV1,sparfosic acid,6.772
NCIH3255,sparfosic acid,6.827
JHOC5,sparfosic acid,6.849
NUDUL1,sparfosic acid,6.857
NCIH1694,sparfosic acid,6.864
HCC2935,sparfosic acid,6.871
LS123,sparfosic acid,6.876
NOMO1,sparfosic acid,6.892
LOVO,sparfosic acid,6.911
MCF7,sparfosic acid,6.913
TYKNU,sparfosic acid,6.914
COV434,sparfosic acid,6.915
EFO27,sparfosic acid,6.924
COV644,sparfosic acid,6.934
NCIH2122,sparfosic acid,6.943
SNU175,sparfosic acid,6.955
MOLM16,sparfosic acid,6.981
CAOV3,sparfosic acid,6.991
OCILY10,sparfosic acid,7
SUDHL4,sparfosic acid,7.01
NCIH2172,sparfosic acid,7.01
NCIH508,sparfosic acid,7.034
WSUDLCL2,sparfosic acid,7.037
SNUC5,sparfosic acid,7.04
HCC2108,sparfosic acid,7.043
NCIH2030,sparfosic acid,7.055
NCIH441,sparfosic acid,7.055
NCIH841,sparfosic acid,7.074
SKLU1,sparfosic acid,7.075
NCIH1876,sparfosic acid,7.082
NCIH2110,sparfosic acid,7.085
AMO1,sparfosic acid,7.09
SKMEL5,sparfosic acid,7.101
LP1,sparfosic acid,7.114
EJM,sparfosic acid,7.118
OV90,sparfosic acid,7.135
HCT116,sparfosic acid,7.151
NCIH2342,sparfosic acid,7.156
HT115,sparfosic acid,7.174
HCT8,sparfosic acid,7.175
THP1,sparfosic acid,7.194
SCLC21H,sparfosic acid,7.209
NCIH2023,sparfosic acid,7.218
HCC1195,sparfosic acid,7.226
HCC15,sparfosic acid,7.263
NCIH2081,sparfosic acid,7.276
SNUC4,sparfosic acid,7.276
HCC827,sparfosic acid,7.277
PL21,sparfosic acid,7.292
CAL12T,sparfosic acid,7.302
RCM1,sparfosic acid,7.318
HCC4006,sparfosic acid,7.333
CORL51,sparfosic acid,7.357
NCIH1105,sparfosic acid,7.358
SNU61,sparfosic acid,7.379
SUDHL5,sparfosic acid,7.467
RPMI8226,sparfosic acid,7.47
OAW42,sparfosic acid,7.488
NCIH1755,sparfosic acid,7.488
HCC1833,sparfosic acid,7.5
HT55,sparfosic acid,7.531
SCC9,sparfosic acid,7.536
RKO,sparfosic acid,7.617
COV362,sparfosic acid,7.646
CORL23,sparfosic acid,7.712
HEPG2,sparfosic acid,7.743
RCC10RGB,sparfosic acid,7.82
SKMEL28,sparfosic acid,7.837
NCIH1836,sparfosic acid,7.937
HT29,sparfosic acid,7.978
SNU398,sparfosic acid,8.654
NCIH2141,sparfosic acid,8.819
HCC1359,sparfosic acid,9.265
GDM1,SR-II-138A,0.741
SKM1,SR-II-138A,1.02
WSUDLCL2,SR-II-138A,1.263
OCIAML3,SR-II-138A,1.345
NCIH1963,SR-II-138A,1.523
SUDHL4,SR-II-138A,1.612
NUDUL1,SR-II-138A,1.695
KMS11,SR-II-138A,1.882
BL70,SR-II-138A,1.949
PL21,SR-II-138A,2.127
RPMI8226,SR-II-138A,2.147
OCILY10,SR-II-138A,2.249
EJM,SR-II-138A,2.436
NCIH1836,SR-II-138A,2.486
SUDHL5,SR-II-138A,2.639
KM12,SR-II-138A,2.762
CORL51,SR-II-138A,2.825
THP1,SR-II-138A,2.832
HCC4006,SR-II-138A,2.835
OVK18,SR-II-138A,2.858
U937,SR-II-138A,2.88
HCT116,SR-II-138A,2.952
SNUC4,SR-II-138A,2.977
NOMO1,SR-II-138A,2.982
NCIH1694,SR-II-138A,2.998
OVCAR8,SR-II-138A,3.011
LS180,SR-II-138A,3.045
SNU175,SR-II-138A,3.074
JHOC5,SR-II-138A,3.076
KLE,SR-II-138A,3.086
OVKATE,SR-II-138A,3.091
NCIH1105,SR-II-138A,3.159
NCIH2122,SR-II-138A,3.161
HCC1833,SR-II-138A,3.169
OVCAR4,SR-II-138A,3.18
SCLC21H,SR-II-138A,3.213
NCIH1876,SR-II-138A,3.226
NCIH596,SR-II-138A,3.241
MOLM16,SR-II-138A,3.247
SNU81,SR-II-138A,3.288
HEC151,SR-II-138A,3.298
COLO668,SR-II-138A,3.367
LOVO,SR-II-138A,3.384
RMUGS,SR-II-138A,3.386
NCIH2286,SR-II-138A,3.438
LXF289,SR-II-138A,3.454
JHUEM2,SR-II-138A,3.519
PC3,SR-II-138A,3.553
SW948,SR-II-138A,3.686
ISHIKAWAHERAKLIO02ER,SR-II-138A,3.727
PATU8902,SR-II-138A,3.734
SNUC5,SR-II-138A,3.741
LP1,SR-II-138A,3.772
CAL12T,SR-II-138A,3.775
SKLU1,SR-II-138A,3.78
JHOS4,SR-II-138A,3.808
MKN74,SR-II-138A,3.823
A375,SR-II-138A,3.894
HCC15,SR-II-138A,3.928
NCIH1930,SR-II-138A,3.945
MCF7,SR-II-138A,3.949
COLO320,SR-II-138A,3.956
COLO678,SR-II-138A,3.984
CW2,SR-II-138A,4.001
HT115,SR-II-138A,4.041
RKN,SR-II-138A,4.042
RCM1,SR-II-138A,4.069
CL34,SR-II-138A,4.082
RMGI,SR-II-138A,4.124
CAOV3,SR-II-138A,4.131
NCIH841,SR-II-138A,4.149
HEC108,SR-II-138A,4.156
HT55,SR-II-138A,4.193
T3M10,SR-II-138A,4.216
SW620,SR-II-138A,4.224
JHOM1,SR-II-138A,4.262
TYKNU,SR-II-138A,4.277
NCIH508,SR-II-138A,4.296
U2OS,SR-II-138A,4.315
SW480,SR-II-138A,4.334
NCIH2141,SR-II-138A,4.338
SNU1040,SR-II-138A,4.338
HCT8,SR-II-138A,4.375
AMO1,SR-II-138A,4.391
SNGM,SR-II-138A,4.404
CL40,SR-II-138A,4.45
SQ1,SR-II-138A,4.494
LS123,SR-II-138A,4.504
NCIH2081,SR-II-138A,4.523
NCIH1435,SR-II-138A,4.534
HCC827,SR-II-138A,4.544
NCIH1915,SR-II-138A,4.561
NCIH441,SR-II-138A,4.59
SKMEL1,SR-II-138A,4.598
CORL23,SR-II-138A,4.622
HS852T,SR-II-138A,4.652
HCC2935,SR-II-138A,4.657
SNU398,SR-II-138A,4.674
NCIH3255,SR-II-138A,4.713
RERFLCKJ,SR-II-138A,4.764
OV90,SR-II-138A,4.776
A2780,SR-II-138A,4.784
RKO,SR-II-138A,4.841
SNU840,SR-II-138A,4.846
GAMG,SR-II-138A,4.851
HCC2108,SR-II-138A,4.869
LN229,SR-II-138A,4.948
SCC9,SR-II-138A,4.978
AGS,SR-II-138A,4.99
IGROV1,SR-II-138A,4.998
COV318,SR-II-138A,5
HT1080,SR-II-138A,5.062
NCIH1781,SR-II-138A,5.09
SKMEL5,SR-II-138A,5.095
NCIH2342,SR-II-138A,5.122
HEC59,SR-II-138A,5.147
NCIH2023,SR-II-138A,5.157
COV644,SR-II-138A,5.173
MDST8,SR-II-138A,5.185
SNU449,SR-II-138A,5.197
EFO27,SR-II-138A,5.23
NCIH2030,SR-II-138A,5.231
NCIH460,SR-II-138A,5.245
OVMANA,SR-II-138A,5.291
HCC1195,SR-II-138A,5.321
COV434,SR-II-138A,5.331
NCIH1755,SR-II-138A,5.338
NCIH2172,SR-II-138A,5.34
NCIH2110,SR-II-138A,5.345
SNU61,SR-II-138A,5.489
HT29,SR-II-138A,5.629
COV362,SR-II-138A,6.223
HCC1359,SR-II-138A,6.225
JHH6,SR-II-138A,6.405
HEPG2,SR-II-138A,6.422
OV7,SR-II-138A,6.59
RCC10RGB,SR-II-138A,6.722
OAW42,SR-II-138A,6.738
SKMEL28,SR-II-138A,7.414
NCIH1963,T-5345967,1.681
HEC151,T-5345967,2.925
NUDUL1,T-5345967,3.036
SUDHL5,T-5345967,3.174
PL21,T-5345967,3.526
SCLC21H,T-5345967,3.55
OVK18,T-5345967,3.651
KMS11,T-5345967,3.719
SW480,T-5345967,3.812
GDM1,T-5345967,3.874
LP1,T-5345967,3.982
OCIAML3,T-5345967,4.077
SNUC5,T-5345967,4.13
COV434,T-5345967,4.158
NCIH1694,T-5345967,4.16
OVCAR8,T-5345967,4.408
OVCAR4,T-5345967,4.454
RCC10RGB,T-5345967,4.527
U937,T-5345967,4.537
SKM1,T-5345967,4.599
NCIH1836,T-5345967,4.672
NCIH2342,T-5345967,4.677
SNU398,T-5345967,4.694
NCIH1105,T-5345967,4.871
CORL51,T-5345967,4.908
NCIH2110,T-5345967,4.933
NOMO1,T-5345967,4.998
RMUGS,T-5345967,5.055
RKN,T-5345967,5.089
OVKATE,T-5345967,5.093
NCIH1876,T-5345967,5.101
COLO320,T-5345967,5.101
NCIH2141,T-5345967,5.14
SW620,T-5345967,5.213
SNU175,T-5345967,5.22
A2780,T-5345967,5.274
EFO27,T-5345967,5.302
SUDHL4,T-5345967,5.334
HCC1359,T-5345967,5.356
IGROV1,T-5345967,5.362
HCC2108,T-5345967,5.373
RPMI8226,T-5345967,5.444
WSUDLCL2,T-5345967,5.45
EJM,T-5345967,5.452
NCIH841,T-5345967,5.472
CW2,T-5345967,5.591
OV90,T-5345967,5.592
LS180,T-5345967,5.646
COLO678,T-5345967,5.683
OCILY10,T-5345967,5.694
MCF7,T-5345967,5.695
NCIH2081,T-5345967,5.734
SKMEL5,T-5345967,5.745
RMGI,T-5345967,5.778
TYKNU,T-5345967,5.849
CAL12T,T-5345967,5.865
THP1,T-5345967,5.882
NCIH3255,T-5345967,6.014
HCC1195,T-5345967,6.024
HCC1833,T-5345967,6.09
LN229,T-5345967,6.092
NCIH2030,T-5345967,6.097
NCIH2172,T-5345967,6.137
JHOC5,T-5345967,6.141
LS123,T-5345967,6.145
HCT116,T-5345967,6.17
HCC4006,T-5345967,6.202
SW948,T-5345967,6.203
JHUEM2,T-5345967,6.263
NCIH1781,T-5345967,6.271
SKLU1,T-5345967,6.282
HCC2935,T-5345967,6.285
HEPG2,T-5345967,6.322
SNU1040,T-5345967,6.372
HCT8,T-5345967,6.405
SKMEL28,T-5345967,6.41
T3M10,T-5345967,6.441
HT1080,T-5345967,6.446
HCC15,T-5345967,6.461
SNU61,T-5345967,6.481
NCIH596,T-5345967,6.505
NCIH2023,T-5345967,6.506
SNU840,T-5345967,6.513
CL34,T-5345967,6.526
SNUC4,T-5345967,6.535
NCIH441,T-5345967,6.544
SNU81,T-5345967,6.548
KM12,T-5345967,6.553
MOLM16,T-5345967,6.604
JHOM1,T-5345967,6.611
HT29,T-5345967,6.637
HT115,T-5345967,6.679
HT55,T-5345967,6.687
HCC827,T-5345967,6.706
CAOV3,T-5345967,6.718
LOVO,T-5345967,6.728
COV644,T-5345967,6.734
CORL23,T-5345967,6.779
A375,T-5345967,6.779
NCIH1755,T-5345967,6.8
NCIH508,T-5345967,6.831
MDST8,T-5345967,6.851
SKMEL1,T-5345967,6.858
SCC9,T-5345967,6.931
RCM1,T-5345967,6.959
AGS,T-5345967,7.092
SQ1,T-5345967,7.093
COV362,T-5345967,7.094
RKO,T-5345967,7.115
NCIH460,T-5345967,7.123
CL40,T-5345967,7.239
NCIH2122,T-5345967,7.253
OV7,T-5345967,7.278
OAW42,T-5345967,7.409
AMO1,T-5345967,7.68
OVKATE,tamatinib,1.227
GDM1,tamatinib,1.964
NCIH3255,tamatinib,2.118
KM12,tamatinib,2.37
JHUEM2,tamatinib,2.533
KMS11,tamatinib,2.698
MOLM16,tamatinib,2.812
IGROV1,tamatinib,3.077
LXF289,tamatinib,3.12
JHOM1,tamatinib,3.132
SKLU1,tamatinib,3.192
RMGI,tamatinib,3.374
HCC827,tamatinib,3.581
HCC15,tamatinib,3.631
SNU449,tamatinib,3.692
SCC9,tamatinib,3.718
NCIH2286,tamatinib,3.726
COLO678,tamatinib,3.728
WSUDLCL2,tamatinib,3.742
SNU840,tamatinib,3.772
NCIH1755,tamatinib,3.798
OVCAR4,tamatinib,3.847
RMUGS,tamatinib,3.952
BL70,tamatinib,3.969
HEC151,tamatinib,3.977
OCIAML3,tamatinib,4.004
HCC2935,tamatinib,4.025
SNU1040,tamatinib,4.031
HCC1833,tamatinib,4.104
SKM1,tamatinib,4.124
T3M10,tamatinib,4.139
LS180,tamatinib,4.15
LOVO,tamatinib,4.217
NCIH1435,tamatinib,4.268
AGS,tamatinib,4.288
CAL12T,tamatinib,4.309
NCIH596,tamatinib,4.313
NCIH1781,tamatinib,4.322
OVCAR8,tamatinib,4.372
PL21,tamatinib,4.448
U937,tamatinib,4.469
SUDHL5,tamatinib,4.476
RCM1,tamatinib,4.5
GAMG,tamatinib,4.505
NCIH1963,tamatinib,4.534
SNU175,tamatinib,4.54
NOMO1,tamatinib,4.578
NCIH2030,tamatinib,4.641
NCIH2110,tamatinib,4.646
U2OS,tamatinib,4.698
HS852T,tamatinib,4.7
NCIH841,tamatinib,4.74
COV434,tamatinib,4.759
NCIH441,tamatinib,4.771
HCC4006,tamatinib,4.81
ISHIKAWAHERAKLIO02ER,tamatinib,4.84
COLO320,tamatinib,4.849
SUDHL4,tamatinib,4.867
PC3,tamatinib,4.867
PATU8902,tamatinib,4.918
COV362,tamatinib,4.933
SNUC4,tamatinib,4.949
CORL51,tamatinib,4.987
EFO27,tamatinib,4.997
MCF7,tamatinib,5.023
LN229,tamatinib,5.03
HCC2108,tamatinib,5.033
SW620,tamatinib,5.051
SW480,tamatinib,5.065
JHOS4,tamatinib,5.068
OVK18,tamatinib,5.084
JHOC5,tamatinib,5.146
EJM,tamatinib,5.151
HT115,tamatinib,5.185
SQ1,tamatinib,5.186
CAOV3,tamatinib,5.193
COLO668,tamatinib,5.216
NCIH2122,tamatinib,5.277
OV7,tamatinib,5.299
NCIH1876,tamatinib,5.32
KLE,tamatinib,5.356
A375,tamatinib,5.44
OCILY10,tamatinib,5.443
TYKNU,tamatinib,5.468
RCC10RGB,tamatinib,5.47
NCIH1694,tamatinib,5.533
NCIH2172,tamatinib,5.547
HCT116,tamatinib,5.595
SNU81,tamatinib,5.605
NCIH2023,tamatinib,5.608
OV90,tamatinib,5.619
SNU398,tamatinib,5.638
RKN,tamatinib,5.65
MKN74,tamatinib,5.685
HCT8,tamatinib,5.686
NCIH2081,tamatinib,5.707
A2780,tamatinib,5.765
HT29,tamatinib,5.773
RKO,tamatinib,5.792
COV318,tamatinib,5.826
HT1080,tamatinib,5.834
COV644,tamatinib,5.938
SW948,tamatinib,5.947
JHH6,tamatinib,5.948
THP1,tamatinib,5.957
RPMI8226,tamatinib,5.988
CL40,tamatinib,5.993
CW2,tamatinib,5.994
HT55,tamatinib,6.01
LS123,tamatinib,6.028
OVMANA,tamatinib,6.052
MDST8,tamatinib,6.086
LP1,tamatinib,6.101
NCIH2342,tamatinib,6.103
SNUC5,tamatinib,6.114
SKMEL28,tamatinib,6.144
SNU61,tamatinib,6.172
RERFLCKJ,tamatinib,6.229
SNGM,tamatinib,6.273
SKMEL1,tamatinib,6.285
OAW42,tamatinib,6.334
HEPG2,tamatinib,6.335
NCIH1105,tamatinib,6.337
HEC59,tamatinib,6.345
NCIH508,tamatinib,6.391
HEC108,tamatinib,6.402
CL34,tamatinib,6.491
NCIH1915,tamatinib,6.546
NCIH1930,tamatinib,6.556
SKMEL5,tamatinib,6.567
NCIH1836,tamatinib,6.571
NCIH460,tamatinib,6.685
HCC1195,tamatinib,6.7
SCLC21H,tamatinib,6.712
CORL23,tamatinib,6.781
HCC1359,tamatinib,7.261
AMO1,tamatinib,7.29
NCIH2141,tamatinib,7.654
NUDUL1,tamatinib,9.765
NCIH508,tamoxifen,2.237
SCLC21H,tamoxifen,3.341
COV434,tamoxifen,3.413
OCIAML3,tamoxifen,3.462
LP1,tamoxifen,3.729
HEC151,tamoxifen,3.804
OVK18,tamoxifen,3.828
LS180,tamoxifen,3.854
MCF7,tamoxifen,3.898
GDM1,tamoxifen,3.916
PL21,tamoxifen,3.924
NCIH2342,tamoxifen,3.935
NCIH1963,tamoxifen,3.958
CORL51,tamoxifen,4.023
KMS11,tamoxifen,4.026
OVKATE,tamoxifen,4.067
RMUGS,tamoxifen,4.093
U937,tamoxifen,4.113
SNU398,tamoxifen,4.148
NOMO1,tamoxifen,4.156
WSUDLCL2,tamoxifen,4.173
SNUC5,tamoxifen,4.188
NCIH2081,tamoxifen,4.23
NCIH1836,tamoxifen,4.244
RPMI8226,tamoxifen,4.278
NCIH1876,tamoxifen,4.339
RMGI,tamoxifen,4.34
OVCAR4,tamoxifen,4.344
T3M10,tamoxifen,4.378
SNU81,tamoxifen,4.399
HT115,tamoxifen,4.401
SW620,tamoxifen,4.413
AGS,tamoxifen,4.44
OVCAR8,tamoxifen,4.457
NCIH841,tamoxifen,4.472
SKM1,tamoxifen,4.495
SW480,tamoxifen,4.547
RCM1,tamoxifen,4.569
OV90,tamoxifen,4.581
HCC1833,tamoxifen,4.607
HCC1359,tamoxifen,4.612
HCC2935,tamoxifen,4.628
NCIH596,tamoxifen,4.629
SNU61,tamoxifen,4.632
NCIH2141,tamoxifen,4.656
HT55,tamoxifen,4.663
SKMEL5,tamoxifen,4.672
EJM,tamoxifen,4.695
NCIH441,tamoxifen,4.704
COV644,tamoxifen,4.713
MOLM16,tamoxifen,4.72
LN229,tamoxifen,4.721
A2780,tamoxifen,4.748
SNU175,tamoxifen,4.752
CW2,tamoxifen,4.756
NCIH2023,tamoxifen,4.781
CAL12T,tamoxifen,4.793
SUDHL5,tamoxifen,4.809
COLO678,tamoxifen,4.811
KM12,tamoxifen,4.84
HCC1195,tamoxifen,4.871
RKO,tamoxifen,4.883
RCC10RGB,tamoxifen,4.888
IGROV1,tamoxifen,4.903
LOVO,tamoxifen,4.909
THP1,tamoxifen,4.919
HCC4006,tamoxifen,4.921
TYKNU,tamoxifen,4.93
RKN,tamoxifen,4.976
NCIH3255,tamoxifen,4.992
U2OS,tamoxifen,4.992
NCIH2122,tamoxifen,5.016
SKLU1,tamoxifen,5.018
SNU840,tamoxifen,5.02
HCC15,tamoxifen,5.047
COLO320,tamoxifen,5.056
JHUEM2,tamoxifen,5.074
JHOM1,tamoxifen,5.08
CL40,tamoxifen,5.081
NCIH1781,tamoxifen,5.088
NCIH1694,tamoxifen,5.09
SNUC4,tamoxifen,5.105
HT29,tamoxifen,5.115
HCC2108,tamoxifen,5.116
SKMEL1,tamoxifen,5.165
SW948,tamoxifen,5.168
A375,tamoxifen,5.173
CL34,tamoxifen,5.174
COV362,tamoxifen,5.183
OV7,tamoxifen,5.226
CAOV3,tamoxifen,5.243
SCC9,tamoxifen,5.263
SNU1040,tamoxifen,5.265
MDST8,tamoxifen,5.287
JHOC5,tamoxifen,5.309
NCIH2030,tamoxifen,5.319
HT1080,tamoxifen,5.335
NCIH2172,tamoxifen,5.34
HCT116,tamoxifen,5.383
HEPG2,tamoxifen,5.388
NCIH1755,tamoxifen,5.389
SKMEL28,tamoxifen,5.403
NCIH460,tamoxifen,5.444
HCC827,tamoxifen,5.445
SUDHL4,tamoxifen,5.511
HCT8,tamoxifen,5.575
OAW42,tamoxifen,5.601
SQ1,tamoxifen,5.614
EFO27,tamoxifen,5.659
AMO1,tamoxifen,5.685
CORL23,tamoxifen,5.77
OCILY10,tamoxifen,5.891
NCIH2110,tamoxifen,6.042
LS123,tamoxifen,6.167
NUDUL1,tamoxifen,6.598
NCIH1105,tamoxifen,8.304
AGS,tanespimycin,1.721
LXF289,tanespimycin,2.192
SNU175,tanespimycin,2.293
HCC1833,tanespimycin,2.438
NCIH596,tanespimycin,2.533
KMS11,tanespimycin,2.563
OVCAR8,tanespimycin,2.721
NCIH2286,tanespimycin,2.78
HS852T,tanespimycin,2.831
OV90,tanespimycin,2.936
NCIH1915,tanespimycin,2.975
NCIH2122,tanespimycin,2.985
HCC15,tanespimycin,3.143
JHUEM2,tanespimycin,3.275
NCIH1435,tanespimycin,3.286
LS180,tanespimycin,3.394
HCC2935,tanespimycin,3.483
HEPG2,tanespimycin,3.509
GAMG,tanespimycin,3.516
SW620,tanespimycin,3.562
HCC2108,tanespimycin,3.634
T3M10,tanespimycin,3.769
SCC9,tanespimycin,3.808
LN229,tanespimycin,3.821
NCIH508,tanespimycin,3.831
CL34,tanespimycin,3.876
KM12,tanespimycin,3.914
ISHIKAWAHERAKLIO02ER,tanespimycin,3.944
OVK18,tanespimycin,3.972
NCIH2342,tanespimycin,4.011
COLO668,tanespimycin,4.035
HT55,tanespimycin,4.114
NCIH3255,tanespimycin,4.197
U937,tanespimycin,4.241
CAOV3,tanespimycin,4.333
A2780,tanespimycin,4.393
OCIAML3,tanespimycin,4.415
SNU1040,tanespimycin,4.436
SKM1,tanespimycin,4.471
MOLM16,tanespimycin,4.504
NCIH1963,tanespimycin,4.552
SKMEL1,tanespimycin,4.599
SNUC5,tanespimycin,4.603
OVKATE,tanespimycin,4.616
RKO,tanespimycin,4.617
HCT116,tanespimycin,4.717
LP1,tanespimycin,4.74
NCIH1755,tanespimycin,4.761
TYKNU,tanespimycin,4.777
SNU61,tanespimycin,4.806
PL21,tanespimycin,4.966
A375,tanespimycin,4.971
RCM1,tanespimycin,5.031
OCILY10,tanespimycin,5.039
SNU840,tanespimycin,5.074
SKLU1,tanespimycin,5.087
KLE,tanespimycin,5.133
HT115,tanespimycin,5.171
SW480,tanespimycin,5.197
COV434,tanespimycin,5.265
THP1,tanespimycin,5.303
HT29,tanespimycin,5.361
SW948,tanespimycin,5.367
RERFLCKJ,tanespimycin,5.37
EFO27,tanespimycin,5.4
U2OS,tanespimycin,5.465
PC3,tanespimycin,5.472
NCIH460,tanespimycin,5.489
NOMO1,tanespimycin,5.5
SNUC4,tanespimycin,5.551
LOVO,tanespimycin,5.556
NCIH2110,tanespimycin,5.565
SNU81,tanespimycin,5.585
OV7,tanespimycin,5.597
NCIH441,tanespimycin,5.602
OVCAR4,tanespimycin,5.711
MKN74,tanespimycin,5.735
WSUDLCL2,tanespimycin,5.781
IGROV1,tanespimycin,5.783
JHOM1,tanespimycin,5.793
MDST8,tanespimycin,5.795
RMGI,tanespimycin,5.797
JHOC5,tanespimycin,5.819
SCLC21H,tanespimycin,5.82
CW2,tanespimycin,5.849
RPMI8226,tanespimycin,5.859
PATU8902,tanespimycin,5.866
HEC59,tanespimycin,5.868
HCC1195,tanespimycin,5.887
CL40,tanespimycin,5.889
NCIH2141,tanespimycin,5.946
HCC4006,tanespimycin,5.961
GDM1,tanespimycin,5.981
NCIH841,tanespimycin,5.995
NCIH2030,tanespimycin,5.998
NCIH1836,tanespimycin,6.033
COLO678,tanespimycin,6.038
MCF7,tanespimycin,6.125
HCT8,tanespimycin,6.164
NCIH2023,tanespimycin,6.206
BL70,tanespimycin,6.225
LS123,tanespimycin,6.25
SNGM,tanespimycin,6.26
NCIH1930,tanespimycin,6.27
HEC108,tanespimycin,6.273
HT1080,tanespimycin,6.278
SKMEL5,tanespimycin,6.306
SUDHL5,tanespimycin,6.338
NCIH1105,tanespimycin,6.41
HEC151,tanespimycin,6.413
HCC827,tanespimycin,6.419
JHOS4,tanespimycin,6.421
NCIH2172,tanespimycin,6.483
OVMANA,tanespimycin,6.512
COV318,tanespimycin,6.513
CAL12T,tanespimycin,6.534
NCIH1694,tanespimycin,6.571
COV644,tanespimycin,6.67
SNU449,tanespimycin,6.675
JHH6,tanespimycin,6.676
SNU398,tanespimycin,6.682
NCIH2081,tanespimycin,6.694
RKN,tanespimycin,6.805
SQ1,tanespimycin,6.827
SUDHL4,tanespimycin,6.839
RMUGS,tanespimycin,6.861
EJM,tanespimycin,6.863
RCC10RGB,tanespimycin,7.047
NCIH1781,tanespimycin,7.066
COV362,tanespimycin,7.096
NUDUL1,tanespimycin,7.112
CORL51,tanespimycin,7.162
CORL23,tanespimycin,7.174
NCIH1876,tanespimycin,7.289
OAW42,tanespimycin,7.389
SKMEL28,tanespimycin,7.432
AMO1,tanespimycin,7.44
HCC1359,tanespimycin,7.946
SUDHL5,teniposide,0.181
NUDUL1,teniposide,0.315
SKM1,teniposide,0.424
WSUDLCL2,teniposide,1.097
JHUEM2,teniposide,1.153
U937,teniposide,1.275
THP1,teniposide,1.349
OCIAML3,teniposide,1.361
NCIH1876,teniposide,1.565
SUDHL4,teniposide,1.67
SNU175,teniposide,1.679
AGS,teniposide,1.878
NCIH1694,teniposide,1.937
NCIH596,teniposide,1.988
OVCAR8,teniposide,2.008
NCIH1105,teniposide,2.114
OVK18,teniposide,2.345
NCIH1963,teniposide,2.358
GDM1,teniposide,2.376
LS180,teniposide,2.444
CL34,teniposide,2.475
OVKATE,teniposide,2.645
NCIH2081,teniposide,2.671
PL21,teniposide,2.707
SKLU1,teniposide,2.929
RPMI8226,teniposide,2.934
NOMO1,teniposide,2.969
LOVO,teniposide,3.01
A2780,teniposide,3.106
HCC15,teniposide,3.147
HEC151,teniposide,3.209
SW948,teniposide,3.307
RKN,teniposide,3.335
A375,teniposide,3.443
HT1080,teniposide,3.467
CAOV3,teniposide,3.468
KMS11,teniposide,3.508
SNUC4,teniposide,3.601
KM12,teniposide,3.611
SNU81,teniposide,3.633
TYKNU,teniposide,3.779
MOLM16,teniposide,3.812
SNUC5,teniposide,3.821
JHOC5,teniposide,3.836
EJM,teniposide,3.909
SCLC21H,teniposide,4.034
HCT116,teniposide,4.066
COV434,teniposide,4.28
SCC9,teniposide,4.325
NCIH841,teniposide,4.521
NCIH2030,teniposide,4.563
NCIH1781,teniposide,4.589
SNU398,teniposide,4.606
SKMEL1,teniposide,4.662
SNU1040,teniposide,4.773
RKO,teniposide,4.783
NCIH460,teniposide,4.796
OV90,teniposide,4.827
NCIH441,teniposide,4.891
AMO1,teniposide,4.931
IGROV1,teniposide,4.996
NCIH2110,teniposide,5.01
OV7,teniposide,5.039
HCC827,teniposide,5.109
HCC2108,teniposide,5.115
NCIH2122,teniposide,5.148
HT115,teniposide,5.162
NCIH2141,teniposide,5.179
CL40,teniposide,5.217
EFO27,teniposide,5.217
SW620,teniposide,5.242
COV362,teniposide,5.247
MDST8,teniposide,5.295
RCM1,teniposide,5.314
HCC1833,teniposide,5.352
NCIH508,teniposide,5.377
SKMEL5,teniposide,5.377
RMUGS,teniposide,5.378
MCF7,teniposide,5.39
NCIH2023,teniposide,5.405
CORL51,teniposide,5.412
U2OS,teniposide,5.417
NCIH3255,teniposide,5.438
CW2,teniposide,5.527
LN229,teniposide,5.532
HT55,teniposide,5.573
NCIH2342,teniposide,5.586
RMGI,teniposide,5.606
HCC1195,teniposide,5.674
CORL23,teniposide,5.689
OVCAR4,teniposide,5.698
SNU61,teniposide,5.747
SNU840,teniposide,5.824
JHOM1,teniposide,5.895
SW480,teniposide,5.899
NCIH1755,teniposide,5.983
HCC2935,teniposide,6.018
HCC4006,teniposide,6.059
OAW42,teniposide,6.079
COLO678,teniposide,6.109
OCILY10,teniposide,6.125
CAL12T,teniposide,6.145
T3M10,teniposide,6.298
SQ1,teniposide,6.31
LS123,teniposide,6.325
LP1,teniposide,6.411
HEPG2,teniposide,6.621
NCIH2172,teniposide,6.638
COLO320,teniposide,6.643
SKMEL28,teniposide,6.683
NCIH1836,teniposide,6.72
HCT8,teniposide,6.792
COV644,teniposide,6.917
RCC10RGB,teniposide,7.028
HCC1359,teniposide,7.34
HT29,teniposide,8.455
MOLM16,TG-101348,0.959
OCIAML3,TG-101348,1.007
NOMO1,TG-101348,1.332
GDM1,TG-101348,1.4
KMS11,TG-101348,1.453
PL21,TG-101348,1.689
SUDHL5,TG-101348,1.709
AGS,TG-101348,1.742
SKM1,TG-101348,1.744
THP1,TG-101348,1.84
KM12,TG-101348,1.879
OVKATE,TG-101348,1.887
BL70,TG-101348,2.093
HS852T,TG-101348,2.184
SCLC21H,TG-101348,2.218
COV434,TG-101348,2.352
SW48,TG-101348,2.442
SNU175,TG-101348,2.442
NCIH1568,TG-101348,2.473
U937,TG-101348,2.514
KU812,TG-101348,2.651
G401,TG-101348,2.707
JHUEM2,TG-101348,2.736
WSUDLCL2,TG-101348,2.74
HEC151,TG-101348,2.807
NCIH1666,TG-101348,2.873
MSTO211H,TG-101348,2.877
COLO678,TG-101348,2.88
SKLU1,TG-101348,2.9
RT4,TG-101348,2.925
HCC1833,TG-101348,2.936
NCIH1048,TG-101348,2.94
KE97,TG-101348,2.946
IGROV1,TG-101348,2.969
LOVO,TG-101348,3.016
HCC15,TG-101348,3.076
SCC9,TG-101348,3.093
RMUGS,TG-101348,3.116
A375,TG-101348,3.118
LU99,TG-101348,3.12
HT1376,TG-101348,3.172
OVCAR8,TG-101348,3.178
GP2D,TG-101348,3.207
HT115,TG-101348,3.212
SW948,TG-101348,3.227
VMRCLCD,TG-101348,3.254
P3HR1,TG-101348,3.284
FU97,TG-101348,3.308
ISHIKAWAHERAKLIO02ER,TG-101348,3.337
MCF7,TG-101348,3.337
LS513,TG-101348,3.355
NCIH1963,TG-101348,3.366
JHOM1,TG-101348,3.384
OCILY10,TG-101348,3.387
SNU840,TG-101348,3.388
HUPT4,TG-101348,3.394
SNUC5,TG-101348,3.419
NCIH441,TG-101348,3.429
LCLC97TM1,TG-101348,3.449
NCIH1299,TG-101348,3.468
RCM1,TG-101348,3.469
OVK18,TG-101348,3.473
LN229,TG-101348,3.483
EBC1,TG-101348,3.517
NCIH596,TG-101348,3.53
COLO205,TG-101348,3.53
NCIH28,TG-101348,3.535
NUDUL1,TG-101348,3.62
RMGI,TG-101348,3.632
LS411N,TG-101348,3.656
NCIH23,TG-101348,3.656
NCIH727,TG-101348,3.666
NCIH2342,TG-101348,3.676
CAOV3,TG-101348,3.681
LS180,TG-101348,3.692
NCIH1944,TG-101348,3.706
5637,TG-101348,3.728
NCIH1435,TG-101348,3.73
NCIH810,TG-101348,3.751
HCC44,TG-101348,3.751
HCT116,TG-101348,3.754
COV644,TG-101348,3.763
CL34,TG-101348,3.775
NCIH1876,TG-101348,3.778
NCIH3255,TG-101348,3.791
KP3,TG-101348,3.796
CAPAN2,TG-101348,3.803
NCIH1373,TG-101348,3.812
NCIH2286,TG-101348,3.838
HCC2108,TG-101348,3.86
EJM,TG-101348,3.871
CAL12T,TG-101348,3.878
NCIH2052,TG-101348,3.903
SNUC2A,TG-101348,3.913
MFE319,TG-101348,3.955
CORL88,TG-101348,3.962
NCIH1573,TG-101348,3.973
OVCAR4,TG-101348,3.979
U2OS,TG-101348,3.981
HT,TG-101348,4.019
A549,TG-101348,4.022
DMS273,TG-101348,4.024
NCIH1792,TG-101348,4.035
PC3,TG-101348,4.047
C2BBE1,TG-101348,4.056
SNU1040,TG-101348,4.06
TYKNU,TG-101348,4.068
SUDHL4,TG-101348,4.074
NCIH2126,TG-101348,4.079
NCIH2009,TG-101348,4.088
SKCO1,TG-101348,4.09
NCIH508,TG-101348,4.091
SKOV3,TG-101348,4.096
NCIH1755,TG-101348,4.098
SHP77,TG-101348,4.12
VMRCRCW,TG-101348,4.122
MC116,TG-101348,4.125
NCIH2122,TG-101348,4.129
OV90,TG-101348,4.165
SNU81,TG-101348,4.167
COLO668,TG-101348,4.183
PANC1005,TG-101348,4.195
NCIH1781,TG-101348,4.207
JHOC5,TG-101348,4.232
NCIH358,TG-101348,4.255
COV362,TG-101348,4.262
SNU398,TG-101348,4.275
CORL51,TG-101348,4.293
LP1,TG-101348,4.296
HCC78,TG-101348,4.299
RPMI8226,TG-101348,4.311
HCC33,TG-101348,4.314
NCIH2405,TG-101348,4.316
NCIH841,TG-101348,4.324
NCIH1793,TG-101348,4.352
NCIH1355,TG-101348,4.355
CFPAC1,TG-101348,4.359
NCIH522,TG-101348,4.368
HARA,TG-101348,4.396
LC1SQSF,TG-101348,4.422
LCLC103H,TG-101348,4.474
A2780,TG-101348,4.48
KNS62,TG-101348,4.488
BEN,TG-101348,4.488
SNUC4,TG-101348,4.498
SUIT2,TG-101348,4.543
NCIH1975,TG-101348,4.551
EPLC272H,TG-101348,4.559
RKO,TG-101348,4.577
CW2,TG-101348,4.605
NCIH2029,TG-101348,4.606
NUGC4,TG-101348,4.614
T3M10,TG-101348,4.614
CORL279,TG-101348,4.655
CL40,TG-101348,4.668
SQ1,TG-101348,4.681
G361,TG-101348,4.681
MKN74,TG-101348,4.698
EFO27,TG-101348,4.734
AMO1,TG-101348,4.738
CHAGOK1,TG-101348,4.757
NCIH2081,TG-101348,4.768
LXF289,TG-101348,4.769
GAMG,TG-101348,4.796
QGP1,TG-101348,4.802
HEYA8,TG-101348,4.803
NCIH1105,TG-101348,4.806
SNU61,TG-101348,4.811
OV7,TG-101348,4.82
COLO741,TG-101348,4.827
SW403,TG-101348,4.829
NCIH2110,TG-101348,4.855
NCIH1836,TG-101348,4.868
KYSE140,TG-101348,4.878
PANC0327,TG-101348,4.898
COV318,TG-101348,4.926
HEC6,TG-101348,4.965
RCC10RGB,TG-101348,4.996
HT1080,TG-101348,4.997
NCIH1930,TG-101348,4.997
EFO21,TG-101348,5.007
KYSE410,TG-101348,5.011
DLD1,TG-101348,5.021
SW620,TG-101348,5.068
KMBC2,TG-101348,5.088
HCC4006,TG-101348,5.089
CALU6,TG-101348,5.125
NCIH661,TG-101348,5.13
HSC2,TG-101348,5.13
RKN,TG-101348,5.147
HCC2935,TG-101348,5.199
SKMEL1,TG-101348,5.204
HCC827,TG-101348,5.214
SNGM,TG-101348,5.216
HPAC,TG-101348,5.233
SNU449,TG-101348,5.237
NCIH2172,TG-101348,5.268
SW480,TG-101348,5.288
KYSE450,TG-101348,5.301
JHH6,TG-101348,5.314
NCIH1437,TG-101348,5.319
HT29,TG-101348,5.329
JHOS4,TG-101348,5.406
COLO320,TG-101348,5.417
HEPG2,TG-101348,5.449
NCIH1915,TG-101348,5.468
HCT8,TG-101348,5.479
HS936T,TG-101348,5.485
HEC108,TG-101348,5.495
HT55,TG-101348,5.522
NCIH2030,TG-101348,5.524
NCIH82,TG-101348,5.543
HS944T,TG-101348,5.548
HCC1359,TG-101348,5.559
OVMANA,TG-101348,5.571
LS123,TG-101348,5.574
MDST8,TG-101348,5.579
HEC59,TG-101348,5.582
SKMEL5,TG-101348,5.582
KLE,TG-101348,5.607
CORL23,TG-101348,5.637
UMUC3,TG-101348,5.651
HEC265,TG-101348,5.652
DV90,TG-101348,5.673
NCIH650,TG-101348,5.715
SF295,TG-101348,5.779
SH10TC,TG-101348,5.79
HEC251,TG-101348,5.799
RERFLCKJ,TG-101348,5.799
OAW42,TG-101348,5.831
MKN7,TG-101348,5.891
NCIH1694,TG-101348,5.949
NCIH460,TG-101348,5.953
NCIH2023,TG-101348,6.162
PATU8902,TG-101348,6.281
HCC1195,TG-101348,6.361
LU65,TG-101348,6.363
NCIH2141,TG-101348,6.474
CALU3,TG-101348,6.688
SKMEL28,TG-101348,7.436
OCILY10,TGX-115,2.229
NUDUL1,TGX-115,2.274
OCIAML3,TGX-115,2.699
JHOM1,TGX-115,2.884
WSUDLCL2,TGX-115,2.895
LOVO,TGX-115,3.079
OVKATE,TGX-115,3.337
GDM1,TGX-115,3.457
PL21,TGX-115,3.596
OVK18,TGX-115,3.755
SUDHL4,TGX-115,3.783
SUDHL5,TGX-115,3.86
RMGI,TGX-115,3.862
IGROV1,TGX-115,3.93
LP1,TGX-115,4.001
RMUGS,TGX-115,4.024
THP1,TGX-115,4.044
KMS11,TGX-115,4.137
RCC10RGB,TGX-115,4.179
HEC151,TGX-115,4.19
MCF7,TGX-115,4.205
MOLM16,TGX-115,4.221
MDST8,TGX-115,4.346
OVCAR4,TGX-115,4.394
SCC9,TGX-115,4.441
SCLC21H,TGX-115,4.455
NOMO1,TGX-115,4.482
OVCAR8,TGX-115,4.567
NCIH1755,TGX-115,4.593
SNU81,TGX-115,4.618
NCIH1963,TGX-115,4.694
CAL12T,TGX-115,4.728
NCIH2030,TGX-115,4.737
NCIH2342,TGX-115,4.798
OV90,TGX-115,4.857
SKLU1,TGX-115,4.866
RKN,TGX-115,4.889
COV644,TGX-115,4.931
SNUC5,TGX-115,4.936
T3M10,TGX-115,5.085
AGS,TGX-115,5.091
COV434,TGX-115,5.097
JHUEM2,TGX-115,5.104
HCC2935,TGX-115,5.144
SNU840,TGX-115,5.165
A2780,TGX-115,5.184
HCC15,TGX-115,5.186
SW480,TGX-115,5.189
NCIH596,TGX-115,5.197
HT1080,TGX-115,5.2
NCIH1836,TGX-115,5.216
JHOC5,TGX-115,5.244
COLO320,TGX-115,5.249
HCC2108,TGX-115,5.254
NCIH441,TGX-115,5.269
SKM1,TGX-115,5.273
LN229,TGX-115,5.313
EFO27,TGX-115,5.33
NCIH841,TGX-115,5.343
CL34,TGX-115,5.385
NCIH2110,TGX-115,5.388
NCIH1694,TGX-115,5.389
RPMI8226,TGX-115,5.442
HCC1195,TGX-115,5.452
HT115,TGX-115,5.46
TYKNU,TGX-115,5.473
CAOV3,TGX-115,5.475
SNUC4,TGX-115,5.481
HCC827,TGX-115,5.552
HCC1833,TGX-115,5.565
CW2,TGX-115,5.567
U937,TGX-115,5.581
HCC4006,TGX-115,5.594
A375,TGX-115,5.612
EJM,TGX-115,5.676
NCIH1876,TGX-115,5.685
NCIH2122,TGX-115,5.686
COV362,TGX-115,5.743
OV7,TGX-115,5.745
NCIH2023,TGX-115,5.75
SKMEL1,TGX-115,5.764
LS123,TGX-115,5.772
NCIH2081,TGX-115,5.788
CORL51,TGX-115,5.801
HCT8,TGX-115,5.806
NCIH1781,TGX-115,5.816
HEPG2,TGX-115,5.843
SKMEL5,TGX-115,5.85
SNU61,TGX-115,5.911
RKO,TGX-115,5.921
HCT116,TGX-115,5.927
CL40,TGX-115,5.937
SKMEL28,TGX-115,5.948
COLO678,TGX-115,6.005
RCM1,TGX-115,6.005
SW620,TGX-115,6.051
SW948,TGX-115,6.068
SNU175,TGX-115,6.082
KM12,TGX-115,6.096
LS180,TGX-115,6.112
SQ1,TGX-115,6.17
NCIH508,TGX-115,6.178
NCIH2172,TGX-115,6.199
HT29,TGX-115,6.35
NCIH3255,TGX-115,6.367
NCIH1105,TGX-115,6.37
SNU1040,TGX-115,6.398
CORL23,TGX-115,6.464
NCIH460,TGX-115,6.835
SNU398,TGX-115,6.888
HT55,TGX-115,6.908
HCC1359,TGX-115,6.981
NCIH2141,TGX-115,7.127
OAW42,TGX-115,7.269
AMO1,TGX-115,8.28
NUDUL1,tipifarnib-P1,1.686
SKM1,tipifarnib-P1,2.353
OCIAML3,tipifarnib-P1,2.847
SW48,tipifarnib-P1,3.16
PL21,tipifarnib-P1,3.369
AGS,tipifarnib-P1,3.509
NCIH1963,tipifarnib-P1,3.532
GDM1,tipifarnib-P1,3.588
NCIH1568,tipifarnib-P1,3.914
SCLC21H,tipifarnib-P1,3.974
OVK18,tipifarnib-P1,4.217
GP2D,tipifarnib-P1,4.288
NCIH1105,tipifarnib-P1,4.308
KM12,tipifarnib-P1,4.319
KMS11,tipifarnib-P1,4.351
CW2,tipifarnib-P1,4.356
LU99,tipifarnib-P1,4.422
LOVO,tipifarnib-P1,4.429
SW948,tipifarnib-P1,4.5
RPMI8226,tipifarnib-P1,4.553
MOLM16,tipifarnib-P1,4.556
MSTO211H,tipifarnib-P1,4.574
NCIH1944,tipifarnib-P1,4.577
OVKATE,tipifarnib-P1,4.619
LP1,tipifarnib-P1,4.625
THP1,tipifarnib-P1,4.646
JHUEM2,tipifarnib-P1,4.687
SNU398,tipifarnib-P1,4.71
LS513,tipifarnib-P1,4.718
SHP77,tipifarnib-P1,4.737
EBC1,tipifarnib-P1,4.743
MCF7,tipifarnib-P1,4.745
SNUC4,tipifarnib-P1,4.786
U937,tipifarnib-P1,4.816
HCC1833,tipifarnib-P1,4.905
NCIH1666,tipifarnib-P1,4.909
NCIH810,tipifarnib-P1,4.963
BL70,tipifarnib-P1,5.004
COV434,tipifarnib-P1,5.008
EJM,tipifarnib-P1,5.019
HT115,tipifarnib-P1,5.021
NCIH82,tipifarnib-P1,5.046
RKN,tipifarnib-P1,5.074
NCIH596,tipifarnib-P1,5.088
HEC151,tipifarnib-P1,5.102
NCIH1048,tipifarnib-P1,5.11
SCC9,tipifarnib-P1,5.112
SNUC5,tipifarnib-P1,5.131
NCIH1876,tipifarnib-P1,5.135
OVCAR8,tipifarnib-P1,5.149
SUDHL5,tipifarnib-P1,5.157
A2780,tipifarnib-P1,5.176
COLO668,tipifarnib-P1,5.209
KU812,tipifarnib-P1,5.218
CL34,tipifarnib-P1,5.253
COLO678,tipifarnib-P1,5.278
COLO320,tipifarnib-P1,5.278
DMS273,tipifarnib-P1,5.296
HCT116,tipifarnib-P1,5.3
VMRCLCD,tipifarnib-P1,5.325
HCC15,tipifarnib-P1,5.326
SNU175,tipifarnib-P1,5.345
WSUDLCL2,tipifarnib-P1,5.37
RT4,tipifarnib-P1,5.385
NCIH2286,tipifarnib-P1,5.393
LC1SQSF,tipifarnib-P1,5.421
KP3,tipifarnib-P1,5.431
SNU81,tipifarnib-P1,5.441
LXF289,tipifarnib-P1,5.456
NCIH1299,tipifarnib-P1,5.496
MDST8,tipifarnib-P1,5.501
HT55,tipifarnib-P1,5.508
NCIH2081,tipifarnib-P1,5.514
NCIH28,tipifarnib-P1,5.527
LN229,tipifarnib-P1,5.538
CORL279,tipifarnib-P1,5.539
VMRCRCW,tipifarnib-P1,5.539
OCILY10,tipifarnib-P1,5.543
HEYA8,tipifarnib-P1,5.557
NCIH508,tipifarnib-P1,5.579
HT1080,tipifarnib-P1,5.579
A375,tipifarnib-P1,5.584
G401,tipifarnib-P1,5.602
NCIH1355,tipifarnib-P1,5.603
KNS62,tipifarnib-P1,5.604
NOMO1,tipifarnib-P1,5.627
COLO205,tipifarnib-P1,5.643
NCIH1836,tipifarnib-P1,5.65
LS123,tipifarnib-P1,5.66
NCIH23,tipifarnib-P1,5.662
CALU6,tipifarnib-P1,5.662
SKCO1,tipifarnib-P1,5.672
JHOM1,tipifarnib-P1,5.675
NCIH2405,tipifarnib-P1,5.676
NCIH1573,tipifarnib-P1,5.682
SKMEL1,tipifarnib-P1,5.699
NCIH1793,tipifarnib-P1,5.701
OVCAR4,tipifarnib-P1,5.707
KE97,tipifarnib-P1,5.721
NCIH2342,tipifarnib-P1,5.722
5637,tipifarnib-P1,5.722
SW620,tipifarnib-P1,5.726
NCIH1694,tipifarnib-P1,5.73
JHOC5,tipifarnib-P1,5.743
RMGI,tipifarnib-P1,5.759
HT,tipifarnib-P1,5.76
SKLU1,tipifarnib-P1,5.765
NCIH441,tipifarnib-P1,5.766
RCC10RGB,tipifarnib-P1,5.781
HT29,tipifarnib-P1,5.792
NCIH841,tipifarnib-P1,5.793
NCIH2122,tipifarnib-P1,5.793
SW480,tipifarnib-P1,5.796
NCIH2023,tipifarnib-P1,5.799
CAL12T,tipifarnib-P1,5.807
NCIH1373,tipifarnib-P1,5.816
NCIH2029,tipifarnib-P1,5.825
U2OS,tipifarnib-P1,5.826
HCC2935,tipifarnib-P1,5.834
OV90,tipifarnib-P1,5.837
KYSE140,tipifarnib-P1,5.852
P3HR1,tipifarnib-P1,5.856
DV90,tipifarnib-P1,5.862
NCIH1755,tipifarnib-P1,5.863
SNU449,tipifarnib-P1,5.864
NCIH1781,tipifarnib-P1,5.88
HEC108,tipifarnib-P1,5.899
LS411N,tipifarnib-P1,5.908
NCIH661,tipifarnib-P1,5.921
HT1376,tipifarnib-P1,5.931
COV362,tipifarnib-P1,5.96
LS180,tipifarnib-P1,5.963
PC3,tipifarnib-P1,5.966
HCC4006,tipifarnib-P1,5.966
NCIH1792,tipifarnib-P1,5.967
HS936T,tipifarnib-P1,5.976
KLE,tipifarnib-P1,5.981
TYKNU,tipifarnib-P1,5.999
KMBC2,tipifarnib-P1,6.008
HCT8,tipifarnib-P1,6.01
HCC1359,tipifarnib-P1,6.011
NCIH1975,tipifarnib-P1,6.012
SNUC2A,tipifarnib-P1,6.014
HARA,tipifarnib-P1,6.023
CORL51,tipifarnib-P1,6.027
NCIH2030,tipifarnib-P1,6.034
CHAGOK1,tipifarnib-P1,6.048
NCIH1435,tipifarnib-P1,6.048
FU97,tipifarnib-P1,6.058
PATU8902,tipifarnib-P1,6.059
RKO,tipifarnib-P1,6.063
A549,tipifarnib-P1,6.063
RMUGS,tipifarnib-P1,6.067
QGP1,tipifarnib-P1,6.071
SKMEL5,tipifarnib-P1,6.083
DLD1,tipifarnib-P1,6.087
COLO741,tipifarnib-P1,6.089
CAOV3,tipifarnib-P1,6.107
SUIT2,tipifarnib-P1,6.115
CAPAN2,tipifarnib-P1,6.119
NCIH2009,tipifarnib-P1,6.126
G361,tipifarnib-P1,6.132
ISHIKAWAHERAKLIO02ER,tipifarnib-P1,6.135
SNU840,tipifarnib-P1,6.136
COV644,tipifarnib-P1,6.136
HCC44,tipifarnib-P1,6.141
SUDHL4,tipifarnib-P1,6.142
MFE319,tipifarnib-P1,6.148
KYSE410,tipifarnib-P1,6.159
SW403,tipifarnib-P1,6.16
NCIH2141,tipifarnib-P1,6.171
LCLC103H,tipifarnib-P1,6.183
RCM1,tipifarnib-P1,6.184
NCIH1915,tipifarnib-P1,6.187
NCIH2110,tipifarnib-P1,6.19
HS852T,tipifarnib-P1,6.193
SNU1040,tipifarnib-P1,6.194
NCIH2172,tipifarnib-P1,6.194
UMUC3,tipifarnib-P1,6.211
MKN74,tipifarnib-P1,6.216
NCIH2052,tipifarnib-P1,6.233
T3M10,tipifarnib-P1,6.239
BEN,tipifarnib-P1,6.245
GAMG,tipifarnib-P1,6.27
HCC33,tipifarnib-P1,6.287
HCC2108,tipifarnib-P1,6.3
NCIH358,tipifarnib-P1,6.305
IGROV1,tipifarnib-P1,6.328
SNU61,tipifarnib-P1,6.338
HUPT4,tipifarnib-P1,6.347
RERFLCKJ,tipifarnib-P1,6.356
EFO27,tipifarnib-P1,6.358
NCIH1930,tipifarnib-P1,6.4
NCIH727,tipifarnib-P1,6.413
LCLC97TM1,tipifarnib-P1,6.425
EPLC272H,tipifarnib-P1,6.445
MC116,tipifarnib-P1,6.447
KYSE450,tipifarnib-P1,6.463
PANC0327,tipifarnib-P1,6.478
CFPAC1,tipifarnib-P1,6.482
LU65,tipifarnib-P1,6.493
HCC1195,tipifarnib-P1,6.495
SKOV3,tipifarnib-P1,6.498
CORL88,tipifarnib-P1,6.516
JHOS4,tipifarnib-P1,6.517
MKN7,tipifarnib-P1,6.522
HPAC,tipifarnib-P1,6.543
OV7,tipifarnib-P1,6.569
NCIH522,tipifarnib-P1,6.572
CL40,tipifarnib-P1,6.581
EFO21,tipifarnib-P1,6.599
CORL23,tipifarnib-P1,6.599
HCC827,tipifarnib-P1,6.601
SF295,tipifarnib-P1,6.611
HEPG2,tipifarnib-P1,6.613
NCIH650,tipifarnib-P1,6.621
NCIH460,tipifarnib-P1,6.622
NUGC4,tipifarnib-P1,6.626
HEC59,tipifarnib-P1,6.635
PANC1005,tipifarnib-P1,6.682
C2BBE1,tipifarnib-P1,6.696
CALU3,tipifarnib-P1,6.728
SNGM,tipifarnib-P1,6.742
COV318,tipifarnib-P1,6.766
OVMANA,tipifarnib-P1,6.768
NCIH1437,tipifarnib-P1,6.775
JHH6,tipifarnib-P1,6.79
HS944T,tipifarnib-P1,6.828
SKMEL28,tipifarnib-P1,6.838
HCC78,tipifarnib-P1,6.873
HEC251,tipifarnib-P1,6.888
HSC2,tipifarnib-P1,6.89
AMO1,tipifarnib-P1,6.894
SQ1,tipifarnib-P1,7.01
HEC6,tipifarnib-P1,7.075
HEC265,tipifarnib-P1,7.088
OAW42,tipifarnib-P1,7.123
SH10TC,tipifarnib-P1,7.141
NCIH3255,tipifarnib-P1,7.4
NCIH2126,tipifarnib-P1,8.066
MOLM16,tipifarnib-P2,0.521
SKM1,tipifarnib-P2,0.849
SW48,tipifarnib-P2,1.397
GDM1,tipifarnib-P2,1.48
NUDUL1,tipifarnib-P2,1.505
U937,tipifarnib-P2,1.649
OCIAML3,tipifarnib-P2,1.865
MSTO211H,tipifarnib-P2,1.979
SUDHL5,tipifarnib-P2,1.997
PL21,tipifarnib-P2,2.141
BL70,tipifarnib-P2,2.199
RPMI8226,tipifarnib-P2,2.436
SNU175,tipifarnib-P2,2.492
THP1,tipifarnib-P2,2.683
KM12,tipifarnib-P2,2.732
NCIH1963,tipifarnib-P2,2.793
JHUEM2,tipifarnib-P2,2.905
LOVO,tipifarnib-P2,2.906
KMS11,tipifarnib-P2,2.91
NCIH1568,tipifarnib-P2,2.914
P3HR1,tipifarnib-P2,2.958
KE97,tipifarnib-P2,2.96
LU99,tipifarnib-P2,2.986
SW948,tipifarnib-P2,3.031
OVK18,tipifarnib-P2,3.039
OVKATE,tipifarnib-P2,3.067
KU812,tipifarnib-P2,3.101
CORL279,tipifarnib-P2,3.159
CW2,tipifarnib-P2,3.18
EBC1,tipifarnib-P2,3.21
GP2D,tipifarnib-P2,3.307
NCIH82,tipifarnib-P2,3.324
HEC151,tipifarnib-P2,3.353
NCIH23,tipifarnib-P2,3.371
NCIH1944,tipifarnib-P2,3.4
SHP77,tipifarnib-P2,3.424
SCLC21H,tipifarnib-P2,3.429
RT4,tipifarnib-P2,3.47
LS513,tipifarnib-P2,3.47
DMS273,tipifarnib-P2,3.49
NCIH596,tipifarnib-P2,3.507
NCIH810,tipifarnib-P2,3.524
KNS62,tipifarnib-P2,3.557
NCIH1666,tipifarnib-P2,3.598
COV434,tipifarnib-P2,3.63
NOMO1,tipifarnib-P2,3.675
SNU398,tipifarnib-P2,3.681
HCT116,tipifarnib-P2,3.788
CL34,tipifarnib-P2,3.791
VMRCLCD,tipifarnib-P2,3.809
COLO668,tipifarnib-P2,3.843
NCIH1048,tipifarnib-P2,3.876
COLO741,tipifarnib-P2,3.886
NCIH1876,tipifarnib-P2,3.926
NCIH2122,tipifarnib-P2,3.934
COLO320,tipifarnib-P2,3.971
SKCO1,tipifarnib-P2,4.001
SNU81,tipifarnib-P2,4.012
MCF7,tipifarnib-P2,4.022
G401,tipifarnib-P2,4.042
HCC1833,tipifarnib-P2,4.064
NCIH1299,tipifarnib-P2,4.111
SNUC4,tipifarnib-P2,4.134
HT115,tipifarnib-P2,4.191
NCIH1975,tipifarnib-P2,4.197
NCIH2029,tipifarnib-P2,4.248
KP3,tipifarnib-P2,4.254
LP1,tipifarnib-P2,4.26
A2780,tipifarnib-P2,4.286
COLO205,tipifarnib-P2,4.301
NCIH2286,tipifarnib-P2,4.308
SNUC5,tipifarnib-P2,4.315
WSUDLCL2,tipifarnib-P2,4.318
EPLC272H,tipifarnib-P2,4.319
HT,tipifarnib-P2,4.335
AGS,tipifarnib-P2,4.339
HCC33,tipifarnib-P2,4.345
RKN,tipifarnib-P2,4.371
LC1SQSF,tipifarnib-P2,4.372
HEYA8,tipifarnib-P2,4.393
NCIH508,tipifarnib-P2,4.397
MC116,tipifarnib-P2,4.398
KYSE140,tipifarnib-P2,4.398
NCIH1105,tipifarnib-P2,4.411
HS936T,tipifarnib-P2,4.413
HCC15,tipifarnib-P2,4.435
5637,tipifarnib-P2,4.456
CHAGOK1,tipifarnib-P2,4.463
LXF289,tipifarnib-P2,4.47
LS411N,tipifarnib-P2,4.471
NCIH2081,tipifarnib-P2,4.475
ISHIKAWAHERAKLIO02ER,tipifarnib-P2,4.485
OVCAR8,tipifarnib-P2,4.495
LCLC97TM1,tipifarnib-P2,4.507
NCIH2405,tipifarnib-P2,4.533
HT55,tipifarnib-P2,4.539
VMRCRCW,tipifarnib-P2,4.539
CAPAN2,tipifarnib-P2,4.54
A375,tipifarnib-P2,4.558
OVCAR4,tipifarnib-P2,4.604
CALU6,tipifarnib-P2,4.626
NCIH441,tipifarnib-P2,4.658
RCM1,tipifarnib-P2,4.662
OV90,tipifarnib-P2,4.665
SCC9,tipifarnib-P2,4.673
PATU8902,tipifarnib-P2,4.693
RMUGS,tipifarnib-P2,4.702
NCIH1793,tipifarnib-P2,4.707
SKMEL1,tipifarnib-P2,4.713
LS180,tipifarnib-P2,4.72
MFE319,tipifarnib-P2,4.725
HCC4006,tipifarnib-P2,4.726
NCIH1694,tipifarnib-P2,4.738
QGP1,tipifarnib-P2,4.759
SKLU1,tipifarnib-P2,4.765
NCIH1573,tipifarnib-P2,4.768
EJM,tipifarnib-P2,4.773
NCIH1836,tipifarnib-P2,4.776
HARA,tipifarnib-P2,4.802
OCILY10,tipifarnib-P2,4.814
HT1376,tipifarnib-P2,4.819
COLO678,tipifarnib-P2,4.842
G361,tipifarnib-P2,4.844
NCIH1373,tipifarnib-P2,4.859
NCIH2110,tipifarnib-P2,4.862
SUIT2,tipifarnib-P2,4.887
SW620,tipifarnib-P2,4.915
CAOV3,tipifarnib-P2,4.927
NCIH28,tipifarnib-P2,4.928
SUDHL4,tipifarnib-P2,4.929
CAL12T,tipifarnib-P2,4.954
TYKNU,tipifarnib-P2,4.959
LN229,tipifarnib-P2,4.96
HT1080,tipifarnib-P2,4.973
NCIH1755,tipifarnib-P2,4.981
NCIH1355,tipifarnib-P2,5
CALU3,tipifarnib-P2,5.013
U2OS,tipifarnib-P2,5.016
NCIH358,tipifarnib-P2,5.021
KLE,tipifarnib-P2,5.024
NCIH841,tipifarnib-P2,5.07
JHOC5,tipifarnib-P2,5.072
A549,tipifarnib-P2,5.097
SW480,tipifarnib-P2,5.099
SNUC2A,tipifarnib-P2,5.106
KYSE410,tipifarnib-P2,5.118
HCT8,tipifarnib-P2,5.13
GAMG,tipifarnib-P2,5.136
HS852T,tipifarnib-P2,5.148
RMGI,tipifarnib-P2,5.178
NCIH1781,tipifarnib-P2,5.187
MDST8,tipifarnib-P2,5.19
KMBC2,tipifarnib-P2,5.193
HCC2935,tipifarnib-P2,5.206
PC3,tipifarnib-P2,5.208
NCIH1792,tipifarnib-P2,5.208
SNU61,tipifarnib-P2,5.211
SNU840,tipifarnib-P2,5.221
NCIH1435,tipifarnib-P2,5.226
HEC108,tipifarnib-P2,5.232
NCIH2342,tipifarnib-P2,5.243
NCIH522,tipifarnib-P2,5.244
NCIH2052,tipifarnib-P2,5.263
DLD1,tipifarnib-P2,5.273
NCIH661,tipifarnib-P2,5.316
RERFLCKJ,tipifarnib-P2,5.319
COV362,tipifarnib-P2,5.323
CFPAC1,tipifarnib-P2,5.328
JHOS4,tipifarnib-P2,5.33
CORL51,tipifarnib-P2,5.372
SKMEL5,tipifarnib-P2,5.388
MKN74,tipifarnib-P2,5.397
HCC44,tipifarnib-P2,5.4
CORL88,tipifarnib-P2,5.41
HUPT4,tipifarnib-P2,5.423
NCIH650,tipifarnib-P2,5.429
NCIH2141,tipifarnib-P2,5.43
SF295,tipifarnib-P2,5.438
SNU449,tipifarnib-P2,5.445
FU97,tipifarnib-P2,5.45
SW403,tipifarnib-P2,5.452
HEC6,tipifarnib-P2,5.47
PANC1005,tipifarnib-P2,5.473
HSC2,tipifarnib-P2,5.479
LCLC103H,tipifarnib-P2,5.483
COV644,tipifarnib-P2,5.489
NCIH727,tipifarnib-P2,5.492
LS123,tipifarnib-P2,5.542
HCC1195,tipifarnib-P2,5.557
HCC2108,tipifarnib-P2,5.584
LU65,tipifarnib-P2,5.589
MKN7,tipifarnib-P2,5.601
UMUC3,tipifarnib-P2,5.603
NUGC4,tipifarnib-P2,5.617
NCIH1915,tipifarnib-P2,5.638
PANC0327,tipifarnib-P2,5.642
EFO27,tipifarnib-P2,5.644
NCIH2023,tipifarnib-P2,5.644
BEN,tipifarnib-P2,5.702
SKOV3,tipifarnib-P2,5.707
HCC78,tipifarnib-P2,5.707
JHOM1,tipifarnib-P2,5.724
NCIH1930,tipifarnib-P2,5.725
HEC265,tipifarnib-P2,5.731
HS944T,tipifarnib-P2,5.734
NCIH2009,tipifarnib-P2,5.744
EFO21,tipifarnib-P2,5.804
KYSE450,tipifarnib-P2,5.816
IGROV1,tipifarnib-P2,5.857
SKMEL28,tipifarnib-P2,5.874
AMO1,tipifarnib-P2,5.935
NCIH2030,tipifarnib-P2,5.943
C2BBE1,tipifarnib-P2,5.97
RKO,tipifarnib-P2,5.989
HEC59,tipifarnib-P2,5.989
HT29,tipifarnib-P2,6.001
HPAC,tipifarnib-P2,6.007
SNU1040,tipifarnib-P2,6.032
SNGM,tipifarnib-P2,6.072
CL40,tipifarnib-P2,6.074
HEC251,tipifarnib-P2,6.098
T3M10,tipifarnib-P2,6.133
NCIH2172,tipifarnib-P2,6.213
SH10TC,tipifarnib-P2,6.301
DV90,tipifarnib-P2,6.314
COV318,tipifarnib-P2,6.331
HCC827,tipifarnib-P2,6.36
OVMANA,tipifarnib-P2,6.365
NCIH1437,tipifarnib-P2,6.395
CORL23,tipifarnib-P2,6.41
OV7,tipifarnib-P2,6.434
OAW42,tipifarnib-P2,6.447
RCC10RGB,tipifarnib-P2,6.471
NCIH3255,tipifarnib-P2,6.51
NCIH460,tipifarnib-P2,6.519
HEPG2,tipifarnib-P2,6.535
SQ1,tipifarnib-P2,6.582
JHH6,tipifarnib-P2,6.983
HCC1359,tipifarnib-P2,7.304
NCIH2126,tipifarnib-P2,7.59
KU812,tivozanib,0.181
GDM1,tivozanib,0.994
OVKATE,tivozanib,2.574
KM12,tivozanib,2.73
BL70,tivozanib,2.861
JHUEM2,tivozanib,3.299
RT4,tivozanib,3.796
MSTO211H,tivozanib,3.938
HCC827,tivozanib,4.283
G401,tivozanib,4.311
NCIH1048,tivozanib,4.446
LXF289,tivozanib,4.594
WSUDLCL2,tivozanib,4.603
NCIH1963,tivozanib,4.654
SUDHL4,tivozanib,4.683
NCIH2405,tivozanib,4.776
KMS11,tivozanib,4.783
VMRCLCD,tivozanib,4.798
NCIH3255,tivozanib,4.974
KE97,tivozanib,4.99
SKM1,tivozanib,5.026
COLO320,tivozanib,5.038
FU97,tivozanib,5.045
KP3,tivozanib,5.078
LS123,tivozanib,5.169
HSC2,tivozanib,5.173
SKLU1,tivozanib,5.183
VMRCRCW,tivozanib,5.221
NCIH810,tivozanib,5.228
HT1376,tivozanib,5.248
NCIH841,tivozanib,5.274
NCIH1573,tivozanib,5.314
NCIH2286,tivozanib,5.32
COV434,tivozanib,5.341
JHOM1,tivozanib,5.349
DMS273,tivozanib,5.363
GAMG,tivozanib,5.397
A2780,tivozanib,5.459
SNU449,tivozanib,5.46
HEYA8,tivozanib,5.471
NCIH1755,tivozanib,5.472
OVCAR4,tivozanib,5.473
RMUGS,tivozanib,5.476
HUPT4,tivozanib,5.496
NCIH2029,tivozanib,5.557
NCIH2081,tivozanib,5.564
NCIH1435,tivozanib,5.57
SUDHL5,tivozanib,5.572
NCIH1299,tivozanib,5.597
HCC15,tivozanib,5.624
NCIH1876,tivozanib,5.628
IGROV1,tivozanib,5.677
NCIH2052,tivozanib,5.725
SNU1040,tivozanib,5.73
SW480,tivozanib,5.739
HCC2108,tivozanib,5.748
NCIH1930,tivozanib,5.76
CHAGOK1,tivozanib,5.769
KYSE450,tivozanib,5.772
HCC2935,tivozanib,5.785
NCIH82,tivozanib,5.803
OV90,tivozanib,5.806
CAPAN2,tivozanib,5.822
NUDUL1,tivozanib,5.857
JHOC5,tivozanib,5.876
HEPG2,tivozanib,5.883
HCC4006,tivozanib,5.889
SNU840,tivozanib,5.923
PC3,tivozanib,5.926
NCIH596,tivozanib,5.93
G361,tivozanib,5.943
NCIH2023,tivozanib,5.963
HCT8,tivozanib,5.969
A375,tivozanib,5.98
NCIH2122,tivozanib,5.997
EFO27,tivozanib,6.001
HS852T,tivozanib,6.004
CL34,tivozanib,6.014
P3HR1,tivozanib,6.018
OVCAR8,tivozanib,6.021
NCIH1836,tivozanib,6.083
RCM1,tivozanib,6.096
NCIH441,tivozanib,6.104
HCC1195,tivozanib,6.105
HCC1833,tivozanib,6.108
CAL12T,tivozanib,6.117
5637,tivozanib,6.12
NCIH1666,tivozanib,6.128
LN229,tivozanib,6.134
COLO668,tivozanib,6.14
MFE319,tivozanib,6.145
KYSE140,tivozanib,6.176
LOVO,tivozanib,6.177
UMUC3,tivozanib,6.197
HEC108,tivozanib,6.212
RKN,tivozanib,6.222
ISHIKAWAHERAKLIO02ER,tivozanib,6.223
JHOS4,tivozanib,6.236
PANC0327,tivozanib,6.24
QGP1,tivozanib,6.253
OVK18,tivozanib,6.257
CORL279,tivozanib,6.262
NCIH2342,tivozanib,6.284
HT29,tivozanib,6.294
HCT116,tivozanib,6.299
HEC265,tivozanib,6.318
KYSE410,tivozanib,6.324
SNUC2A,tivozanib,6.326
LS180,tivozanib,6.329
RCC10RGB,tivozanib,6.34
SKOV3,tivozanib,6.357
KNS62,tivozanib,6.359
CAOV3,tivozanib,6.359
NCIH1355,tivozanib,6.368
SW620,tivozanib,6.388
HEC59,tivozanib,6.396
MCF7,tivozanib,6.412
HT,tivozanib,6.416
HT115,tivozanib,6.417
HEC151,tivozanib,6.431
SKMEL5,tivozanib,6.441
CORL88,tivozanib,6.445
TYKNU,tivozanib,6.449
OCIAML3,tivozanib,6.458
MC116,tivozanib,6.481
CALU6,tivozanib,6.495
SNGM,tivozanib,6.496
OV7,tivozanib,6.497
LCLC97TM1,tivozanib,6.51
SF295,tivozanib,6.517
KLE,tivozanib,6.533
MKN74,tivozanib,6.534
HEC6,tivozanib,6.535
SH10TC,tivozanib,6.537
CALU3,tivozanib,6.578
HT55,tivozanib,6.585
SNU61,tivozanib,6.591
LP1,tivozanib,6.596
SNU398,tivozanib,6.6
NCIH1781,tivozanib,6.606
SKMEL28,tivozanib,6.628
THP1,tivozanib,6.644
NCIH460,tivozanib,6.653
NCIH2172,tivozanib,6.663
OVMANA,tivozanib,6.666
HEC251,tivozanib,6.692
NCIH508,tivozanib,6.705
SKMEL1,tivozanib,6.707
SQ1,tivozanib,6.71
NCIH2030,tivozanib,6.711
EPLC272H,tivozanib,6.77
HS944T,tivozanib,6.794
NCIH1694,tivozanib,6.804
MKN7,tivozanib,6.836
NCIH2110,tivozanib,6.893
U2OS,tivozanib,6.895
NCIH650,tivozanib,6.906
OCILY10,tivozanib,6.915
KMBC2,tivozanib,6.915
COV318,tivozanib,6.919
RERFLCKJ,tivozanib,6.962
HS936T,tivozanib,6.991
NUGC4,tivozanib,7.008
SW403,tivozanib,7.013
OAW42,tivozanib,7.013
NCIH1105,tivozanib,7.013
AGS,tivozanib,7.021
MOLM16,tivozanib,7.069
SCLC21H,tivozanib,7.07
RPMI8226,tivozanib,7.082
SW948,tivozanib,7.085
RKO,tivozanib,7.096
NCIH2141,tivozanib,7.104
T3M10,tivozanib,7.12
NCIH1915,tivozanib,7.123
SCC9,tivozanib,7.127
HT1080,tivozanib,7.139
SUIT2,tivozanib,7.149
EJM,tivozanib,7.149
EFO21,tivozanib,7.167
PATU8902,tivozanib,7.181
CL40,tivozanib,7.216
CORL23,tivozanib,7.221
COLO678,tivozanib,7.229
U937,tivozanib,7.257
NOMO1,tivozanib,7.266
HCC1359,tivozanib,7.287
JHH6,tivozanib,7.326
MDST8,tivozanib,7.335
RMGI,tivozanib,7.346
PL21,tivozanib,7.38
SNUC5,tivozanib,7.385
SNUC4,tivozanib,7.439
CW2,tivozanib,7.465
COV644,tivozanib,7.488
COV362,tivozanib,7.603
SNU81,tivozanib,7.96
AMO1,tivozanib,8.093
SNU175,tivozanib,8.115
CORL51,tivozanib,8.323
NOMO1,tosedostat,0.128
PL21,tosedostat,0.164
U937,tosedostat,0.189
WSUDLCL2,tosedostat,0.216
SUDHL5,tosedostat,0.228
OCIAML3,tosedostat,0.339
MOLM16,tosedostat,0.451
GDM1,tosedostat,0.511
SKM1,tosedostat,0.639
NCIH1963,tosedostat,0.694
RPMI8226,tosedostat,0.831
LS180,tosedostat,0.904
NCIH1781,tosedostat,1.185
LP1,tosedostat,1.211
OVCAR8,tosedostat,1.296
THP1,tosedostat,1.337
SQ1,tosedostat,1.345
SUDHL4,tosedostat,1.401
OVCAR4,tosedostat,1.5
HCC1833,tosedostat,1.569
HCC2108,tosedostat,1.634
EJM,tosedostat,1.677
HEC151,tosedostat,1.69
OVK18,tosedostat,1.692
COV644,tosedostat,1.701
CAOV3,tosedostat,1.825
AGS,tosedostat,1.837
HCC4006,tosedostat,1.898
SNUC5,tosedostat,1.988
NCIH3255,tosedostat,1.995
SCC9,tosedostat,2.023
NCIH1876,tosedostat,2.127
SNU81,tosedostat,2.164
MCF7,tosedostat,2.233
SNU175,tosedostat,2.27
NCIH441,tosedostat,2.287
JHOC5,tosedostat,2.311
COV434,tosedostat,2.351
SKMEL1,tosedostat,2.366
KMS11,tosedostat,2.374
SW480,tosedostat,2.381
SNUC4,tosedostat,2.402
COV362,tosedostat,2.424
HCT116,tosedostat,2.457
NCIH1694,tosedostat,2.476
OVKATE,tosedostat,2.48
RCM1,tosedostat,2.544
SKLU1,tosedostat,2.566
CAL12T,tosedostat,2.608
NCIH2342,tosedostat,2.643
JHUEM2,tosedostat,2.657
CL40,tosedostat,2.66
SW620,tosedostat,2.688
HT115,tosedostat,2.699
SNU398,tosedostat,2.76
SNU61,tosedostat,2.761
JHOM1,tosedostat,2.793
HEPG2,tosedostat,2.86
CORL51,tosedostat,2.881
HCC827,tosedostat,2.886
HCC1195,tosedostat,2.92
SKMEL5,tosedostat,2.932
SCLC21H,tosedostat,2.956
NCIH2172,tosedostat,2.965
HT55,tosedostat,2.992
HCC2935,tosedostat,2.993
CW2,tosedostat,3.005
NCIH1105,tosedostat,3.021
NCIH2122,tosedostat,3.042
NUDUL1,tosedostat,3.187
A2780,tosedostat,3.251
MDST8,tosedostat,3.258
KM12,tosedostat,3.26
OV90,tosedostat,3.266
LOVO,tosedostat,3.289
CL34,tosedostat,3.308
RKO,tosedostat,3.316
SW948,tosedostat,3.365
A375,tosedostat,3.377
COLO678,tosedostat,3.411
RMUGS,tosedostat,3.454
HCC1359,tosedostat,3.48
NCIH508,tosedostat,3.512
RMGI,tosedostat,3.556
LN229,tosedostat,3.577
TYKNU,tosedostat,3.58
COLO320,tosedostat,3.582
OCILY10,tosedostat,3.672
T3M10,tosedostat,3.707
NCIH2030,tosedostat,3.717
CORL23,tosedostat,3.735
NCIH1836,tosedostat,3.755
RKN,tosedostat,3.807
EFO27,tosedostat,3.808
AMO1,tosedostat,3.898
OV7,tosedostat,3.992
SNU840,tosedostat,4.096
LS123,tosedostat,4.104
IGROV1,tosedostat,4.153
HCC15,tosedostat,4.2
HT1080,tosedostat,4.31
NCIH1755,tosedostat,4.342
SNU1040,tosedostat,4.517
NCIH2110,tosedostat,4.561
NCIH841,tosedostat,4.681
HCT8,tosedostat,4.736
NCIH596,tosedostat,4.763
NCIH2081,tosedostat,4.93
RCC10RGB,tosedostat,5.068
SKMEL28,tosedostat,5.33
NCIH2023,tosedostat,5.71
NCIH2141,tosedostat,5.992
OAW42,tosedostat,6.004
NCIH460,tosedostat,6.726
HT29,tosedostat,6.728
KU812,tozasertib,0.116
SW48,tozasertib,0.277
NUDUL1,tozasertib,0.293
SKM1,tozasertib,0.629
MC116,tozasertib,0.849
VMRCLCD,tozasertib,0.925
5637,tozasertib,1.023
SNU175,tozasertib,1.147
JHUEM2,tozasertib,1.316
SW948,tozasertib,1.321
GDM1,tozasertib,1.328
KE97,tozasertib,1.532
CAOV3,tozasertib,1.541
MSTO211H,tozasertib,1.546
KMS11,tozasertib,1.668
KM12,tozasertib,1.796
MOLM16,tozasertib,1.867
NCIH82,tozasertib,1.895
NOMO1,tozasertib,1.916
COLO205,tozasertib,2.003
LCLC97TM1,tozasertib,2.031
GP2D,tozasertib,2.033
CL34,tozasertib,2.071
CORL279,tozasertib,2.152
BL70,tozasertib,2.168
NCIH1963,tozasertib,2.203
SCLC21H,tozasertib,2.241
OCIAML3,tozasertib,2.393
NCIH23,tozasertib,2.399
LS513,tozasertib,2.456
LU99,tozasertib,2.524
NCIH596,tozasertib,2.559
OVKATE,tozasertib,2.569
EBC1,tozasertib,2.571
NCIH508,tozasertib,2.603
NCIH810,tozasertib,2.612
G401,tozasertib,2.63
HARA,tozasertib,2.65
NCIH1876,tozasertib,2.679
NCIH1048,tozasertib,2.687
NCIH1944,tozasertib,2.829
NCIH2081,tozasertib,2.85
RT4,tozasertib,2.881
AGS,tozasertib,2.894
A375,tozasertib,2.916
SKCO1,tozasertib,2.921
HCC15,tozasertib,2.963
LXF289,tozasertib,3.104
HUPT4,tozasertib,3.135
SUDHL5,tozasertib,3.152
P3HR1,tozasertib,3.185
ISHIKAWAHERAKLIO02ER,tozasertib,3.217
LS411N,tozasertib,3.278
HCC33,tozasertib,3.291
NCIH841,tozasertib,3.292
PL21,tozasertib,3.339
NCIH1666,tozasertib,3.358
DMS273,tozasertib,3.371
OVCAR4,tozasertib,3.455
NCIH1568,tozasertib,3.497
NCIH358,tozasertib,3.498
EPLC272H,tozasertib,3.502
HSC2,tozasertib,3.518
A549,tozasertib,3.557
OVCAR8,tozasertib,3.668
QGP1,tozasertib,3.722
HCC44,tozasertib,3.753
NCIH2126,tozasertib,3.772
SNUC4,tozasertib,3.784
NCIH2009,tozasertib,3.835
NCIH2122,tozasertib,3.878
NCIH1299,tozasertib,3.95
NCIH1930,tozasertib,3.958
A2780,tozasertib,3.969
HCT116,tozasertib,4.061
SW620,tozasertib,4.061
CORL88,tozasertib,4.073
PANC0327,tozasertib,4.1
HEYA8,tozasertib,4.136
NCIH1792,tozasertib,4.136
NCIH3255,tozasertib,4.152
NCIH2286,tozasertib,4.162
LS180,tozasertib,4.206
NCIH1573,tozasertib,4.207
HCC78,tozasertib,4.231
LU65,tozasertib,4.252
NCIH727,tozasertib,4.271
CORL51,tozasertib,4.29
HS852T,tozasertib,4.301
NCIH522,tozasertib,4.342
MCF7,tozasertib,4.35
CHAGOK1,tozasertib,4.381
LOVO,tozasertib,4.384
NCIH1105,tozasertib,4.417
LC1SQSF,tozasertib,4.425
NCIH1975,tozasertib,4.49
SKLU1,tozasertib,4.499
KYSE140,tozasertib,4.509
HT1376,tozasertib,4.537
SKMEL1,tozasertib,4.542
PANC1005,tozasertib,4.564
THP1,tozasertib,4.58
NCIH1437,tozasertib,4.589
HCC2108,tozasertib,4.598
OVK18,tozasertib,4.612
HT115,tozasertib,4.622
MFE319,tozasertib,4.638
COV434,tozasertib,4.675
HCC1833,tozasertib,4.677
LN229,tozasertib,4.681
U937,tozasertib,4.741
NCIH1836,tozasertib,4.748
NCIH28,tozasertib,4.752
NCIH1355,tozasertib,4.775
SNU398,tozasertib,4.791
SNU1040,tozasertib,4.791
RMUGS,tozasertib,4.808
RPMI8226,tozasertib,4.811
KYSE410,tozasertib,4.811
SNUC5,tozasertib,4.817
LCLC103H,tozasertib,4.817
HS936T,tozasertib,4.824
DLD1,tozasertib,4.84
SUDHL4,tozasertib,4.864
SNUC2A,tozasertib,4.903
NCIH1373,tozasertib,4.914
HEC151,tozasertib,4.944
G361,tozasertib,4.944
HPAC,tozasertib,4.954
SF295,tozasertib,4.985
TYKNU,tozasertib,4.995
KLE,tozasertib,5.001
CAPAN2,tozasertib,5.015
NCIH2110,tozasertib,5.019
NUGC4,tozasertib,5.023
KNS62,tozasertib,5.048
SHP77,tozasertib,5.078
OV90,tozasertib,5.104
U2OS,tozasertib,5.117
CALU6,tozasertib,5.152
PC3,tozasertib,5.174
KP3,tozasertib,5.186
NCIH2405,tozasertib,5.207
FU97,tozasertib,5.224
LP1,tozasertib,5.262
SNU840,tozasertib,5.273
HEC59,tozasertib,5.275
RMGI,tozasertib,5.281
HT1080,tozasertib,5.282
KYSE450,tozasertib,5.309
HT,tozasertib,5.316
WSUDLCL2,tozasertib,5.325
RKO,tozasertib,5.345
RKN,tozasertib,5.356
HEC108,tozasertib,5.396
CAL12T,tozasertib,5.398
HEC265,tozasertib,5.399
BEN,tozasertib,5.435
EJM,tozasertib,5.454
SUIT2,tozasertib,5.464
NCIH1793,tozasertib,5.495
NCIH2052,tozasertib,5.5
OCILY10,tozasertib,5.523
GAMG,tozasertib,5.525
NCIH661,tozasertib,5.531
CALU3,tozasertib,5.533
MDST8,tozasertib,5.54
HS944T,tozasertib,5.563
RCM1,tozasertib,5.575
HCC4006,tozasertib,5.585
SW403,tozasertib,5.589
HEC6,tozasertib,5.598
UMUC3,tozasertib,5.606
JHOC5,tozasertib,5.615
HEC251,tozasertib,5.648
NCIH2029,tozasertib,5.653
COLO668,tozasertib,5.659
PATU8902,tozasertib,5.685
JHOS4,tozasertib,5.696
JHOM1,tozasertib,5.714
COLO741,tozasertib,5.721
SNGM,tozasertib,5.726
CFPAC1,tozasertib,5.736
KMBC2,tozasertib,5.748
T3M10,tozasertib,5.758
VMRCRCW,tozasertib,5.77
AMO1,tozasertib,5.789
NCIH460,tozasertib,5.789
SCC9,tozasertib,5.812
SNU81,tozasertib,5.849
NCIH1694,tozasertib,5.867
HT29,tozasertib,5.868
NCIH1755,tozasertib,5.956
HCC827,tozasertib,5.971
CORL23,tozasertib,5.98
IGROV1,tozasertib,5.987
OVMANA,tozasertib,5.989
SKMEL5,tozasertib,5.999
NCIH650,tozasertib,6.076
HCT8,tozasertib,6.114
SNU61,tozasertib,6.123
OV7,tozasertib,6.16
HT55,tozasertib,6.187
MKN74,tozasertib,6.202
SW480,tozasertib,6.21
SKOV3,tozasertib,6.219
NCIH1915,tozasertib,6.22
COV362,tozasertib,6.248
C2BBE1,tozasertib,6.25
SQ1,tozasertib,6.26
NCIH1435,tozasertib,6.301
NCIH2342,tozasertib,6.332
EFO21,tozasertib,6.341
CL40,tozasertib,6.4
NCIH2172,tozasertib,6.403
RERFLCKJ,tozasertib,6.428
SH10TC,tozasertib,6.44
SNU449,tozasertib,6.444
NCIH2030,tozasertib,6.452
NCIH441,tozasertib,6.454
SKMEL28,tozasertib,6.455
COV644,tozasertib,6.458
NCIH2023,tozasertib,6.478
EFO27,tozasertib,6.512
COV318,tozasertib,6.571
HEPG2,tozasertib,6.577
MKN7,tozasertib,6.606
LS123,tozasertib,6.628
HCC1359,tozasertib,6.635
NCIH1781,tozasertib,6.64
NCIH2141,tozasertib,6.655
CW2,tozasertib,6.692
COLO320,tozasertib,6.822
COLO678,tozasertib,6.827
HCC2935,tozasertib,6.829
JHH6,tozasertib,7.015
OAW42,tozasertib,7.183
RCC10RGB,tozasertib,7.359
HCC1195,tozasertib,7.36
DV90,tozasertib,7.851
NCIH522,triacsin C,0.405
G401,triacsin C,0.934
UMUC3,triacsin C,1.073
LU99,triacsin C,1.536
NCIH1944,triacsin C,1.567
P3HR1,triacsin C,1.894
SHP77,triacsin C,1.907
BEN,triacsin C,2.026
SW48,triacsin C,2.098
NCIH650,triacsin C,2.325
NCIH358,triacsin C,2.527
NCIH1573,triacsin C,2.615
NCIH810,triacsin C,2.618
NCIH23,triacsin C,2.663
NCIH1568,triacsin C,2.716
HCC44,triacsin C,2.942
DLD1,triacsin C,3.06
A549,triacsin C,3.175
OVMANA,triacsin C,3.261
KP3,triacsin C,3.322
VMRCLCD,triacsin C,3.392
NCIH661,triacsin C,3.478
KLE,triacsin C,3.649
SNUC2A,triacsin C,3.961
NCIH2405,triacsin C,4.059
LC1SQSF,triacsin C,4.118
PANC1005,triacsin C,4.153
LU65,triacsin C,4.198
5637,triacsin C,4.199
PC3,triacsin C,4.221
CORL279,triacsin C,4.228
COLO741,triacsin C,4.235
HS852T,triacsin C,4.286
HT,triacsin C,4.289
RERFLCKJ,triacsin C,4.303
CFPAC1,triacsin C,4.307
VMRCRCW,triacsin C,4.308
HCC78,triacsin C,4.356
EBC1,triacsin C,4.382
SKCO1,triacsin C,4.404
NCIH28,triacsin C,4.412
NCIH1793,triacsin C,4.444
HCC33,triacsin C,4.479
NCIH2286,triacsin C,4.612
MFE319,triacsin C,4.67
CORL88,triacsin C,4.691
NCIH2342,triacsin C,4.729
NCIH1048,triacsin C,4.74
NUDUL1,triacsin C,4.799
NCIH2126,triacsin C,4.84
NCIH1792,triacsin C,4.873
MSTO211H,triacsin C,4.883
HPAC,triacsin C,4.916
COLO205,triacsin C,5.001
LS513,triacsin C,5.012
NCIH1355,triacsin C,5.097
BL70,triacsin C,5.127
NCIH1963,triacsin C,5.152
NCIH1299,triacsin C,5.163
NCIH727,triacsin C,5.23
KNS62,triacsin C,5.232
NCIH82,triacsin C,5.281
NCIH1915,triacsin C,5.346
CHAGOK1,triacsin C,5.348
PATU8902,triacsin C,5.445
LCLC103H,triacsin C,5.448
NCIH1975,triacsin C,5.455
EPLC272H,triacsin C,5.473
C2BBE1,triacsin C,5.476
OVK18,triacsin C,5.478
CAPAN2,triacsin C,5.482
KU812,triacsin C,5.528
HSC2,triacsin C,5.568
KE97,triacsin C,5.607
KYSE140,triacsin C,5.678
HEC108,triacsin C,5.718
OCIAML3,triacsin C,5.736
OVCAR8,triacsin C,5.751
COV434,triacsin C,5.779
NCIH1694,triacsin C,5.8
SKM1,triacsin C,5.805
NCIH1930,triacsin C,5.825
HS936T,triacsin C,5.832
SH10TC,triacsin C,5.852
HEC6,triacsin C,5.854
NCIH2009,triacsin C,5.883
NCIH1373,triacsin C,5.884
RT4,triacsin C,5.899
HARA,triacsin C,5.921
HCC1359,triacsin C,6.028
COLO668,triacsin C,6.038
SF295,triacsin C,6.064
SW403,triacsin C,6.089
PL21,triacsin C,6.114
LN229,triacsin C,6.147
KMS11,triacsin C,6.159
DMS273,triacsin C,6.162
HT1376,triacsin C,6.197
NCIH2052,triacsin C,6.201
HEYA8,triacsin C,6.267
GAMG,triacsin C,6.268
HCT116,triacsin C,6.274
GDM1,triacsin C,6.275
COLO320,triacsin C,6.281
SKOV3,triacsin C,6.292
NCIH1755,triacsin C,6.301
G361,triacsin C,6.301
NCIH1666,triacsin C,6.308
NCIH2029,triacsin C,6.324
CL34,triacsin C,6.358
KYSE410,triacsin C,6.403
EFO21,triacsin C,6.411
HCC15,triacsin C,6.425
CW2,triacsin C,6.434
MKN74,triacsin C,6.44
SNU449,triacsin C,6.466
HEC265,triacsin C,6.466
RMUGS,triacsin C,6.481
COV318,triacsin C,6.483
LXF289,triacsin C,6.496
KMBC2,triacsin C,6.499
NCIH1437,triacsin C,6.504
JHOS4,triacsin C,6.515
NCIH508,triacsin C,6.517
HEC151,triacsin C,6.544
NOMO1,triacsin C,6.55
JHOC5,triacsin C,6.564
THP1,triacsin C,6.565
SNGM,triacsin C,6.573
CAL12T,triacsin C,6.576
MKN7,triacsin C,6.582
NCIH1836,triacsin C,6.588
A2780,triacsin C,6.596
SUDHL5,triacsin C,6.598
SUDHL4,triacsin C,6.603
PANC0327,triacsin C,6.604
HCT8,triacsin C,6.609
SNU175,triacsin C,6.618
ISHIKAWAHERAKLIO02ER,triacsin C,6.625
FU97,triacsin C,6.638
CALU3,triacsin C,6.652
LS411N,triacsin C,6.653
OVKATE,triacsin C,6.657
COV644,triacsin C,6.659
RMGI,triacsin C,6.665
OCILY10,triacsin C,6.675
SNUC5,triacsin C,6.696
HEC251,triacsin C,6.709
LCLC97TM1,triacsin C,6.711
CORL51,triacsin C,6.722
NCIH1876,triacsin C,6.73
EJM,triacsin C,6.738
NCIH1435,triacsin C,6.739
T3M10,triacsin C,6.741
COLO678,triacsin C,6.742
HEC59,triacsin C,6.748
KYSE450,triacsin C,6.773
HUPT4,triacsin C,6.779
NCIH1781,triacsin C,6.78
OVCAR4,triacsin C,6.784
IGROV1,triacsin C,6.789
NCIH841,triacsin C,6.803
NCIH441,triacsin C,6.807
RPMI8226,triacsin C,6.813
GP2D,triacsin C,6.835
SNU1040,triacsin C,6.835
EFO27,triacsin C,6.84
U2OS,triacsin C,6.84
LOVO,triacsin C,6.844
CAOV3,triacsin C,6.845
OV90,triacsin C,6.864
A375,triacsin C,6.867
SNU840,triacsin C,6.87
SNU398,triacsin C,6.87
CALU6,triacsin C,6.884
WSUDLCL2,triacsin C,6.89
HT55,triacsin C,6.891
MCF7,triacsin C,6.907
DV90,triacsin C,6.907
JHUEM2,triacsin C,6.912
NCIH596,triacsin C,6.923
QGP1,triacsin C,6.937
SNU61,triacsin C,6.942
TYKNU,triacsin C,6.952
HT1080,triacsin C,6.955
SW480,triacsin C,6.958
NCIH1105,triacsin C,6.965
NCIH2023,triacsin C,6.968
SCC9,triacsin C,6.973
HCC4006,triacsin C,6.973
NCIH3255,triacsin C,6.981
RKO,triacsin C,6.981
SCLC21H,triacsin C,6.985
MOLM16,triacsin C,6.985
SKMEL1,triacsin C,6.986
NCIH2081,triacsin C,7
OV7,triacsin C,7.002
HT29,triacsin C,7.003
JHH6,triacsin C,7.007
NCIH460,triacsin C,7.012
SNU81,triacsin C,7.014
LS123,triacsin C,7.014
NCIH2030,triacsin C,7.037
RKN,triacsin C,7.049
NCIH2172,triacsin C,7.051
HCC2108,triacsin C,7.053
HEPG2,triacsin C,7.056
SKMEL28,triacsin C,7.07
NCIH2122,triacsin C,7.085
HCC2935,triacsin C,7.089
SW620,triacsin C,7.11
HCC827,triacsin C,7.144
CORL23,triacsin C,7.153
SQ1,triacsin C,7.154
JHOM1,triacsin C,7.18
RCC10RGB,triacsin C,7.197
OAW42,triacsin C,7.21
HCC1195,triacsin C,7.222
KM12,triacsin C,7.236
SKLU1,triacsin C,7.239
LS180,triacsin C,7.24
RCM1,triacsin C,7.242
HT115,triacsin C,7.247
MC116,triacsin C,7.295
HCC1833,triacsin C,7.332
COV362,triacsin C,7.38
MDST8,triacsin C,7.402
AGS,triacsin C,7.443
SKMEL5,triacsin C,7.473
CL40,triacsin C,7.476
NUGC4,triacsin C,7.479
SUIT2,triacsin C,7.503
NCIH2110,triacsin C,7.515
U937,triacsin C,7.516
NCIH2141,triacsin C,7.539
SNUC4,triacsin C,7.565
SW948,triacsin C,7.765
HS944T,triacsin C,7.857
LP1,triacsin C,7.873
AMO1,triacsin C,9.466
HS852T,triptolide,0.694
LS180,triptolide,0.73
SKM1,triptolide,0.736
OCIAML3,triptolide,0.815
RKO,triptolide,0.976
HEC151,triptolide,1.003
KMS11,triptolide,1.145
HCT116,triptolide,1.164
JHOC5,triptolide,1.211
OVCAR4,triptolide,1.261
SCLC21H,triptolide,1.29
NCIH596,triptolide,1.338
THP1,triptolide,1.454
U937,triptolide,1.59
PL21,triptolide,1.606
EJM,triptolide,1.609
A2780,triptolide,1.666
SNU81,triptolide,1.696
NUDUL1,triptolide,1.777
RPMI8226,triptolide,1.858
SNUC4,triptolide,1.87
CL34,triptolide,1.911
NCIH2286,triptolide,1.924
NOMO1,triptolide,1.944
KLE,triptolide,1.995
LP1,triptolide,2
SUDHL5,triptolide,2.032
SNU398,triptolide,2.04
GDM1,triptolide,2.049
HCT8,triptolide,2.11
COLO668,triptolide,2.151
U2OS,triptolide,2.166
SKMEL1,triptolide,2.182
HEC108,triptolide,2.191
CORL23,triptolide,2.268
TYKNU,triptolide,2.273
JHOS4,triptolide,2.329
CW2,triptolide,2.415
SNUC5,triptolide,2.42
A375,triptolide,2.571
NCIH841,triptolide,2.577
OVK18,triptolide,2.581
COV434,triptolide,2.599
OVCAR8,triptolide,2.64
AGS,triptolide,2.656
NCIH1963,triptolide,2.671
SNU175,triptolide,2.691
NCIH1781,triptolide,2.793
HT1080,triptolide,2.796
PC3,triptolide,2.819
CAOV3,triptolide,2.842
JHUEM2,triptolide,2.851
T3M10,triptolide,2.864
PATU8902,triptolide,2.87
LXF289,triptolide,2.888
RKN,triptolide,2.938
NCIH508,triptolide,2.938
MDST8,triptolide,2.939
ISHIKAWAHERAKLIO02ER,triptolide,2.956
MOLM16,triptolide,2.965
RMUGS,triptolide,3.033
HCC2108,triptolide,3.064
SQ1,triptolide,3.067
NCIH441,triptolide,3.086
NCIH1435,triptolide,3.108
OVKATE,triptolide,3.138
MCF7,triptolide,3.203
NCIH1836,triptolide,3.268
OCILY10,triptolide,3.299
NCIH460,triptolide,3.328
NCIH1694,triptolide,3.375
HCC15,triptolide,3.416
SW948,triptolide,3.434
CL40,triptolide,3.535
SKLU1,triptolide,3.544
HT115,triptolide,3.55
COV644,triptolide,3.552
JHOM1,triptolide,3.563
LOVO,triptolide,3.569
HCC1833,triptolide,3.631
WSUDLCL2,triptolide,3.658
OAW42,triptolide,3.659
SKMEL5,triptolide,3.682
LS123,triptolide,3.7
HCC827,triptolide,3.702
HEPG2,triptolide,3.743
CORL51,triptolide,3.751
RMGI,triptolide,3.752
SNU840,triptolide,3.759
COV362,triptolide,3.781
HCC4006,triptolide,3.807
NCIH1755,triptolide,3.818
GAMG,triptolide,3.838
SW620,triptolide,3.841
NCIH1915,triptolide,3.847
NCIH2122,triptolide,3.885
COLO320,triptolide,3.886
NCIH2172,triptolide,3.894
HCC1359,triptolide,3.969
OV90,triptolide,3.992
RERFLCKJ,triptolide,4.026
LN229,triptolide,4.039
RCM1,triptolide,4.069
HEC59,triptolide,4.087
OV7,triptolide,4.133
BL70,triptolide,4.145
IGROV1,triptolide,4.238
SNU449,triptolide,4.26
SKMEL28,triptolide,4.271
EFO27,triptolide,4.32
HCC1195,triptolide,4.327
NCIH2081,triptolide,4.36
COLO678,triptolide,4.373
SUDHL4,triptolide,4.41
HT55,triptolide,4.465
NCIH1930,triptolide,4.472
CAL12T,triptolide,4.488
SCC9,triptolide,4.55
OVMANA,triptolide,4.568
MKN74,triptolide,4.583
KM12,triptolide,4.619
SNU61,triptolide,4.676
NCIH1105,triptolide,4.682
SNGM,triptolide,4.702
NCIH2030,triptolide,4.712
SW480,triptolide,4.854
NCIH1876,triptolide,4.898
RCC10RGB,triptolide,4.948
NCIH3255,triptolide,4.983
JHH6,triptolide,5.029
NCIH2141,triptolide,5.202
NCIH2110,triptolide,5.217
AMO1,triptolide,5.396
NCIH2023,triptolide,5.593
SNU1040,triptolide,5.915
COV318,triptolide,6.107
NCIH2342,triptolide,6.385
HCC2935,triptolide,6.479
HT29,triptolide,7.285
OCIAML3,TTNBP,1.975
NUDUL1,TTNBP,4.472
NCIH1755,TTNBP,4.715
SKM1,TTNBP,4.811
THP1,TTNBP,4.837
PL21,TTNBP,4.936
NOMO1,TTNBP,5.036
SUDHL4,TTNBP,5.382
LXF289,TTNBP,5.392
MOLM16,TTNBP,5.514
OCILY10,TTNBP,5.526
SCC9,TTNBP,5.539
U937,TTNBP,5.617
RPMI8226,TTNBP,5.618
NCIH3255,TTNBP,5.669
NCIH1694,TTNBP,5.801
HCC15,TTNBP,5.805
LP1,TTNBP,5.815
NCIH1963,TTNBP,5.841
NCIH508,TTNBP,5.846
COV644,TTNBP,5.879
GDM1,TTNBP,5.904
NCIH2141,TTNBP,5.917
NCIH841,TTNBP,5.93
NCIH2110,TTNBP,6.032
SNU61,TTNBP,6.037
RMUGS,TTNBP,6.04
JHOM1,TTNBP,6.044
T3M10,TTNBP,6.062
COLO678,TTNBP,6.064
HCC2935,TTNBP,6.071
RMGI,TTNBP,6.182
LS123,TTNBP,6.189
SUDHL5,TTNBP,6.252
NCIH1781,TTNBP,6.261
KMS11,TTNBP,6.266
EJM,TTNBP,6.266
CL34,TTNBP,6.277
SKMEL1,TTNBP,6.277
HEC151,TTNBP,6.312
SNU175,TTNBP,6.319
TYKNU,TTNBP,6.328
SNU840,TTNBP,6.335
OVK18,TTNBP,6.341
COV362,TTNBP,6.345
OV7,TTNBP,6.345
SNUC4,TTNBP,6.35
MCF7,TTNBP,6.352
CAOV3,TTNBP,6.354
AGS,TTNBP,6.356
WSUDLCL2,TTNBP,6.367
NCIH1876,TTNBP,6.406
SKMEL28,TTNBP,6.406
SNU398,TTNBP,6.414
OVKATE,TTNBP,6.42
NCIH460,TTNBP,6.423
RCM1,TTNBP,6.425
CORL23,TTNBP,6.428
NCIH1435,TTNBP,6.431
SQ1,TTNBP,6.432
CW2,TTNBP,6.442
MDST8,TTNBP,6.455
CL40,TTNBP,6.459
OV90,TTNBP,6.467
SW620,TTNBP,6.471
NCIH2030,TTNBP,6.475
LS180,TTNBP,6.48
LOVO,TTNBP,6.482
PC3,TTNBP,6.495
NCIH596,TTNBP,6.526
SW948,TTNBP,6.527
SNGM,TTNBP,6.539
U2OS,TTNBP,6.554
HT115,TTNBP,6.563
HT29,TTNBP,6.573
OVCAR8,TTNBP,6.596
HT1080,TTNBP,6.597
NCIH2286,TTNBP,6.604
HCT116,TTNBP,6.605
RCC10RGB,TTNBP,6.61
SNUC5,TTNBP,6.622
JHOS4,TTNBP,6.628
HS852T,TTNBP,6.638
IGROV1,TTNBP,6.644
OVCAR4,TTNBP,6.646
NCIH2172,TTNBP,6.646
HEC108,TTNBP,6.656
SNU81,TTNBP,6.665
SKLU1,TTNBP,6.67
HCC4006,TTNBP,6.677
OAW42,TTNBP,6.702
COLO668,TTNBP,6.705
KM12,TTNBP,6.708
RKO,TTNBP,6.711
NCIH2023,TTNBP,6.724
SCLC21H,TTNBP,6.725
A375,TTNBP,6.731
SNU1040,TTNBP,6.734
EFO27,TTNBP,6.756
CAL12T,TTNBP,6.761
COLO320,TTNBP,6.765
HCC2108,TTNBP,6.767
HCC827,TTNBP,6.769
A2780,TTNBP,6.778
SKMEL5,TTNBP,6.782
HCC1833,TTNBP,6.784
JHUEM2,TTNBP,6.788
RERFLCKJ,TTNBP,6.791
NCIH441,TTNBP,6.795
ISHIKAWAHERAKLIO02ER,TTNBP,6.817
NCIH1915,TTNBP,6.824
HCC1359,TTNBP,6.825
NCIH2342,TTNBP,6.827
HT55,TTNBP,6.835
HEC59,TTNBP,6.841
NCIH1105,TTNBP,6.851
KLE,TTNBP,6.853
COV434,TTNBP,6.859
COV318,TTNBP,6.867
JHOC5,TTNBP,6.875
SW480,TTNBP,6.877
NCIH2081,TTNBP,6.877
PATU8902,TTNBP,6.88
MKN74,TTNBP,6.882
JHH6,TTNBP,6.895
HCT8,TTNBP,6.896
HCC1195,TTNBP,6.968
GAMG,TTNBP,6.987
LN229,TTNBP,7.016
RKN,TTNBP,7.035
SNU449,TTNBP,7.052
OVMANA,TTNBP,7.087
NCIH1836,TTNBP,7.203
NCIH2122,TTNBP,7.279
BL70,TTNBP,7.447
NCIH1930,TTNBP,7.505
CORL51,TTNBP,7.588
HEPG2,TTNBP,7.854
AMO1,TTNBP,9.002
SW620,TW-37,0.443
OVKATE,TW-37,0.52
OVK18,TW-37,0.753
SW480,TW-37,0.827
A2780,TW-37,0.87
HCT116,TW-37,0.975
WSUDLCL2,TW-37,1.001
SKM1,TW-37,1.114
JHUEM2,TW-37,1.298
THP1,TW-37,1.36
HEC151,TW-37,1.362
NCIH596,TW-37,1.473
SKMEL5,TW-37,1.547
NUDUL1,TW-37,1.645
OVCAR8,TW-37,1.647
NCIH2122,TW-37,1.656
RPMI8226,TW-37,1.675
OV90,TW-37,1.724
SUDHL4,TW-37,1.782
MOLM16,TW-37,1.805
SUDHL5,TW-37,1.81
IGROV1,TW-37,1.879
OCIAML3,TW-37,1.879
NOMO1,TW-37,1.917
NCIH1694,TW-37,2.123
LS123,TW-37,2.214
TYKNU,TW-37,2.267
LS180,TW-37,2.334
HT55,TW-37,2.394
HCT8,TW-37,2.405
JHOC5,TW-37,2.476
U937,TW-37,2.571
NCIH2342,TW-37,2.572
NCIH460,TW-37,2.704
NCIH1963,TW-37,2.72
RCM1,TW-37,2.748
HCC1833,TW-37,2.802
SNU1040,TW-37,2.82
T3M10,TW-37,2.992
COV434,TW-37,3.016
HCC1195,TW-37,3.019
CW2,TW-37,3.071
A375,TW-37,3.088
SNU175,TW-37,3.09
HCC827,TW-37,3.111
HCC15,TW-37,3.184
KMS11,TW-37,3.312
OVCAR4,TW-37,3.357
SNUC5,TW-37,3.376
KM12,TW-37,3.377
MCF7,TW-37,3.47
SNU840,TW-37,3.479
HCC2108,TW-37,3.49
HT1080,TW-37,3.503
HT29,TW-37,3.505
SNU81,TW-37,3.525
PL21,TW-37,3.563
GDM1,TW-37,3.643
SNU398,TW-37,3.711
SNUC4,TW-37,3.748
COLO320,TW-37,3.774
RMUGS,TW-37,3.794
NCIH441,TW-37,3.826
SW948,TW-37,3.879
SKLU1,TW-37,3.907
LN229,TW-37,3.959
SCLC21H,TW-37,3.963
NCIH1755,TW-37,4.024
EJM,TW-37,4.063
CAL12T,TW-37,4.09
LOVO,TW-37,4.106
JHOM1,TW-37,4.109
HEPG2,TW-37,4.155
NCIH841,TW-37,4.184
HCC4006,TW-37,4.263
LP1,TW-37,4.296
OAW42,TW-37,4.319
SNU61,TW-37,4.394
SKMEL28,TW-37,4.394
CORL23,TW-37,4.401
HCC1359,TW-37,4.468
NCIH3255,TW-37,4.542
EFO27,TW-37,4.546
NCIH1105,TW-37,4.569
NCIH1876,TW-37,4.571
NCIH2023,TW-37,4.571
RMGI,TW-37,4.636
NCIH508,TW-37,4.69
NCIH2030,TW-37,4.699
RKO,TW-37,4.707
COV644,TW-37,4.727
NCIH1836,TW-37,4.736
SCC9,TW-37,4.836
SKMEL1,TW-37,4.874
CL34,TW-37,4.883
CORL51,TW-37,4.915
RKN,TW-37,4.957
CAOV3,TW-37,4.984
AMO1,TW-37,5.084
NCIH2141,TW-37,5.089
NCIH1781,TW-37,5.105
CL40,TW-37,5.109
NCIH2081,TW-37,5.216
NCIH2172,TW-37,5.258
HT115,TW-37,5.346
COLO678,TW-37,5.366
MDST8,TW-37,5.473
HCC2935,TW-37,5.499
OV7,TW-37,5.559
COV362,TW-37,5.614
NCIH2110,TW-37,5.767
AGS,TW-37,6.003
SQ1,TW-37,6.09
OCILY10,TW-37,6.552
NCIH3255,tyrphostin AG-1478,0.79
NCIH508,tyrphostin AG-1478,1.014
SNUC4,tyrphostin AG-1478,1.348
HCC4006,tyrphostin AG-1478,1.541
LS180,tyrphostin AG-1478,1.564
AGS,tyrphostin AG-1478,1.582
HCC827,tyrphostin AG-1478,1.607
SCC9,tyrphostin AG-1478,1.666
HEC151,tyrphostin AG-1478,1.669
SNU175,tyrphostin AG-1478,1.744
SW948,tyrphostin AG-1478,1.749
RMGI,tyrphostin AG-1478,1.872
HCC2935,tyrphostin AG-1478,2.062
HT115,tyrphostin AG-1478,2.076
JHOC5,tyrphostin AG-1478,2.11
SNU81,tyrphostin AG-1478,2.123
CW2,tyrphostin AG-1478,2.152
OVCAR8,tyrphostin AG-1478,2.195
LOVO,tyrphostin AG-1478,2.236
HT55,tyrphostin AG-1478,2.357
CL40,tyrphostin AG-1478,2.508
IGROV1,tyrphostin AG-1478,2.533
NOMO1,tyrphostin AG-1478,2.615
PL21,tyrphostin AG-1478,2.676
MOLM16,tyrphostin AG-1478,2.704
NCIH2122,tyrphostin AG-1478,2.716
NCIH1105,tyrphostin AG-1478,2.808
COV644,tyrphostin AG-1478,2.856
RMUGS,tyrphostin AG-1478,2.865
A2780,tyrphostin AG-1478,2.887
RCM1,tyrphostin AG-1478,2.896
SNU840,tyrphostin AG-1478,2.921
OCIAML3,tyrphostin AG-1478,2.929
OVKATE,tyrphostin AG-1478,3.042
JHOM1,tyrphostin AG-1478,3.093
KMS11,tyrphostin AG-1478,3.142
COLO678,tyrphostin AG-1478,3.186
SKMEL5,tyrphostin AG-1478,3.208
RKN,tyrphostin AG-1478,3.223
SKLU1,tyrphostin AG-1478,3.239
HEPG2,tyrphostin AG-1478,3.255
SCLC21H,tyrphostin AG-1478,3.292
SNUC5,tyrphostin AG-1478,3.31
NCIH1963,tyrphostin AG-1478,3.335
HCC1833,tyrphostin AG-1478,3.383
LP1,tyrphostin AG-1478,3.402
WSUDLCL2,tyrphostin AG-1478,3.461
NCIH2342,tyrphostin AG-1478,3.485
CAL12T,tyrphostin AG-1478,3.535
RCC10RGB,tyrphostin AG-1478,3.592
OVCAR4,tyrphostin AG-1478,3.6
HCT8,tyrphostin AG-1478,3.619
COLO320,tyrphostin AG-1478,3.633
COV434,tyrphostin AG-1478,3.666
NCIH441,tyrphostin AG-1478,3.701
NCIH1781,tyrphostin AG-1478,3.721
GDM1,tyrphostin AG-1478,3.809
NCIH1836,tyrphostin AG-1478,3.81
SKM1,tyrphostin AG-1478,3.821
CL34,tyrphostin AG-1478,3.84
SNU61,tyrphostin AG-1478,3.842
NCIH841,tyrphostin AG-1478,3.848
OV90,tyrphostin AG-1478,3.864
CAOV3,tyrphostin AG-1478,3.883
HCC2108,tyrphostin AG-1478,3.883
KM12,tyrphostin AG-1478,3.97
EFO27,tyrphostin AG-1478,4.018
OVK18,tyrphostin AG-1478,4.036
T3M10,tyrphostin AG-1478,4.062
SUDHL4,tyrphostin AG-1478,4.081
MCF7,tyrphostin AG-1478,4.134
JHUEM2,tyrphostin AG-1478,4.199
SQ1,tyrphostin AG-1478,4.203
THP1,tyrphostin AG-1478,4.22
NCIH1876,tyrphostin AG-1478,4.251
LN229,tyrphostin AG-1478,4.349
MDST8,tyrphostin AG-1478,4.369
RPMI8226,tyrphostin AG-1478,4.373
SNU1040,tyrphostin AG-1478,4.428
OCILY10,tyrphostin AG-1478,4.468
NUDUL1,tyrphostin AG-1478,4.475
NCIH2030,tyrphostin AG-1478,4.499
HCC1195,tyrphostin AG-1478,4.523
LS123,tyrphostin AG-1478,4.533
NCIH1755,tyrphostin AG-1478,4.534
NCIH2110,tyrphostin AG-1478,4.561
HCC1359,tyrphostin AG-1478,4.598
NCIH2141,tyrphostin AG-1478,4.639
NCIH2023,tyrphostin AG-1478,4.719
SW620,tyrphostin AG-1478,4.725
OV7,tyrphostin AG-1478,4.739
HCC15,tyrphostin AG-1478,4.831
EJM,tyrphostin AG-1478,4.833
A375,tyrphostin AG-1478,4.876
TYKNU,tyrphostin AG-1478,4.919
NCIH596,tyrphostin AG-1478,4.973
NCIH2081,tyrphostin AG-1478,4.978
HT1080,tyrphostin AG-1478,5.137
HT29,tyrphostin AG-1478,5.149
SW480,tyrphostin AG-1478,5.154
SNU398,tyrphostin AG-1478,5.171
HCT116,tyrphostin AG-1478,5.192
RKO,tyrphostin AG-1478,5.242
CORL51,tyrphostin AG-1478,5.258
NCIH2172,tyrphostin AG-1478,5.267
U937,tyrphostin AG-1478,5.275
NCIH1694,tyrphostin AG-1478,5.399
SKMEL1,tyrphostin AG-1478,5.427
AMO1,tyrphostin AG-1478,5.682
COV362,tyrphostin AG-1478,5.686
SUDHL5,tyrphostin AG-1478,5.69
CORL23,tyrphostin AG-1478,6.009
OAW42,tyrphostin AG-1478,6.597
NCIH460,tyrphostin AG-1478,6.827
SKMEL28,tyrphostin AG-1478,7.137
SUDHL5,ubistatin B,1.37
THP1,ubistatin B,1.815
NCIH1963,ubistatin B,2.123
PL21,ubistatin B,2.57
OCIAML3,ubistatin B,2.698
NOMO1,ubistatin B,3.036
SKM1,ubistatin B,3.384
U937,ubistatin B,3.503
NCIH596,ubistatin B,3.682
NCIH2122,ubistatin B,3.829
HCT116,ubistatin B,3.954
WSUDLCL2,ubistatin B,4.11
SNU840,ubistatin B,4.273
COV434,ubistatin B,4.283
A375,ubistatin B,4.355
HT55,ubistatin B,4.366
HEC151,ubistatin B,4.395
OVKATE,ubistatin B,4.554
KM12,ubistatin B,4.578
SW948,ubistatin B,4.607
NUDUL1,ubistatin B,4.705
OVK18,ubistatin B,4.743
RCM1,ubistatin B,4.745
COLO320,ubistatin B,4.762
OVCAR8,ubistatin B,4.779
HT29,ubistatin B,4.838
NCIH508,ubistatin B,4.853
GDM1,ubistatin B,4.878
U2OS,ubistatin B,4.884
SNUC5,ubistatin B,4.907
LP1,ubistatin B,5.009
HCC15,ubistatin B,5.019
SW620,ubistatin B,5.079
HEPG2,ubistatin B,5.095
HCC4006,ubistatin B,5.106
CW2,ubistatin B,5.114
RPMI8226,ubistatin B,5.147
CORL51,ubistatin B,5.182
HT1080,ubistatin B,5.241
SKMEL5,ubistatin B,5.247
KMS11,ubistatin B,5.329
HCT8,ubistatin B,5.332
LS180,ubistatin B,5.358
OVCAR4,ubistatin B,5.408
SNU81,ubistatin B,5.411
TYKNU,ubistatin B,5.445
SNU61,ubistatin B,5.461
SKLU1,ubistatin B,5.554
RKN,ubistatin B,5.63
MCF7,ubistatin B,5.697
COV644,ubistatin B,5.745
HCC827,ubistatin B,5.762
RMGI,ubistatin B,5.78
HCC1195,ubistatin B,5.824
OCILY10,ubistatin B,5.857
SNU1040,ubistatin B,5.883
CL34,ubistatin B,5.913
HCC1833,ubistatin B,5.987
RMUGS,ubistatin B,5.989
NCIH2172,ubistatin B,6.014
SCLC21H,ubistatin B,6.019
SNU175,ubistatin B,6.03
EFO27,ubistatin B,6.071
JHOC5,ubistatin B,6.096
JHOM1,ubistatin B,6.187
JHUEM2,ubistatin B,6.199
COLO678,ubistatin B,6.199
NCIH1105,ubistatin B,6.206
LS123,ubistatin B,6.227
NCIH460,ubistatin B,6.236
OV90,ubistatin B,6.305
EJM,ubistatin B,6.321
CL40,ubistatin B,6.322
CAL12T,ubistatin B,6.325
HCC2108,ubistatin B,6.332
A2780,ubistatin B,6.351
NCIH1876,ubistatin B,6.358
LN229,ubistatin B,6.36
IGROV1,ubistatin B,6.376
NCIH2023,ubistatin B,6.376
T3M10,ubistatin B,6.392
NCIH441,ubistatin B,6.428
NCIH2081,ubistatin B,6.486
NCIH1694,ubistatin B,6.521
HCC2935,ubistatin B,6.612
NCIH2030,ubistatin B,6.626
NCIH1755,ubistatin B,6.64
SCC9,ubistatin B,6.67
LOVO,ubistatin B,6.754
RKO,ubistatin B,6.788
NCIH841,ubistatin B,6.802
SW480,ubistatin B,6.823
NCIH1781,ubistatin B,6.861
CAOV3,ubistatin B,6.885
HT115,ubistatin B,6.902
OV7,ubistatin B,6.948
MDST8,ubistatin B,7.077
OAW42,ubistatin B,7.079
SUDHL4,ubistatin B,7.111
AMO1,ubistatin B,7.185
RCC10RGB,ubistatin B,7.199
SNUC4,ubistatin B,7.303
NCIH2342,ubistatin B,7.317
SKMEL1,ubistatin B,7.359
NCIH1836,ubistatin B,7.36
COV362,ubistatin B,7.537
NCIH2110,ubistatin B,7.605
CORL23,ubistatin B,7.666
AGS,ubistatin B,7.709
MOLM16,ubistatin B,7.765
SQ1,ubistatin B,7.834
NCIH2141,ubistatin B,8.145
SKMEL28,ubistatin B,8.165
NCIH3255,ubistatin B,8.281
HCC1359,ubistatin B,9.01
SNU398,ubistatin B,10.2
SCLC21H,UNC0638,1.872
HS852T,UNC0638,2.943
COV434,UNC0638,3.191
GAMG,UNC0638,3.516
NCIH1963,UNC0638,3.669
NCIH1435,UNC0638,3.744
LS180,UNC0638,3.916
OCILY10,UNC0638,4.061
PATU8902,UNC0638,4.101
LN229,UNC0638,4.217
OCIAML3,UNC0638,4.227
CL34,UNC0638,4.25
PL21,UNC0638,4.356
KMS11,UNC0638,4.413
COLO668,UNC0638,4.43
PC3,UNC0638,4.51
KM12,UNC0638,4.628
MCF7,UNC0638,4.641
BL70,UNC0638,4.709
CAL12T,UNC0638,4.79
SNU175,UNC0638,4.818
CORL51,UNC0638,4.827
NOMO1,UNC0638,4.849
SUDHL5,UNC0638,4.883
HCC1833,UNC0638,4.883
NCIH1836,UNC0638,4.892
JHOS4,UNC0638,4.912
COV644,UNC0638,4.921
OVK18,UNC0638,4.955
WSUDLCL2,UNC0638,5.036
THP1,UNC0638,5.046
AGS,UNC0638,5.074
RKO,UNC0638,5.085
U937,UNC0638,5.088
OVCAR4,UNC0638,5.144
HT115,UNC0638,5.157
LXF289,UNC0638,5.21
OVCAR8,UNC0638,5.248
HCC15,UNC0638,5.262
A375,UNC0638,5.311
OVKATE,UNC0638,5.311
JHH6,UNC0638,5.42
SQ1,UNC0638,5.484
GDM1,UNC0638,5.493
CAOV3,UNC0638,5.496
KLE,UNC0638,5.496
CL40,UNC0638,5.496
NCIH508,UNC0638,5.532
SKLU1,UNC0638,5.553
NCIH2081,UNC0638,5.638
SNU81,UNC0638,5.65
COV318,UNC0638,5.679
ISHIKAWAHERAKLIO02ER,UNC0638,5.704
NCIH1105,UNC0638,5.71
RMUGS,UNC0638,5.748
MKN74,UNC0638,5.772
MOLM16,UNC0638,5.811
HT29,UNC0638,5.83
U2OS,UNC0638,5.849
NCIH1915,UNC0638,5.869
NCIH2110,UNC0638,5.892
JHOC5,UNC0638,5.922
COLO678,UNC0638,5.925
SNU840,UNC0638,5.933
SNU398,UNC0638,5.972
T3M10,UNC0638,6.019
EJM,UNC0638,6.022
HCC2935,UNC0638,6.041
RERFLCKJ,UNC0638,6.045
SCC9,UNC0638,6.065
SKMEL5,UNC0638,6.072
LOVO,UNC0638,6.087
NCIH2122,UNC0638,6.126
MDST8,UNC0638,6.139
NCIH2342,UNC0638,6.143
NCIH596,UNC0638,6.15
HCC4006,UNC0638,6.159
RKN,UNC0638,6.183
NCIH460,UNC0638,6.196
SKM1,UNC0638,6.221
COV362,UNC0638,6.242
RCM1,UNC0638,6.251
NCIH1876,UNC0638,6.27
HEC151,UNC0638,6.283
A2780,UNC0638,6.288
NCIH841,UNC0638,6.323
TYKNU,UNC0638,6.339
SUDHL4,UNC0638,6.343
NCIH2172,UNC0638,6.379
SKMEL28,UNC0638,6.396
HEPG2,UNC0638,6.401
EFO27,UNC0638,6.429
OV90,UNC0638,6.444
RPMI8226,UNC0638,6.453
SNUC5,UNC0638,6.462
OVMANA,UNC0638,6.465
HT55,UNC0638,6.472
HCT116,UNC0638,6.477
OV7,UNC0638,6.505
CW2,UNC0638,6.507
HCC2108,UNC0638,6.518
LP1,UNC0638,6.518
JHOM1,UNC0638,6.521
HCC1195,UNC0638,6.54
NCIH1930,UNC0638,6.543
HCC827,UNC0638,6.571
HEC108,UNC0638,6.581
SNUC4,UNC0638,6.601
SNGM,UNC0638,6.637
IGROV1,UNC0638,6.639
NCIH1694,UNC0638,6.662
RMGI,UNC0638,6.695
SKMEL1,UNC0638,6.757
NCIH2023,UNC0638,6.76
NCIH2030,UNC0638,6.762
RCC10RGB,UNC0638,6.768
NCIH3255,UNC0638,6.779
HEC59,UNC0638,6.797
JHUEM2,UNC0638,6.82
SNU61,UNC0638,6.825
NCIH441,UNC0638,6.834
CORL23,UNC0638,6.843
SW948,UNC0638,6.846
LS123,UNC0638,6.875
NCIH2286,UNC0638,6.883
HCC1359,UNC0638,6.893
HT1080,UNC0638,6.894
SW620,UNC0638,6.944
SNU1040,UNC0638,6.992
SW480,UNC0638,7.034
NCIH1755,UNC0638,7.127
SNU449,UNC0638,7.156
HCT8,UNC0638,7.184
NCIH1781,UNC0638,7.226
AMO1,UNC0638,7.285
OAW42,UNC0638,7.397
NCIH2141,UNC0638,7.795
COLO320,UNC0638,7.975
NUDUL1,UNC0638,8.537
NCIH2342,ursolic acid,1.743
WSUDLCL2,ursolic acid,1.78
PL21,ursolic acid,1.838
NCIH1105,ursolic acid,1.939
OCIAML3,ursolic acid,2.059
SW480,ursolic acid,2.095
SNU81,ursolic acid,2.109
NCIH2081,ursolic acid,2.207
THP1,ursolic acid,2.235
COV434,ursolic acid,2.284
RMUGS,ursolic acid,2.285
GDM1,ursolic acid,2.334
NCIH2122,ursolic acid,2.352
NCIH3255,ursolic acid,2.378
NOMO1,ursolic acid,2.458
HCC1195,ursolic acid,2.466
NCIH1836,ursolic acid,2.509
LN229,ursolic acid,2.564
JHOC5,ursolic acid,2.602
SNUC5,ursolic acid,2.62
RMGI,ursolic acid,2.63
HCC2935,ursolic acid,2.658
T3M10,ursolic acid,2.682
LS180,ursolic acid,2.711
CW2,ursolic acid,2.777
JHUEM2,ursolic acid,2.785
OVK18,ursolic acid,2.849
NCIH1963,ursolic acid,2.883
SUDHL5,ursolic acid,2.919
SNU175,ursolic acid,2.951
NUDUL1,ursolic acid,3.022
NCIH1694,ursolic acid,3.023
OVCAR4,ursolic acid,3.057
NCIH841,ursolic acid,3.158
NCIH596,ursolic acid,3.217
OVCAR8,ursolic acid,3.242
HEC151,ursolic acid,3.259
RPMI8226,ursolic acid,3.265
OVKATE,ursolic acid,3.309
NCIH2030,ursolic acid,3.316
SNUC4,ursolic acid,3.33
SNU398,ursolic acid,3.333
SKMEL5,ursolic acid,3.354
SNU61,ursolic acid,3.359
KMS11,ursolic acid,3.363
HCC4006,ursolic acid,3.399
CAL12T,ursolic acid,3.503
CAOV3,ursolic acid,3.528
NCIH460,ursolic acid,3.609
EJM,ursolic acid,3.611
LP1,ursolic acid,3.628
HCC1833,ursolic acid,3.647
NCIH1876,ursolic acid,3.647
RCC10RGB,ursolic acid,3.755
A2780,ursolic acid,3.781
SCLC21H,ursolic acid,3.796
HT115,ursolic acid,3.818
SKLU1,ursolic acid,3.87
SKM1,ursolic acid,3.88
HCC1359,ursolic acid,3.923
COLO678,ursolic acid,3.93
KM12,ursolic acid,3.955
MCF7,ursolic acid,3.967
NCIH2023,ursolic acid,3.987
JHOM1,ursolic acid,4.041
CORL51,ursolic acid,4.065
AGS,ursolic acid,4.103
HCC2108,ursolic acid,4.166
SCC9,ursolic acid,4.19
COLO320,ursolic acid,4.255
IGROV1,ursolic acid,4.304
NCIH441,ursolic acid,4.372
SNU840,ursolic acid,4.413
NCIH1781,ursolic acid,4.529
OAW42,ursolic acid,4.531
NCIH2141,ursolic acid,4.535
CL40,ursolic acid,4.569
SW948,ursolic acid,4.615
A375,ursolic acid,4.63
AMO1,ursolic acid,4.723
OV90,ursolic acid,4.836
NCIH2172,ursolic acid,4.837
COV362,ursolic acid,4.875
RKN,ursolic acid,4.972
CL34,ursolic acid,5.158
U937,ursolic acid,5.207
NCIH2110,ursolic acid,5.218
HCC827,ursolic acid,5.232
MDST8,ursolic acid,5.843
HEPG2,ursolic acid,5.876
EFO27,ursolic acid,5.966
OCILY10,ursolic acid,6.119
OV7,ursolic acid,6.411
SKMEL1,ursolic acid,6.519
SW620,ursolic acid,6.549
RCM1,ursolic acid,6.694
TYKNU,ursolic acid,6.706
SKMEL28,ursolic acid,6.712
LS123,ursolic acid,6.76
SQ1,ursolic acid,6.827
HCC15,ursolic acid,6.869
HT55,ursolic acid,6.874
NCIH1755,ursolic acid,6.925
NCIH508,ursolic acid,6.926
HCT116,ursolic acid,6.946
SUDHL4,ursolic acid,7.049
HT1080,ursolic acid,7.104
LOVO,ursolic acid,7.16
SNU1040,ursolic acid,7.194
HT29,ursolic acid,7.324
CORL23,ursolic acid,7.348
COV644,ursolic acid,7.359
HCT8,ursolic acid,7.449
RKO,ursolic acid,7.606
MOLM16,ursolic acid,7.864
HEC151,valdecoxib,3.159
SW480,valdecoxib,3.244
LP1,valdecoxib,3.395
SW620,valdecoxib,3.544
NCIH1963,valdecoxib,3.64
PL21,valdecoxib,3.725
SUDHL5,valdecoxib,3.756
OCIAML3,valdecoxib,3.801
U937,valdecoxib,3.845
NUDUL1,valdecoxib,3.892
RMUGS,valdecoxib,4.028
GDM1,valdecoxib,4.053
SNU175,valdecoxib,4.058
OVCAR8,valdecoxib,4.215
RPMI8226,valdecoxib,4.258
SNU81,valdecoxib,4.274
SNUC4,valdecoxib,4.29
OV90,valdecoxib,4.318
MOLM16,valdecoxib,4.381
CORL51,valdecoxib,4.383
KMS11,valdecoxib,4.431
CW2,valdecoxib,4.436
THP1,valdecoxib,4.508
OVCAR4,valdecoxib,4.509
NCIH2172,valdecoxib,4.584
NCIH841,valdecoxib,4.602
HT1080,valdecoxib,4.632
MCF7,valdecoxib,4.643
JHOM1,valdecoxib,4.657
SNUC5,valdecoxib,4.671
RMGI,valdecoxib,4.71
NCIH1836,valdecoxib,4.718
IGROV1,valdecoxib,4.857
SKM1,valdecoxib,4.872
SKMEL5,valdecoxib,4.899
NCIH2081,valdecoxib,4.921
HCC2108,valdecoxib,4.935
NCIH2342,valdecoxib,4.938
NCIH1876,valdecoxib,4.952
A2780,valdecoxib,4.958
OVK18,valdecoxib,4.973
HCT116,valdecoxib,4.988
NOMO1,valdecoxib,5.002
OVKATE,valdecoxib,5.007
CAL12T,valdecoxib,5.008
LS180,valdecoxib,5.056
JHOC5,valdecoxib,5.076
OCILY10,valdecoxib,5.089
HCC4006,valdecoxib,5.11
COV434,valdecoxib,5.113
SUDHL4,valdecoxib,5.152
T3M10,valdecoxib,5.176
LOVO,valdecoxib,5.232
RCM1,valdecoxib,5.258
HCC1195,valdecoxib,5.263
JHUEM2,valdecoxib,5.286
HEPG2,valdecoxib,5.34
NCIH596,valdecoxib,5.366
TYKNU,valdecoxib,5.378
NCIH1105,valdecoxib,5.385
SCLC21H,valdecoxib,5.385
EJM,valdecoxib,5.388
MDST8,valdecoxib,5.401
HCC15,valdecoxib,5.432
COLO678,valdecoxib,5.433
NCIH1694,valdecoxib,5.468
HT55,valdecoxib,5.474
WSUDLCL2,valdecoxib,5.475
SW948,valdecoxib,5.486
RKN,valdecoxib,5.488
SKLU1,valdecoxib,5.488
SNU1040,valdecoxib,5.494
RCC10RGB,valdecoxib,5.515
NCIH2110,valdecoxib,5.527
SNU840,valdecoxib,5.561
EFO27,valdecoxib,5.596
LN229,valdecoxib,5.627
HCC2935,valdecoxib,5.646
NCIH2030,valdecoxib,5.663
LS123,valdecoxib,5.706
NCIH2122,valdecoxib,5.713
HCC1833,valdecoxib,5.749
NCIH1755,valdecoxib,5.776
HCT8,valdecoxib,5.777
KM12,valdecoxib,5.786
NCIH2023,valdecoxib,5.788
NCIH441,valdecoxib,5.792
SNU61,valdecoxib,5.813
HCC827,valdecoxib,5.906
NCIH1781,valdecoxib,6.021
CAOV3,valdecoxib,6.028
SKMEL1,valdecoxib,6.037
COLO320,valdecoxib,6.04
HT29,valdecoxib,6.048
COV644,valdecoxib,6.183
RKO,valdecoxib,6.184
NCIH3255,valdecoxib,6.189
HT115,valdecoxib,6.203
NCIH508,valdecoxib,6.233
CL34,valdecoxib,6.235
SCC9,valdecoxib,6.316
SQ1,valdecoxib,6.325
NCIH460,valdecoxib,6.365
SNU398,valdecoxib,6.387
COV362,valdecoxib,6.391
OV7,valdecoxib,6.471
A375,valdecoxib,6.609
AGS,valdecoxib,6.821
SKMEL28,valdecoxib,7.013
CL40,valdecoxib,7.076
NCIH2141,valdecoxib,7.107
HCC1359,valdecoxib,7.237
AMO1,valdecoxib,7.308
CORL23,valdecoxib,7.367
OAW42,valdecoxib,7.692
PL21,VER-155008,1.947
THP1,VER-155008,2.358
SKM1,VER-155008,2.481
NCIH3255,VER-155008,3.303
RPMI8226,VER-155008,3.418
OCIAML3,VER-155008,3.426
KMS11,VER-155008,3.481
MSTO211H,VER-155008,3.64
HCC2935,VER-155008,3.692
KU812,VER-155008,3.806
TYKNU,VER-155008,3.871
MOLM16,VER-155008,3.95
HCC827,VER-155008,4.114
NCIH1975,VER-155008,4.135
NCIH82,VER-155008,4.174
NCIH596,VER-155008,4.224
WSUDLCL2,VER-155008,4.234
HCT116,VER-155008,4.237
SUDHL4,VER-155008,4.273
HCC44,VER-155008,4.309
GDM1,VER-155008,4.36
KE97,VER-155008,4.366
SUDHL5,VER-155008,4.394
NCIH1568,VER-155008,4.398
NUDUL1,VER-155008,4.443
NCIH1048,VER-155008,4.457
NCIH508,VER-155008,4.473
KM12,VER-155008,4.482
KYSE410,VER-155008,4.529
NCIH1666,VER-155008,4.534
NCIH23,VER-155008,4.577
NCIH2009,VER-155008,4.607
BL70,VER-155008,4.609
SNU175,VER-155008,4.622
NCIH441,VER-155008,4.631
JHUEM2,VER-155008,4.654
HEYA8,VER-155008,4.691
SW48,VER-155008,4.73
OVCAR8,VER-155008,4.781
CALU6,VER-155008,4.789
HEC151,VER-155008,4.814
NCIH2122,VER-155008,4.824
NCIH1963,VER-155008,4.869
SNU840,VER-155008,4.886
SW620,VER-155008,4.887
5637,VER-155008,4.952
OVK18,VER-155008,4.957
NCIH2110,VER-155008,4.977
NCIH1299,VER-155008,4.991
CAPAN2,VER-155008,5.013
NCIH1573,VER-155008,5.015
NCIH1792,VER-155008,5.022
RMUGS,VER-155008,5.051
IGROV1,VER-155008,5.053
RT4,VER-155008,5.062
AGS,VER-155008,5.067
EJM,VER-155008,5.07
HT1080,VER-155008,5.072
EPLC272H,VER-155008,5.072
NCIH1793,VER-155008,5.085
HT29,VER-155008,5.09
EBC1,VER-155008,5.102
LP1,VER-155008,5.106
AMO1,VER-155008,5.117
COLO205,VER-155008,5.122
HARA,VER-155008,5.137
OCILY10,VER-155008,5.146
NCIH1373,VER-155008,5.2
COLO678,VER-155008,5.208
RMGI,VER-155008,5.229
OVKATE,VER-155008,5.25
NCIH358,VER-155008,5.251
KYSE140,VER-155008,5.256
SNU398,VER-155008,5.29
PANC0327,VER-155008,5.324
NCIH28,VER-155008,5.367
NCIH1755,VER-155008,5.369
HT,VER-155008,5.384
RKN,VER-155008,5.393
HCC15,VER-155008,5.412
MFE319,VER-155008,5.413
LXF289,VER-155008,5.44
QGP1,VER-155008,5.45
NCIH1781,VER-155008,5.452
SNUC2A,VER-155008,5.458
HT1376,VER-155008,5.459
RCM1,VER-155008,5.46
HCC2108,VER-155008,5.475
HCC78,VER-155008,5.477
SKMEL28,VER-155008,5.48
NCIH1435,VER-155008,5.481
EFO27,VER-155008,5.527
NCIH1944,VER-155008,5.545
NCIH1694,VER-155008,5.554
NCIH2405,VER-155008,5.574
HT55,VER-155008,5.575
SQ1,VER-155008,5.578
LS513,VER-155008,5.58
CORL23,VER-155008,5.584
SW403,VER-155008,5.586
NCIH727,VER-155008,5.589
LU65,VER-155008,5.599
P3HR1,VER-155008,5.6
LS123,VER-155008,5.611
HEPG2,VER-155008,5.637
UMUC3,VER-155008,5.652
A2780,VER-155008,5.656
PANC1005,VER-155008,5.677
SKMEL5,VER-155008,5.683
NCIH2342,VER-155008,5.694
HSC2,VER-155008,5.698
LCLC97TM1,VER-155008,5.701
SNU1040,VER-155008,5.708
HUPT4,VER-155008,5.714
MCF7,VER-155008,5.715
KP3,VER-155008,5.719
NCIH2030,VER-155008,5.722
HCC4006,VER-155008,5.745
NCIH522,VER-155008,5.747
OVCAR4,VER-155008,5.775
SNU81,VER-155008,5.782
HCC1195,VER-155008,5.785
LOVO,VER-155008,5.785
NCIH1437,VER-155008,5.792
CHAGOK1,VER-155008,5.795
NCIH661,VER-155008,5.798
RERFLCKJ,VER-155008,5.806
NCIH841,VER-155008,5.819
SNUC5,VER-155008,5.819
FU97,VER-155008,5.83
CAL12T,VER-155008,5.831
PATU8902,VER-155008,5.833
VMRCRCW,VER-155008,5.852
LU99,VER-155008,5.854
MKN7,VER-155008,5.861
SHP77,VER-155008,5.862
NCIH2052,VER-155008,5.868
HCC1833,VER-155008,5.869
SNU61,VER-155008,5.872
T3M10,VER-155008,5.877
HEC108,VER-155008,5.884
U937,VER-155008,5.891
A549,VER-155008,5.891
SF295,VER-155008,5.895
SUIT2,VER-155008,5.9
SCC9,VER-155008,5.916
JHOC5,VER-155008,5.92
LS180,VER-155008,5.926
HCC33,VER-155008,5.939
NCIH1930,VER-155008,5.948
SW480,VER-155008,5.952
COV434,VER-155008,5.978
CORL279,VER-155008,5.98
NOMO1,VER-155008,5.993
CORL51,VER-155008,5.997
NCIH1355,VER-155008,6.003
OV90,VER-155008,6.039
NUGC4,VER-155008,6.042
RKO,VER-155008,6.044
KYSE450,VER-155008,6.045
KLE,VER-155008,6.048
CAOV3,VER-155008,6.05
JHOM1,VER-155008,6.059
NCIH2286,VER-155008,6.062
SKLU1,VER-155008,6.062
HT115,VER-155008,6.071
SKCO1,VER-155008,6.08
LC1SQSF,VER-155008,6.087
G401,VER-155008,6.093
NCIH460,VER-155008,6.097
CL34,VER-155008,6.101
HPAC,VER-155008,6.106
SNGM,VER-155008,6.114
MKN74,VER-155008,6.131
KMBC2,VER-155008,6.148
SNUC4,VER-155008,6.162
LCLC103H,VER-155008,6.186
SKMEL1,VER-155008,6.223
OV7,VER-155008,6.225
NCIH2081,VER-155008,6.233
HEC6,VER-155008,6.259
COLO668,VER-155008,6.261
COLO741,VER-155008,6.284
COV644,VER-155008,6.287
MC116,VER-155008,6.306
VMRCLCD,VER-155008,6.309
NCIH1876,VER-155008,6.333
HS944T,VER-155008,6.346
MDST8,VER-155008,6.366
NCIH2023,VER-155008,6.367
SH10TC,VER-155008,6.368
LS411N,VER-155008,6.38
NCIH1836,VER-155008,6.392
ISHIKAWAHERAKLIO02ER,VER-155008,6.427
HEC251,VER-155008,6.441
SCLC21H,VER-155008,6.442
COV362,VER-155008,6.472
SW948,VER-155008,6.477
CL40,VER-155008,6.478
OVMANA,VER-155008,6.483
HEC265,VER-155008,6.487
BEN,VER-155008,6.504
EFO21,VER-155008,6.508
NCIH2172,VER-155008,6.511
NCIH810,VER-155008,6.524
CALU3,VER-155008,6.543
SNU449,VER-155008,6.544
G361,VER-155008,6.546
U2OS,VER-155008,6.549
OAW42,VER-155008,6.56
HS936T,VER-155008,6.586
HCC1359,VER-155008,6.588
CFPAC1,VER-155008,6.607
A375,VER-155008,6.625
DV90,VER-155008,6.697
DLD1,VER-155008,6.709
NCIH650,VER-155008,6.71
HEC59,VER-155008,6.735
RCC10RGB,VER-155008,6.743
HCT8,VER-155008,6.745
KNS62,VER-155008,6.772
DMS273,VER-155008,6.777
PC3,VER-155008,6.837
NCIH2029,VER-155008,6.837
C2BBE1,VER-155008,6.893
GP2D,VER-155008,6.899
NCIH1915,VER-155008,6.911
CW2,VER-155008,6.911
HS852T,VER-155008,6.919
CORL88,VER-155008,6.951
JHH6,VER-155008,6.957
GAMG,VER-155008,6.983
NCIH2141,VER-155008,6.987
SKOV3,VER-155008,6.992
LN229,VER-155008,7.069
JHOS4,VER-155008,7.104
COV318,VER-155008,7.231
COLO320,VER-155008,7.24
NCIH2126,VER-155008,7.308
NCIH1105,VER-155008,7.617
CORL51,vorinostat,0.2
SCLC21H,vorinostat,0.413
SUDHL5,vorinostat,0.443
KMS11,vorinostat,0.447
NCIH1963,vorinostat,0.534
NUDUL1,vorinostat,0.563
NOMO1,vorinostat,0.6
SKM1,vorinostat,0.604
OCIAML3,vorinostat,0.7
MOLM16,vorinostat,0.776
PL21,vorinostat,0.779
NCIH1694,vorinostat,0.837
GDM1,vorinostat,0.903
WSUDLCL2,vorinostat,0.93
BL70,vorinostat,0.972
THP1,vorinostat,0.99
EJM,vorinostat,1.015
U937,vorinostat,1.066
KE97,vorinostat,1.07
OVCAR8,vorinostat,1.112
SW948,vorinostat,1.117
NCIH1105,vorinostat,1.123
VMRCLCD,vorinostat,1.127
RPMI8226,vorinostat,1.129
HCC33,vorinostat,1.181
NCIH2081,vorinostat,1.231
OVKATE,vorinostat,1.238
HEC151,vorinostat,1.258
NCIH810,vorinostat,1.269
CORL88,vorinostat,1.292
LS180,vorinostat,1.296
OCILY10,vorinostat,1.304
AGS,vorinostat,1.373
NCIH82,vorinostat,1.381
SNU175,vorinostat,1.384
HEC6,vorinostat,1.387
HT115,vorinostat,1.396
NCIH1836,vorinostat,1.432
NCIH508,vorinostat,1.461
NUGC4,vorinostat,1.463
RCM1,vorinostat,1.469
CORL279,vorinostat,1.513
MC116,vorinostat,1.514
EFO27,vorinostat,1.526
LP1,vorinostat,1.538
HCT116,vorinostat,1.575
NCIH2009,vorinostat,1.625
ISHIKAWAHERAKLIO02ER,vorinostat,1.636
LOVO,vorinostat,1.645
NCIH1876,vorinostat,1.722
FU97,vorinostat,1.762
SUDHL4,vorinostat,1.775
CORL23,vorinostat,1.788
P3HR1,vorinostat,1.795
HCT8,vorinostat,1.807
OVK18,vorinostat,1.837
SW48,vorinostat,1.846
MCF7,vorinostat,1.847
SNUC4,vorinostat,1.88
RMGI,vorinostat,1.913
JHOM1,vorinostat,1.914
JHOC5,vorinostat,1.927
A2780,vorinostat,1.93
GP2D,vorinostat,1.962
SKMEL5,vorinostat,1.975
NCIH2126,vorinostat,1.986
G401,vorinostat,2.035
HT,vorinostat,2.04
CW2,vorinostat,2.045
COV434,vorinostat,2.07
DMS273,vorinostat,2.073
G361,vorinostat,2.085
NCIH1568,vorinostat,2.087
U2OS,vorinostat,2.093
AMO1,vorinostat,2.097
IGROV1,vorinostat,2.098
HEPG2,vorinostat,2.102
HCC1195,vorinostat,2.152
KU812,vorinostat,2.171
HCC78,vorinostat,2.204
EBC1,vorinostat,2.214
RMUGS,vorinostat,2.216
COLO205,vorinostat,2.219
CL34,vorinostat,2.241
NCIH2122,vorinostat,2.243
SQ1,vorinostat,2.245
HCC2108,vorinostat,2.279
LS411N,vorinostat,2.284
NCIH2141,vorinostat,2.31
NCIH23,vorinostat,2.321
MFE319,vorinostat,2.333
COV644,vorinostat,2.343
NCIH2029,vorinostat,2.35
SNUC5,vorinostat,2.361
LC1SQSF,vorinostat,2.367
5637,vorinostat,2.433
NCIH1435,vorinostat,2.44
MSTO211H,vorinostat,2.454
NCIH28,vorinostat,2.559
LS513,vorinostat,2.566
KM12,vorinostat,2.568
BEN,vorinostat,2.588
HCC1833,vorinostat,2.612
C2BBE1,vorinostat,2.614
JHUEM2,vorinostat,2.629
LXF289,vorinostat,2.649
NCIH1930,vorinostat,2.659
HCC15,vorinostat,2.673
NCIH596,vorinostat,2.684
A375,vorinostat,2.705
TYKNU,vorinostat,2.706
NCIH661,vorinostat,2.707
OV90,vorinostat,2.781
A549,vorinostat,2.795
NCIH1975,vorinostat,2.802
HCC827,vorinostat,2.807
RERFLCKJ,vorinostat,2.839
HEC265,vorinostat,2.861
HT55,vorinostat,2.865
RT4,vorinostat,2.88
MDST8,vorinostat,2.885
NCIH1666,vorinostat,2.889
HEC59,vorinostat,2.893
SHP77,vorinostat,2.92
PC3,vorinostat,2.924
NCIH522,vorinostat,2.925
OVCAR4,vorinostat,2.93
HT1376,vorinostat,2.937
PATU8902,vorinostat,2.96
LCLC103H,vorinostat,2.983
NCIH1944,vorinostat,2.988
HS936T,vorinostat,3.015
HCC44,vorinostat,3.04
DLD1,vorinostat,3.047
SCC9,vorinostat,3.107
SKMEL1,vorinostat,3.162
KP3,vorinostat,3.169
HT1080,vorinostat,3.185
NCIH2286,vorinostat,3.218
LS123,vorinostat,3.244
SNU840,vorinostat,3.251
CALU3,vorinostat,3.274
NCIH1437,vorinostat,3.303
HUPT4,vorinostat,3.303
HEC108,vorinostat,3.307
RKN,vorinostat,3.307
HCC4006,vorinostat,3.307
NCIH1781,vorinostat,3.324
LU99,vorinostat,3.341
NCIH1048,vorinostat,3.373
HEYA8,vorinostat,3.378
NCIH1915,vorinostat,3.382
LCLC97TM1,vorinostat,3.408
CAL12T,vorinostat,3.409
PANC1005,vorinostat,3.409
KYSE410,vorinostat,3.41
QGP1,vorinostat,3.447
SNU398,vorinostat,3.462
NCIH841,vorinostat,3.468
KNS62,vorinostat,3.469
SNU1040,vorinostat,3.501
NCIH441,vorinostat,3.51
COLO668,vorinostat,3.517
HT29,vorinostat,3.52
KMBC2,vorinostat,3.521
NCIH358,vorinostat,3.552
KLE,vorinostat,3.574
RCC10RGB,vorinostat,3.575
SNU61,vorinostat,3.585
HSC2,vorinostat,3.596
RKO,vorinostat,3.614
SF295,vorinostat,3.648
VMRCRCW,vorinostat,3.656
SNU81,vorinostat,3.659
COLO678,vorinostat,3.68
NCIH1755,vorinostat,3.722
SNU449,vorinostat,3.746
HS852T,vorinostat,3.754
SW480,vorinostat,3.761
T3M10,vorinostat,3.768
NCIH2172,vorinostat,3.773
SW620,vorinostat,3.783
SKCO1,vorinostat,3.79
HS944T,vorinostat,3.804
SUIT2,vorinostat,3.83
KYSE140,vorinostat,3.888
NCIH2342,vorinostat,3.902
MKN74,vorinostat,3.913
NCIH727,vorinostat,3.924
SNGM,vorinostat,3.925
NCIH1573,vorinostat,3.954
COLO741,vorinostat,3.963
HCC1359,vorinostat,4.009
SKOV3,vorinostat,4.025
HEC251,vorinostat,4.035
SNUC2A,vorinostat,4.078
LN229,vorinostat,4.086
CALU6,vorinostat,4.099
HCC2935,vorinostat,4.109
CFPAC1,vorinostat,4.115
NCIH1373,vorinostat,4.123
NCIH2052,vorinostat,4.15
NCIH1792,vorinostat,4.201
EPLC272H,vorinostat,4.204
NCIH2405,vorinostat,4.274
CHAGOK1,vorinostat,4.299
GAMG,vorinostat,4.37
NCIH1299,vorinostat,4.46
KYSE450,vorinostat,4.463
NCIH2110,vorinostat,4.482
CAPAN2,vorinostat,4.482
NCIH460,vorinostat,4.484
NCIH1355,vorinostat,4.486
DV90,vorinostat,4.498
CL40,vorinostat,4.499
MKN7,vorinostat,4.512
HARA,vorinostat,4.53
SH10TC,vorinostat,4.556
UMUC3,vorinostat,4.614
NCIH3255,vorinostat,4.622
OVMANA,vorinostat,4.625
OV7,vorinostat,4.691
PANC0327,vorinostat,4.733
SKLU1,vorinostat,4.762
JHOS4,vorinostat,4.811
NCIH2030,vorinostat,4.895
NCIH650,vorinostat,4.914
OAW42,vorinostat,4.969
HPAC,vorinostat,5.085
SW403,vorinostat,5.131
COV318,vorinostat,5.144
CAOV3,vorinostat,5.268
NCIH2023,vorinostat,5.398
LU65,vorinostat,5.429
SKMEL28,vorinostat,5.568
EFO21,vorinostat,5.668
NCIH1793,vorinostat,5.734
JHH6,vorinostat,5.789
COV362,vorinostat,5.872
COV644,WT-161,1.695
CAOV3,WT-161,1.932
NCIH1963,WT-161,2.102
LS180,WT-161,2.162
NCIH28,WT-161,2.168
KP3,WT-161,2.2
NUGC4,WT-161,2.287
FU97,WT-161,2.318
HCC4006,WT-161,2.344
U937,WT-161,2.565
GP2D,WT-161,2.619
JHOS4,WT-161,2.631
SH10TC,WT-161,2.812
NCIH82,WT-161,2.972
NUDUL1,WT-161,3.158
NOMO1,WT-161,3.244
OVKATE,WT-161,3.245
WSUDLCL2,WT-161,3.254
NCIH1694,WT-161,3.261
MCF7,WT-161,3.283
VMRCLCD,WT-161,3.321
G401,WT-161,3.357
CORL88,WT-161,3.389
SCLC21H,WT-161,3.396
ISHIKAWAHERAKLIO02ER,WT-161,3.444
HT115,WT-161,3.511
KE97,WT-161,3.572
OCIAML3,WT-161,3.61
GDM1,WT-161,3.641
RCM1,WT-161,3.67
NCIH810,WT-161,3.694
NCIH1568,WT-161,3.751
NCIH23,WT-161,3.783
SW48,WT-161,3.787
HT55,WT-161,3.804
SKM1,WT-161,3.823
BL70,WT-161,3.83
HEPG2,WT-161,3.838
JHOM1,WT-161,3.866
NCIH1573,WT-161,3.877
NCIH508,WT-161,3.91
MOLM16,WT-161,3.929
OVCAR4,WT-161,3.939
KMS11,WT-161,3.965
SUDHL5,WT-161,3.983
NCIH2009,WT-161,4.002
HCT116,WT-161,4.022
HCC78,WT-161,4.054
NCIH1836,WT-161,4.098
CORL279,WT-161,4.107
LS513,WT-161,4.161
CW2,WT-161,4.182
JHUEM2,WT-161,4.184
EBC1,WT-161,4.194
SNU61,WT-161,4.207
HEC251,WT-161,4.218
OVK18,WT-161,4.228
NCIH1876,WT-161,4.239
HEC6,WT-161,4.261
SNU175,WT-161,4.295
COLO205,WT-161,4.312
NCIH1666,WT-161,4.331
RMUGS,WT-161,4.343
EFO21,WT-161,4.351
NCIH1373,WT-161,4.385
DMS273,WT-161,4.39
HEC265,WT-161,4.425
NCIH522,WT-161,4.426
CORL51,WT-161,4.443
G361,WT-161,4.447
RKN,WT-161,4.447
HEC151,WT-161,4.461
MFE319,WT-161,4.472
HCC15,WT-161,4.475
RPMI8226,WT-161,4.484
PL21,WT-161,4.495
NCIH2029,WT-161,4.537
NCIH596,WT-161,4.544
MSTO211H,WT-161,4.547
COV434,WT-161,4.551
OVCAR8,WT-161,4.561
NCIH1437,WT-161,4.573
NCIH2122,WT-161,4.58
PANC1005,WT-161,4.598
NCIH1944,WT-161,4.611
OAW42,WT-161,4.636
KU812,WT-161,4.641
RT4,WT-161,4.642
NCIH2405,WT-161,4.651
IGROV1,WT-161,4.667
COLO668,WT-161,4.673
HT,WT-161,4.678
CAPAN2,WT-161,4.696
OV90,WT-161,4.741
NCIH1105,WT-161,4.743
EJM,WT-161,4.768
NCIH3255,WT-161,4.8
NCIH1048,WT-161,4.817
NCIH2342,WT-161,4.821
HEC59,WT-161,4.832
HUPT4,WT-161,4.836
NCIH2081,WT-161,4.841
HCC1359,WT-161,4.852
COLO741,WT-161,4.864
CL34,WT-161,4.865
LOVO,WT-161,4.866
THP1,WT-161,4.893
SW480,WT-161,4.904
NCIH1435,WT-161,4.941
SNU398,WT-161,4.948
SUDHL4,WT-161,4.966
HCC33,WT-161,4.984
NCIH661,WT-161,4.999
P3HR1,WT-161,5.015
HT1376,WT-161,5.032
HCT8,WT-161,5.039
A549,WT-161,5.057
NCIH2286,WT-161,5.089
TYKNU,WT-161,5.165
SUIT2,WT-161,5.171
PC3,WT-161,5.178
LCLC97TM1,WT-161,5.193
HEYA8,WT-161,5.194
LS123,WT-161,5.202
NCIH1975,WT-161,5.205
COV362,WT-161,5.215
LU99,WT-161,5.242
LP1,WT-161,5.257
HSC2,WT-161,5.258
HCC1195,WT-161,5.27
A2780,WT-161,5.313
LXF289,WT-161,5.331
LS411N,WT-161,5.338
EFO27,WT-161,5.373
LC1SQSF,WT-161,5.38
5637,WT-161,5.392
LN229,WT-161,5.448
U2OS,WT-161,5.457
MC116,WT-161,5.473
COLO320,WT-161,5.474
NCIH441,WT-161,5.487
C2BBE1,WT-161,5.49
DLD1,WT-161,5.521
HEC108,WT-161,5.557
NCIH1930,WT-161,5.569
SNU840,WT-161,5.585
NCIH2110,WT-161,5.593
SHP77,WT-161,5.616
QGP1,WT-161,5.628
SQ1,WT-161,5.64
SKMEL5,WT-161,5.65
CALU6,WT-161,5.668
CALU3,WT-161,5.669
SNU81,WT-161,5.676
A375,WT-161,5.692
SNUC4,WT-161,5.698
KNS62,WT-161,5.698
VMRCRCW,WT-161,5.7
SNUC2A,WT-161,5.705
KYSE140,WT-161,5.706
CFPAC1,WT-161,5.717
CHAGOK1,WT-161,5.723
NCIH1755,WT-161,5.737
HCC44,WT-161,5.756
KYSE410,WT-161,5.765
NCIH1355,WT-161,5.783
MKN7,WT-161,5.785
NCIH1792,WT-161,5.789
CORL23,WT-161,5.797
SNUC5,WT-161,5.821
NCIH2141,WT-161,5.829
RERFLCKJ,WT-161,5.83
KMBC2,WT-161,5.834
UMUC3,WT-161,5.842
HS852T,WT-161,5.848
T3M10,WT-161,5.856
NCIH2126,WT-161,5.869
SW620,WT-161,5.882
HT1080,WT-161,5.888
NCIH1299,WT-161,5.892
HCC2935,WT-161,5.892
CAL12T,WT-161,5.896
HS936T,WT-161,5.898
NCIH358,WT-161,5.924
NCIH650,WT-161,5.935
SW948,WT-161,5.947
BEN,WT-161,5.957
PATU8902,WT-161,5.983
JHOC5,WT-161,6.005
NCIH727,WT-161,6.006
HCC827,WT-161,6.008
SKCO1,WT-161,6.017
KM12,WT-161,6.018
HS944T,WT-161,6.022
HCC2108,WT-161,6.022
OCILY10,WT-161,6.025
SNU449,WT-161,6.035
COLO678,WT-161,6.042
KLE,WT-161,6.058
LCLC103H,WT-161,6.064
SKMEL1,WT-161,6.081
MKN74,WT-161,6.113
SKOV3,WT-161,6.134
PANC0327,WT-161,6.14
HCC1833,WT-161,6.146
RMGI,WT-161,6.177
LU65,WT-161,6.193
GAMG,WT-161,6.231
SNGM,WT-161,6.237
NCIH841,WT-161,6.24
OVMANA,WT-161,6.24
COV318,WT-161,6.268
RKO,WT-161,6.272
HPAC,WT-161,6.28
NCIH2052,WT-161,6.284
DV90,WT-161,6.297
RCC10RGB,WT-161,6.311
EPLC272H,WT-161,6.312
NCIH1781,WT-161,6.315
AGS,WT-161,6.333
KYSE450,WT-161,6.344
NCIH2023,WT-161,6.379
HARA,WT-161,6.38
CL40,WT-161,6.382
SNU1040,WT-161,6.47
SW403,WT-161,6.474
HT29,WT-161,6.476
NCIH1793,WT-161,6.492
SF295,WT-161,6.52
MDST8,WT-161,6.601
NCIH460,WT-161,6.625
NCIH1915,WT-161,6.674
SKLU1,WT-161,6.767
AMO1,WT-161,6.769
NCIH2172,WT-161,6.797
SCC9,WT-161,6.809
SKMEL28,WT-161,6.851
OV7,WT-161,6.935
NCIH2030,WT-161,7.045
JHH6,WT-161,7.128
NUDUL1,YK 4-279,0.954
SKM1,YK 4-279,1.182
SUDHL5,YK 4-279,1.394
MOLM16,YK 4-279,1.419
WSUDLCL2,YK 4-279,1.862
U937,YK 4-279,1.938
JHUEM2,YK 4-279,2.101
GDM1,YK 4-279,2.116
OCIAML3,YK 4-279,2.473
PL21,YK 4-279,2.581
NOMO1,YK 4-279,2.688
THP1,YK 4-279,2.706
NCIH596,YK 4-279,2.917
RPMI8226,YK 4-279,2.93
RKO,YK 4-279,2.997
A375,YK 4-279,3.046
HT115,YK 4-279,3.27
LOVO,YK 4-279,3.311
NCIH2122,YK 4-279,3.436
RMUGS,YK 4-279,3.655
HCT116,YK 4-279,3.718
SUDHL4,YK 4-279,3.752
NCIH508,YK 4-279,3.769
HCC15,YK 4-279,3.828
CL34,YK 4-279,3.832
HT1080,YK 4-279,4.12
CAOV3,YK 4-279,4.229
MDST8,YK 4-279,4.277
SKMEL5,YK 4-279,4.398
SNU1040,YK 4-279,4.466
SW620,YK 4-279,4.481
LN229,YK 4-279,4.55
NCIH1781,YK 4-279,4.601
T3M10,YK 4-279,4.639
SKLU1,YK 4-279,4.764
OV90,YK 4-279,4.831
CL40,YK 4-279,4.887
SKMEL1,YK 4-279,4.944
HCT8,YK 4-279,5.084
TYKNU,YK 4-279,5.088
NCIH1755,YK 4-279,5.138
HT55,YK 4-279,5.181
SNU840,YK 4-279,5.186
NCIH441,YK 4-279,5.253
RCM1,YK 4-279,5.383
NCIH460,YK 4-279,5.465
COV644,YK 4-279,5.519
SW480,YK 4-279,5.667
OV7,YK 4-279,5.779
LS123,YK 4-279,5.869
COLO678,YK 4-279,6.089
HT29,YK 4-279,6.239
SKMEL28,YK 4-279,7.786
NCIH841,YM-155,0.076
SUDHL5,YM-155,0.089
HCC1195,YM-155,0.103
HEC151,YM-155,0.104
OCILY10,YM-155,0.114
RPMI8226,YM-155,0.128
OVCAR4,YM-155,0.151
EJM,YM-155,0.192
CORL51,YM-155,0.237
JHOC5,YM-155,0.243
NCIH1105,YM-155,0.249
OVK18,YM-155,0.27
NUDUL1,YM-155,0.282
LS180,YM-155,0.302
SNU81,YM-155,0.308
LS123,YM-155,0.358
AMO1,YM-155,0.373
NCIH1694,YM-155,0.382
SUDHL4,YM-155,0.39
NCIH1876,YM-155,0.396
AGS,YM-155,0.434
HCT116,YM-155,0.436
SNUC5,YM-155,0.48
COV434,YM-155,0.486
WSUDLCL2,YM-155,0.527
SW480,YM-155,0.553
OVCAR8,YM-155,0.558
SCLC21H,YM-155,0.627
EFO27,YM-155,0.659
NCIH1963,YM-155,0.681
JHOM1,YM-155,0.695
SCC9,YM-155,0.722
KMS11,YM-155,0.726
HCC2108,YM-155,0.73
LP1,YM-155,0.872
SNU398,YM-155,0.888
NCIH2081,YM-155,0.894
IGROV1,YM-155,0.954
COV362,YM-155,0.98
NCIH2141,YM-155,0.984
CORL23,YM-155,1.01
JHUEM2,YM-155,1.035
SKMEL5,YM-155,1.046
CAL12T,YM-155,1.073
HCC827,YM-155,1.075
TYKNU,YM-155,1.135
NCIH3255,YM-155,1.158
RKN,YM-155,1.232
SNU840,YM-155,1.24
NCIH441,YM-155,1.373
SNU61,YM-155,1.439
RMGI,YM-155,1.467
SKM1,YM-155,1.506
NCIH2342,YM-155,1.569
MDST8,YM-155,1.672
OVKATE,YM-155,1.711
HT1080,YM-155,1.727
HCC4006,YM-155,1.75
A2780,YM-155,1.771
SQ1,YM-155,1.864
RMUGS,YM-155,1.882
SNU1040,YM-155,1.913
HCC15,YM-155,1.953
U2OS,YM-155,2.026
OV90,YM-155,2.054
SKLU1,YM-155,2.081
A375,YM-155,2.099
MCF7,YM-155,2.14
OCIAML3,YM-155,2.149
NCIH2172,YM-155,2.188
SW620,YM-155,2.204
HCC1359,YM-155,2.211
NCIH1781,YM-155,2.307
NCIH2023,YM-155,2.386
SNU175,YM-155,2.393
RKO,YM-155,2.49
THP1,YM-155,2.563
NCIH596,YM-155,2.699
COV644,YM-155,2.882
LN229,YM-155,2.904
HT29,YM-155,2.929
RCM1,YM-155,2.934
COLO678,YM-155,3.177
SKMEL28,YM-155,3.248
NCIH1755,YM-155,3.459
NCIH508,YM-155,3.727
OV7,YM-155,3.756
NCIH2030,YM-155,3.782
PL21,YM-155,3.79
HEPG2,YM-155,3.825
NCIH1836,YM-155,3.846
CL40,YM-155,3.89
KM12,YM-155,3.934
NCIH460,YM-155,4.064
U937,YM-155,4.155
NOMO1,YM-155,4.18
OAW42,YM-155,4.256
MOLM16,YM-155,4.368
CAOV3,YM-155,4.527
CL34,YM-155,4.528
SKMEL1,YM-155,4.799
NCIH2122,YM-155,4.84
HCC2935,YM-155,4.89
NCIH2110,YM-155,4.992
HCC1833,YM-155,5.402
HT55,YM-155,5.515
LOVO,YM-155,5.536
COLO320,YM-155,5.545
GDM1,YM-155,5.789
T3M10,YM-155,6.047
HT115,YM-155,6.301
SW948,YM-155,6.598
SNUC4,YM-155,6.62
CW2,YM-155,6.674
HCT8,YM-155,6.888
RCC10RGB,YM-155,7.289
KMS11,zebularine,0.654
SNUC4,zebularine,2.063
SKM1,zebularine,2.157
THP1,zebularine,2.296
U937,zebularine,2.313
HEC151,zebularine,2.584
NUDUL1,zebularine,2.599
SNU398,zebularine,2.715
SUDHL5,zebularine,2.748
SNU81,zebularine,2.874
SNU175,zebularine,2.916
RPMI8226,zebularine,3.075
LP1,zebularine,3.14
NCIH1963,zebularine,3.265
AMO1,zebularine,3.349
LS180,zebularine,3.608
COLO320,zebularine,3.796
CW2,zebularine,3.812
NCIH2122,zebularine,4.066
NCIH1876,zebularine,4.203
WSUDLCL2,zebularine,4.274
JHOC5,zebularine,4.528
A2780,zebularine,4.715
NCIH596,zebularine,4.743
SCLC21H,zebularine,4.761
NCIH1781,zebularine,4.811
OCILY10,zebularine,4.84
HCC2108,zebularine,4.858
AGS,zebularine,4.901
JHUEM2,zebularine,4.908
MOLM16,zebularine,4.917
NCIH841,zebularine,5.015
NOMO1,zebularine,5.168
A375,zebularine,5.213
COV362,zebularine,5.217
NCIH2110,zebularine,5.228
KM12,zebularine,5.449
NCIH1694,zebularine,5.454
OVCAR8,zebularine,5.501
TYKNU,zebularine,5.549
SNU1040,zebularine,5.584
RKN,zebularine,5.6
NCIH441,zebularine,5.6
NCIH2081,zebularine,5.73
OV90,zebularine,5.764
COLO678,zebularine,5.771
HCC827,zebularine,5.803
SQ1,zebularine,5.842
SNU61,zebularine,5.872
RMGI,zebularine,5.877
OVK18,zebularine,5.888
PL21,zebularine,5.9
OVKATE,zebularine,5.958
SW620,zebularine,6.007
OVCAR4,zebularine,6.015
LN229,zebularine,6.028
U2OS,zebularine,6.042
RMUGS,zebularine,6.092
SNU840,zebularine,6.114
JHOM1,zebularine,6.135
COV434,zebularine,6.17
NCIH2023,zebularine,6.202
HT1080,zebularine,6.257
IGROV1,zebularine,6.298
SW948,zebularine,6.38
EJM,zebularine,6.481
GDM1,zebularine,6.494
HT115,zebularine,6.507
OCIAML3,zebularine,6.554
T3M10,zebularine,6.579
HCC4006,zebularine,6.581
SCC9,zebularine,6.594
CORL23,zebularine,6.648
SNUC5,zebularine,6.671
HCC1359,zebularine,6.698
NCIH460,zebularine,6.711
HCT116,zebularine,6.748
RCM1,zebularine,6.748
OV7,zebularine,6.752
NCIH2172,zebularine,6.781
MCF7,zebularine,6.79
SKMEL1,zebularine,6.813
RKO,zebularine,6.823
HCC2935,zebularine,6.859
LOVO,zebularine,6.908
SW480,zebularine,6.91
CAOV3,zebularine,6.931
SKLU1,zebularine,6.957
HCC15,zebularine,7.01
COV644,zebularine,7.012
CAL12T,zebularine,7.111
EFO27,zebularine,7.111
NCIH508,zebularine,7.123
CL40,zebularine,7.135
HCC1833,zebularine,7.152
LS123,zebularine,7.161
SUDHL4,zebularine,7.197
NCIH2342,zebularine,7.204
NCIH1755,zebularine,7.254
NCIH2030,zebularine,7.275
HCC1195,zebularine,7.336
HT55,zebularine,7.428
MDST8,zebularine,7.499
CL34,zebularine,7.587
HCT8,zebularine,7.602
SKMEL5,zebularine,7.617
NCIH1836,zebularine,7.827
RCC10RGB,zebularine,8.026
CORL51,zebularine,8.149
NCIH1105,zebularine,8.183
SKMEL28,zebularine,8.228
HT29,zebularine,8.398
OAW42,zebularine,8.504
NCIH2141,zebularine,8.828
HEPG2,zebularine,9.153
NCIH3255,zebularine,10.446
SKM1,ZM336372,2.744
KMS11,ZM336372,3.244
SCLC21H,ZM336372,3.623
NCIH2081,ZM336372,3.741
NCIH1836,ZM336372,3.866
OVCAR4,ZM336372,3.99
OCIAML3,ZM336372,4.2
OV90,ZM336372,4.404
SW480,ZM336372,4.43
OVCAR8,ZM336372,4.47
SW620,ZM336372,4.499
HCC2108,ZM336372,4.515
HEC151,ZM336372,4.547
COLO320,ZM336372,4.577
NCIH2342,ZM336372,4.606
NCIH1694,ZM336372,4.686
LS180,ZM336372,4.692
A2780,ZM336372,4.755
GDM1,ZM336372,4.802
HCT116,ZM336372,4.815
NCIH1876,ZM336372,4.821
LP1,ZM336372,4.838
HCC1195,ZM336372,4.858
HCC4006,ZM336372,4.859
RMUGS,ZM336372,4.869
PL21,ZM336372,4.879
RPMI8226,ZM336372,4.946
LOVO,ZM336372,4.969
HCC15,ZM336372,4.982
NCIH2110,ZM336372,5.006
COV434,ZM336372,5.006
TYKNU,ZM336372,5.038
U937,ZM336372,5.073
NCIH596,ZM336372,5.073
NCIH2141,ZM336372,5.152
RKN,ZM336372,5.158
SNU81,ZM336372,5.168
NCIH2122,ZM336372,5.187
MCF7,ZM336372,5.229
NCIH441,ZM336372,5.244
SNU398,ZM336372,5.244
SNUC5,ZM336372,5.244
WSUDLCL2,ZM336372,5.254
AMO1,ZM336372,5.258
NCIH1963,ZM336372,5.277
HT115,ZM336372,5.344
RCM1,ZM336372,5.377
HCC1833,ZM336372,5.387
CAL12T,ZM336372,5.401
NCIH841,ZM336372,5.428
RMGI,ZM336372,5.431
SNUC4,ZM336372,5.499
SKMEL1,ZM336372,5.5
JHOC5,ZM336372,5.532
HCC2935,ZM336372,5.572
JHOM1,ZM336372,5.616
NCIH2172,ZM336372,5.656
LS123,ZM336372,5.66
SNU61,ZM336372,5.66
RKO,ZM336372,5.669
CL34,ZM336372,5.679
SUDHL4,ZM336372,5.691
EJM,ZM336372,5.698
SKMEL5,ZM336372,5.721
A375,ZM336372,5.779
COV644,ZM336372,5.816
NCIH1105,ZM336372,5.84
KM12,ZM336372,5.842
IGROV1,ZM336372,5.86
HT29,ZM336372,5.868
OVK18,ZM336372,5.895
THP1,ZM336372,5.908
SQ1,ZM336372,5.915
HEPG2,ZM336372,5.925
HCT8,ZM336372,5.952
NCIH508,ZM336372,5.966
JHUEM2,ZM336372,5.993
HT55,ZM336372,6.014
SKLU1,ZM336372,6.084
HCC827,ZM336372,6.107
SNU840,ZM336372,6.163
NCIH1755,ZM336372,6.181
COLO678,ZM336372,6.182
AGS,ZM336372,6.203
SNU1040,ZM336372,6.294
CW2,ZM336372,6.296
OV7,ZM336372,6.303
NOMO1,ZM336372,6.324
EFO27,ZM336372,6.332
NCIH2023,ZM336372,6.341
SW948,ZM336372,6.383
OVKATE,ZM336372,6.385
HT1080,ZM336372,6.539
COV362,ZM336372,6.6
NCIH460,ZM336372,6.645
OCILY10,ZM336372,6.721
NCIH2030,ZM336372,6.746
T3M10,ZM336372,6.809
LN229,ZM336372,6.867
CORL23,ZM336372,6.877
CL40,ZM336372,6.887
SKMEL28,ZM336372,6.894
CORL51,ZM336372,6.906
NCIH1781,ZM336372,6.986
OAW42,ZM336372,7.03
MDST8,ZM336372,7.06
CAOV3,ZM336372,7.201
RCC10RGB,ZM336372,7.232
SCC9,ZM336372,7.3
SUDHL5,ZM336372,7.432
SNU175,ZM336372,7.657
MOLM16,ZM336372,7.741
NCIH3255,ZM336372,8.395
HCC1359,ZM336372,8.586
NUDUL1,ZM336372,15.719
